상영일자,상영관,1회,2회,좌석수
2017-07-05,01관,"01:20,  달콤한 섹스(디지털)","22:30,  달콤한 섹스(디지털)",90
2017-07-06,01관,"01:20,  달콤한 섹스(디지털),  20,000원","22:50,  스파이더맨: 홈 커밍(디지털),  20,000원",90
2017-07-07,01관,"01:30,  음란 기생 - 무삭제판(디지털)",,90
2017-07-08,01관,"00:40,  스파이더맨: 홈 커밍(디지털)","23:10,  스파이더맨: 홈 커밍(디지털),  20,000원",90
2017-07-09,01관,"01:30,  음란 기생 - 무삭제판(디지털)",,90
2017-07-10,01관,"01:30,  음란 기생 - 무삭제판(디지털)",,90
2017-07-11,01관,"01:30,  음란 기생 - 무삭제판(디지털),  20,000원",,90
2017-07-12,01관,"20:20,  스파이더맨: 홈 커밍(디지털),  20,000원","22:50,  스파이더맨: 홈 커밍(디지털)",90
2017-07-13,01관,"01:30,  육체인터뷰(디지털)","22:50,  스파이더맨: 홈 커밍(디지털)",90
2017-07-14,01관,"01:30,  육체인터뷰(디지털),  20,000원",,90
2017-07-15,01관,"01:50,  비스티걸스(디지털),  20,000원","24:50,  스파이더맨: 홈 커밍(디지털),  20,000원",90
2017-07-16,01관,"01:50,  비스티걸스(디지털),  20,000원",,90
2017-07-17,01관,"01:50,  비스티걸스(디지털),  20,000원",,90
2017-07-18,01관,"01:50,  비스티걸스(디지털),  20,000원",,90
2017-07-19,01관,"01:50,  비스티걸스(디지털),  20,000원",,90
2017-07-20,01관,"01:30,  착한 엄마 친구(디지털),  20,000원","24:50,  옥자(디지털)",90
2017-07-21,01관,"20:20,  옥자(디지털),  20,000원","24:50,  옥자(디지털)",90
2017-07-22,01관,"20:20,  옥자(디지털),  20,000원","24:50,  옥자(디지털)",90
2017-07-23,01관,"20:20,  옥자(디지털),  20,000원","24:50,  옥자(디지털)",90
2017-07-24,01관,"20:20,  옥자(디지털),  20,000원",,90
2017-07-25,01관,"20:20,  옥자(디지털),  20,000원",,90
2017-07-26,01관,"20:10,  군함도(디지털),  20,000원","22:35,  군함도(디지털)",90
2017-07-27,01관,"01:30,  시암(디지털),  20,000원","22:35,  군함도(디지털),  20,000원",90
2017-07-28,01관,"02:30,  시암(디지털)","15:30,  시암(디지털),  20,000원",90
2017-07-29,01관,"02:30,  시암(디지털)","22:35,  군함도(디지털),  20,000원",90
2017-07-30,01관,"02:30,  시암(디지털)","22:35,  군함도(디지털),  20,000원",90
2017-07-31,01관,"01:30,  100미터(디지털),  20,000원","22:35,  군함도(디지털),  17,000원",90
2017-08-01,01관,"02:30,  다이노소어 아일랜드(디지털),  20,000원","24:55,  택시운전사(디지털)",90
2017-08-02,01관,"20:00,  택시운전사(디지털),  20,000원","24:55,  택시운전사(디지털),  17,000원",90
2017-08-03,01관,"01:30,  툼디: 부러진 검의 전설(디지털),  20,000원","24:55,  택시운전사(디지털),  17,000원",90
2017-08-04,01관,"20:00,  택시운전사(디지털),  20,000원","24:55,  택시운전사(디지털),  20,000원",90
2017-08-05,01관,"20:00,  택시운전사(디지털),  20,000원","24:55,  택시운전사(디지털),  20,000원",90
2017-08-06,01관,"20:00,  택시운전사(디지털),  20,000원","24:55,  택시운전사(디지털),  20,000원",90
2017-08-07,01관,"20:00,  택시운전사(디지털),  20,000원","22:40,  택시운전사(디지털),  17,000원",90
2017-08-08,01관,"20:00,  택시운전사(디지털)","22:40,  택시운전사(디지털),  20,000원",90
2017-08-09,01관,"20:00,  택시운전사(디지털),  20,000원","22:40,  택시운전사(디지털)",90
2017-08-10,01관,"20:00,  택시운전사(디지털)","22:40,  택시운전사(디지털),  20,000원",90
2017-08-11,01관,"04:00,  색에 놀다(디지털),  20,000원",,90
2017-08-12,01관,"19:50,  택시운전사(디지털),  20,000원",,90
2017-08-13,01관,"19:50,  택시운전사(디지털),  20,000원",,90
2017-08-14,01관,"02:30,  두 엄마(디지털),  20,000원",,90
2017-08-15,01관,"19:50,  택시운전사(디지털)","26:00,  택시운전사(디지털),  20,000원",90
2017-08-16,01관,"21:00,  청년경찰(디지털),  20,000원",,90
2017-08-17,01관,"02:30,  3분 파트너(디지털),  20,000원","24:20,  청년경찰(디지털)",90
2017-08-18,01관,"19:50,  청년경찰(디지털)","24:20,  청년경찰(디지털),  20,000원",90
2017-08-19,01관,"19:50,  청년경찰(디지털),  20,000원","24:20,  청년경찰(디지털)",90
2017-08-20,01관,"19:50,  청년경찰(디지털)","24:20,  청년경찰(디지털)",90
2017-08-21,01관,"02:30,  붉은 비키니 무삭제판(디지털),  20,000원",,90
2017-08-22,01관,"19:50,  청년경찰(디지털),  20,000원",,90
2017-08-24,01관,"02:30,  정사 : 친구의 엄마(디지털),  20,000원","22:20,  브이아이피(디지털),  20,000원",90
2017-08-25,01관,"19:50,  브이아이피(디지털)","22:20,  브이아이피(디지털)",90
2017-08-26,01관,"19:50,  브이아이피(디지털)","22:20,  브이아이피(디지털),  20,000원",90
2017-08-27,01관,"19:50,  브이아이피(디지털)","22:20,  브이아이피(디지털)",90
2017-08-29,01관,"19:50,  브이아이피(디지털),  20,000원","22:20,  브이아이피(디지털),  20,000원",90
2017-08-30,01관,"19:40,  로마의 휴일(디지털),  20,000원",,90
2017-08-31,01관,"02:30,  원정여행(디지털),  20,000원","23:50,  로마의 휴일(디지털)",90
2017-09-01,01관,"06:30,  낮잠 공주 : 모르는 나의 이야기(디지털),  20,000원",,90
2017-09-02,01관,"19:40,  로마의 휴일(디지털),  20,000원",,90
2017-09-03,01관,"19:40,  택시운전사(디지털),  20,000원",,90
2017-09-04,01관,"19:40,  택시운전사(디지털)",,90
2017-09-05,01관,"02:50,  연상녀들 : 내가 가르쳐 줄게(디지털),  20,000원",,90
2017-09-06,01관,"19:30,  살인자의 기억법(디지털)","21:50,  살인자의 기억법(디지털),  20,000원",90
2017-09-07,01관,"19:30,  살인자의 기억법(디지털)","21:50,  살인자의 기억법(디지털),  20,000원",90
2017-09-08,01관,"19:30,  살인자의 기억법(디지털)","21:50,  살인자의 기억법(디지털),  20,000원",90
2017-09-09,01관,"19:30,  살인자의 기억법(디지털)","21:50,  살인자의 기억법(디지털),  20,000원",90
2017-09-10,01관,"19:30,  살인자의 기억법(디지털),  20,000원","21:50,  살인자의 기억법(디지털)",90
2017-09-11,01관,"19:30,  살인자의 기억법(디지털)","21:50,  살인자의 기억법(디지털),  20,000원",90
2017-09-12,01관,"19:30,  살인자의 기억법(디지털)","21:50,  살인자의 기억법(디지털),  20,000원",90
2017-09-13,01관,"02:30,  올래?! 천사들의 도시편(디지털),  20,000원","21:50,  살인자의 기억법(디지털),  20,000원",90
2017-09-14,01관,"02:30,  처음엔 다 그래(디지털),  20,000원","21:50,  살인자의 기억법(디지털),  20,000원",90
2017-09-15,01관,"19:30,  살인자의 기억법(디지털)","21:50,  살인자의 기억법(디지털),  20,000원",90
2017-09-16,01관,"19:30,  살인자의 기억법(디지털),  20,000원","21:50,  살인자의 기억법(디지털),  20,000원",90
2017-09-17,01관,"19:30,  살인자의 기억법(디지털),  20,000원","21:50,  살인자의 기억법(디지털),  20,000원",90
2017-09-18,01관,"02:30,  두근두근(디지털),  20,000원","21:50,  살인자의 기억법(디지털)",90
2017-09-19,01관,"02:30,  동창회의 목적 2(디지털),  20,000원","21:50,  살인자의 기억법(디지털),  20,000원",90
2017-09-20,01관,"19:30,  살인자의 기억법(디지털),  20,000원","21:50,  살인자의 기억법(디지털)",90
2017-09-21,01관,"02:30,  여선생(디지털),  20,000원","21:50,  아이 캔 스피크(디지털)",90
2017-09-22,01관,"19:30,  아이 캔 스피크(디지털),  20,000원","21:50,  아이 캔 스피크(디지털)",90
2017-09-23,01관,"19:30,  아이 캔 스피크(디지털),  20,000원","21:50,  아이 캔 스피크(디지털),  20,000원",90
2017-09-24,01관,"19:30,  아이 캔 스피크(디지털)","21:50,  아이 캔 스피크(디지털),  20,000원",90
2017-09-25,01관,"19:30,  아이 캔 스피크(디지털)","21:50,  아이 캔 스피크(디지털)",90
2017-09-26,01관,"19:30,  아이 캔 스피크(디지털)","21:50,  아이 캔 스피크(디지털),  20,000원",90
2017-09-27,01관,"19:30,  아이 캔 스피크(디지털)","21:50,  아이 캔 스피크(디지털),  20,000원",90
2017-09-28,01관,"02:30,  동거:친구의 여자친구(디지털),  20,000원","21:50,  아이 캔 스피크(디지털)",90
2017-09-29,01관,"05:30,  위시 어폰(디지털),  20,000원","21:50,  아이 캔 스피크(디지털),  20,000원",90
2017-09-30,01관,"19:30,  아이 캔 스피크(디지털)","21:50,  아이 캔 스피크(디지털),  20,000원",90
2017-10-01,01관,"19:30,  아이 캔 스피크(디지털)","21:50,  아이 캔 스피크(디지털),  20,000원",90
2017-10-02,01관,"19:30,  아이 캔 스피크(디지털)","21:50,  아이 캔 스피크(디지털),  20,000원",90
2017-10-03,01관,"19:20,  남한산성(디지털),  20,000원",,90
2017-10-04,01관,"19:20,  남한산성(디지털)",,90
2017-10-05,01관,"19:20,  남한산성(디지털),  20,000원",,90
2017-10-06,01관,"19:20,  남한산성(디지털),  20,000원",,90
2017-10-07,01관,"19:20,  남한산성(디지털),  20,000원",,90
2017-10-08,01관,"19:20,  남한산성(디지털),  20,000원",,90
2017-10-09,01관,"19:20,  범죄도시(디지털),  20,000원",,90
2017-10-10,01관,"19:20,  범죄도시(디지털),  20,000원",,90
2017-10-11,01관,"19:20,  범죄도시(디지털)",,90
2017-10-12,01관,"02:30,  아름다운 엄마(디지털)","04:30,  아름다운 엄마(디지털),  20,000원",90
2017-10-13,01관,"19:20,  범죄도시(디지털)",,90
2017-10-14,01관,"19:20,  범죄도시(디지털),  20,000원",,90
2017-10-15,01관,"19:20,  범죄도시(디지털),  20,000원",,90
2017-10-16,01관,"19:20,  범죄도시(디지털),  20,000원",,90
2017-10-17,01관,"19:20,  범죄도시(디지털)",,90
2017-10-18,01관,"02:30,  딸의 친구 2(디지털),  20,000원",,90
2017-10-19,01관,"02:30,  젊은남편 젊은아빠(디지털),  20,000원",,90
2017-10-22,01관,"19:20,  범죄도시(디지털),  20,000원",,90
2017-10-23,01관,"02:30,  수상한 종업원(디지털),  20,000원",,90
2017-10-24,01관,"19:20,  범죄도시(디지털),  20,000원",,90
2017-10-25,01관,"19:20,  토르: 라그나로크(디지털)",,90
2017-10-26,01관,"01:30,  착한 엄마(디지털),  20,000원",,90
2017-10-27,01관,"19:20,  토르: 라그나로크(디지털),  20,000원",,90
2017-10-28,01관,"19:20,  토르: 라그나로크(디지털)",,90
2017-10-29,01관,"19:20,  토르: 라그나로크(디지털)",,90
2017-10-30,01관,"01:30,  내 아내의 초대남들:네토라레(디지털),  20,000원",,90
2017-10-31,01관,"19:20,  토르: 라그나로크(디지털),  20,000원",,90
2017-11-01,01관,"02:50,  에스워치(디지털)",,90
2017-11-02,01관,"01:30,  일본 엄마 2(디지털),  20,000원",,90
2017-11-03,01관,"19:20,  부라더(디지털),  20,000원",,90
2017-11-04,01관,"19:20,  부라더(디지털),  20,000원",,90
2017-11-05,01관,"19:20,  부라더(디지털),  20,000원",,90
2017-11-06,01관,"19:30,  부라더(디지털),  20,000원",,90
2017-11-07,01관,"19:30,  부라더(디지털),  20,000원",,90
2017-11-08,01관,"19:30,  부라더(디지털)",,90
2017-11-09,01관,"02:00,  에스워치(디지털),  20,000원","21:30,  미옥(디지털)",90
2017-11-10,01관,"19:30,  미옥(디지털)","21:30,  미옥(디지털)",90
2017-11-11,01관,"19:30,  미옥(디지털),  20,000원","21:30,  미옥(디지털),  17,000원",90
2017-11-12,01관,"17:30,  부라더(디지털),  20,000원","21:30,  미옥(디지털),  20,000원",90
2017-11-13,01관,"17:30,  부라더(디지털)",,90
2017-11-14,01관,"17:30,  부라더(디지털)",,90
2017-11-15,01관,"02:00,  정사의 맛 감독판(디지털),  20,000원",,90
2017-11-16,01관,"02:30,  엄마의 맛(디지털),  20,000원",,90
2017-11-18,01관,"19:20,  미옥(디지털),  20,000원",,90
2017-11-19,01관,"21:30,  7호실(디지털)",,90
2017-11-20,01관,"21:30,  7호실(디지털),  20,000원",,90
2017-11-21,01관,"21:30,  7호실(디지털),  20,000원",,90
2017-11-22,01관,"02:00,  맛섹 은밀한 경험 감독판(디지털),  20,000원",,90
2017-11-23,01관,"02:00,  지워야 산다(디지털),  20,000원",,90
2017-11-24,01관,"19:20,  꾼(디지털),  20,000원","21:40,  꾼(디지털),  20,000원",90
2017-11-25,01관,"19:20,  꾼(디지털),  20,000원","21:40,  꾼(디지털),  17,000원",90
2017-11-26,01관,"19:20,  꾼(디지털),  17,000원","21:40,  꾼(디지털),  20,000원",90
2017-11-28,01관,"01:00,  변강쇠 VS 어우동 - 무삭제판(디지털),  20,000원",,90
2017-11-29,01관,"19:30,  꾼(디지털),  20,000원",,90
2017-11-30,01관,"01:30,  나의 노예가 되어주세요 감독판(디지털),  20,000원",,90
2017-12-01,01관,"19:30,  꾼(디지털),  20,000원",,90
2017-12-02,01관,"19:30,  꾼(디지털),  20,000원",,90
2017-12-03,01관,"19:30,  꾼(디지털),  20,000원",,90
2017-12-04,01관,"01:00,  성판17: 남자들의 17가지 성적 판타지(디지털),  20,000원",,90
2017-12-06,01관,"19:20,  기억의 밤(디지털),  20,000원",,90
2017-12-07,01관,"01:00,  인피니티 포스 스페셜 에디션 1(디지털),  20,000원",,90
2017-12-08,01관,"03:00,  안티갱 스쿼드(디지털),  20,000원",,90
2017-12-09,01관,"03:00,  안티갱 스쿼드(디지털),  20,000원",,90
2017-12-10,01관,"03:00,  안티갱 스쿼드(디지털),  20,000원",,90
2017-12-11,01관,"01:00,  토마스와 친구들: 그레이트 레이스(디지털더빙),  20,000원",,90
2017-12-12,01관,"01:00,  신입사원(디지털),  20,000원",,90
2017-12-13,01관,"03:00,  안티갱 스쿼드(디지털),  20,000원",,90
2017-12-14,01관,"00:30,  안티갱 스쿼드(디지털),  20,000원",,90
2017-12-15,01관,"00:30,  안티갱 스쿼드(디지털),  20,000원","22:00,  강철비(디지털),  17,000원",90
2017-12-16,01관,"00:30,  안티갱 스쿼드(디지털),  20,000원","22:00,  강철비(디지털),  17,000원",90
2017-12-17,01관,"00:30,  안티갱 스쿼드(디지털),  20,000원","22:00,  강철비(디지털),  17,000원",90
2017-12-18,01관,"02:00,  로드 투 로마(디지털),  20,000원",,90
2017-12-19,01관,"02:00,  로드 투 로마(디지털),  20,000원",,90
2017-12-20,01관,"02:00,  로드 투 로마(디지털),  20,000원",,90
2017-12-21,01관,"00:30,  엄마친구들(디지털),  20,000원","23:50,  신과함께-죄와 벌(디지털),  20,000원",90
2017-12-22,01관,"02:00,  로드 투 로마(디지털),  20,000원",,90
2017-12-23,01관,"19:00,  신과함께-죄와 벌(디지털),  20,000원",,90
2017-12-24,01관,"19:00,  신과함께-죄와 벌(디지털),  20,000원",,90
2017-12-25,01관,"19:00,  신과함께-죄와 벌(디지털)",,90
2017-12-26,01관,"19:00,  신과함께-죄와 벌(디지털)",,90
2017-12-27,01관,"19:30,  신과함께-죄와 벌(디지털),  20,000원",,90
2017-12-28,01관,"00:30,  바이스: 범죄도시(디지털),  20,000원",,90
2017-12-29,01관,"00:30,  바이스: 범죄도시(디지털),  20,000원",,90
2017-12-30,01관,"00:30,  바이스: 범죄도시(디지털),  20,000원",,90
2017-12-31,01관,"00:30,  바이스: 범죄도시(디지털),  20,000원",,90
2018-01-01,01관,"00:30,  바이스: 범죄도시(디지털),  20,000원",,90
2018-01-02,01관,"00:30,  바이스: 범죄도시(디지털),  20,000원",,90
2018-01-03,01관,"00:30,  바이스: 범죄도시(디지털),  20,000원",,90
2018-01-04,01관,"01:00,  엄마친구 4(디지털),  20,000원",,90
2018-01-05,01관,"19:30,  신과함께-죄와 벌(디지털),  20,000원",,90
2018-01-06,01관,"19:30,  신과함께-죄와 벌(디지털),  20,000원",,90
2018-01-07,01관,"19:30,  신과함께-죄와 벌(디지털),  20,000원",,90
2018-01-08,01관,"19:20,  1987(디지털),  20,000원",,90
2018-01-09,01관,"19:20,  1987(디지털)",,90
2018-01-10,01관,"01:00,  첫경험(디지털),  20,000원",,90
2018-01-11,01관,"01:00,  내 아내의 언니 2(디지털),  20,000원",,90
2018-01-12,01관,"21:00,  1987(디지털),  20,000원",,90
2018-01-13,01관,"21:00,  1987(디지털),  20,000원",,90
2018-01-14,01관,"21:00,  1987(디지털),  20,000원",,90
2018-01-15,01관,"00:30,  발칙한 동거(디지털),  20,000원",,90
2018-01-16,01관,"19:20,  1987(디지털)",,90
2018-01-17,01관,"00:30,  동창생의 목적 - 감독판(디지털),  20,000원",,90
2018-01-18,01관,"00:40,  쾌락 도우미 무삭제(디지털),  20,000원","21:50,  그것만이 내 세상(디지털)",90
2018-01-19,01관,"19:30,  그것만이 내 세상(디지털)","21:50,  그것만이 내 세상(디지털)",90
2018-01-20,01관,"19:30,  그것만이 내 세상(디지털)","21:50,  그것만이 내 세상(디지털)",90
2018-01-21,01관,"19:30,  그것만이 내 세상(디지털)","21:50,  그것만이 내 세상(디지털)",90
2018-01-23,01관,"04:00,  마음이 외치고 싶어해(디지털),  20,000원",,90
2018-01-24,01관,"00:30,  전망 좋은 섹스-감독판(디지털),  20,000원",,90
2018-01-25,01관,"00:30,  정사 : 착한 며느리들(디지털),  20,000원",,90
2018-01-26,01관,"04:00,  마음이 외치고 싶어해(디지털),  20,000원",,90
2018-01-27,01관,"04:00,  마음이 외치고 싶어해(디지털),  20,000원",,90
2018-01-28,01관,"04:00,  마음이 외치고 싶어해(디지털),  20,000원",,90
2018-01-29,01관,"03:00,  엄마 애인(디지털),  20,000원",,90
2018-01-30,01관,"03:00,  리틀 뱀파이어(디지털더빙),  20,000원",,90
2018-01-31,01관,"01:00,  9/11(디지털),  20,000원",,90
2018-02-01,01관,"01:00,  9/11(디지털),  20,000원",,90
2018-02-02,01관,"01:00,  9/11(디지털),  20,000원",,90
2018-02-03,01관,"01:00,  9/11(디지털),  20,000원",,90
2018-02-04,01관,"01:00,  9/11(디지털),  20,000원",,90
2018-02-05,01관,"01:00,  9/11(디지털),  20,000원",,90
2018-02-06,01관,"01:00,  9/11(디지털),  20,000원",,90
2018-02-07,01관,"01:00,  9/11(디지털),  20,000원",,90
2018-02-08,01관,"00:30,  친구누나2(디지털),  20,000원",,90
2018-02-13,01관,"00:30,  미용실 : 특별한 서비스 2(디지털),  20,000원",,90
2018-02-14,01관,"00:30,  1급기밀(디지털),  20,000원",,90
2018-02-19,01관,"00:30,  1급기밀(디지털),  20,000원",,90
2018-02-20,01관,"00:30,  1급기밀(디지털),  20,000원",,90
2018-02-21,01관,"00:30,  1급기밀(디지털),  20,000원",,90
2018-02-22,01관,"00:30,  1급기밀(디지털),  20,000원",,90
2018-02-23,01관,"00:30,  1급기밀(디지털),  20,000원",,90
2018-02-26,01관,"00:30,  1급기밀(디지털),  20,000원",,90
2018-02-27,01관,"00:50,  밀애 : 친구엄마(디지털),  20,000원",,90
2018-02-28,01관,"17:00,  치하야후루 상편(디지털),  20,000원",,90
2018-03-02,01관,"00:30,  이모의 유혹(디지털),  20,000원",,90
2018-03-06,01관,"00:50,  라라(디지털),  20,000원",,90
2018-03-07,01관,"00:50,  어린 누나(디지털),  20,000원",,90
2018-03-08,01관,"00:50,  사촌 누나(디지털),  20,000원",,90
2018-03-15,01관,"00:50,  내 친구 엄마(디지털),  20,000원",,90
2018-03-16,01관,"02:30,  스나이퍼(디지털),  20,000원",,90
2018-03-17,01관,"02:30,  스나이퍼(디지털),  20,000원",,90
2018-03-18,01관,"02:30,  스나이퍼(디지털),  20,000원",,90
2018-03-19,01관,"02:30,  스나이퍼(디지털),  20,000원",,90
2018-03-20,01관,"02:30,  스나이퍼(디지털),  20,000원",,90
2018-03-21,01관,"02:30,  스나이퍼(디지털),  20,000원",,90
2018-03-22,01관,"01:00,  스나이퍼(디지털),  20,000원",,90
2018-03-23,01관,"01:00,  스나이퍼(디지털),  20,000원",,90
2018-03-24,01관,"01:00,  스나이퍼(디지털),  20,000원",,90
2018-03-25,01관,"01:00,  스나이퍼(디지털),  20,000원",,90
2018-03-26,01관,"01:00,  스나이퍼(디지털),  20,000원",,90
2018-03-27,01관,"01:00,  스나이퍼(디지털),  20,000원",,90
2018-03-28,01관,"01:00,  스나이퍼(디지털),  20,000원",,90
2018-03-29,01관,"01:00,  쾌락의 밀실 무삭제(디지털),  20,000원",,90
2018-03-30,01관,"01:00,  프렌치 커넥션: 마약수사(디지털),  20,000원",,90
2018-03-31,01관,"01:00,  아내와 제자들: 네토라레(디지털),  20,000원",,90
2018-04-01,01관,"01:00,  큐티 허니: 티어스(디지털),  20,000원",,90
2018-04-02,01관,"18:00,  지구: 놀라운 하루(디지털),  20,000원",,90
2018-04-03,01관,"18:00,  지구: 놀라운 하루(디지털),  20,000원",,90
2018-04-05,01관,"01:00,  새오빠2(디지털),  20,000원",,90
2018-04-09,01관,"19:30,  바람 바람 바람(디지털),  20,000원",,90
2018-04-10,01관,"01:00,  매니저(디지털),  20,000원",,90
2018-04-11,01관,"19:30,  바람 바람 바람(디지털)",,90
2018-04-19,01관,"01:00,  여동생 커플 훔쳐보기(디지털),  20,000원",,90
2018-04-24,01관,"01:00,  바람난 여자들2(디지털),  20,000원",,90
2018-04-26,01관,"01:00,  나쁜 엄마(디지털),  20,000원",,90
2018-04-27,01관,"19:40,  어벤져스: 인피니티 워(디지털)",,90
2018-04-28,01관,"19:40,  어벤져스: 인피니티 워(디지털)",,90
2018-04-29,01관,"19:40,  어벤져스: 인피니티 워(디지털),  20,000원",,90
2018-05-03,01관,"01:00,  착한 엄마친구 2(디지털),  20,000원",,90
2018-05-04,01관,"01:00,  딸의 애인(디지털),  20,000원",,90
2018-05-09,01관,"01:00,  어린 이모(디지털),  20,000원",,90
2018-05-10,01관,"01:00,  아내의 엄마(디지털),  20,000원",,90
2018-05-16,01관,"01:00,  걸스 스텝(디지털),  20,000원",,90
2018-05-17,01관,"01:00,  내 엄마의 친구(디지털),  20,000원",,90
2018-05-22,01관,"01:00,  장모학개론(디지털),  20,000원",,90
2018-05-27,01관,"22:40,  독전(디지털),  20,000원",,90
2018-05-28,01관,"22:40,  독전(디지털),  20,000원",,90
2018-05-29,01관,"01:00,  엄마의 연애(디지털),  20,000원",,90
2018-05-30,01관,"22:40,  독전(디지털),  20,000원",,90
2018-05-31,01관,"01:00,  정사 : 어린 새엄마(디지털),  20,000원",,90
2018-06-05,01관,"01:00,  초대녀(디지털),  20,000원",,90
2018-06-07,01관,"01:00,  착한 형수 3(디지털),  20,000원",,90
2018-06-12,01관,"01:00,  가슴큰누나들(디지털),  20,000원",,90
2018-06-14,01관,"01:00,  아내의 애인 2(디지털),  20,000원",,90
2018-06-21,01관,"01:00,  애인 : 아내의 남자(디지털),  20,000원",,90
2018-06-22,01관,"01:00,  정사 : 캠퍼스 커플(디지털),  20,000원",,90
2018-06-26,01관,"01:00,  하숙집 여자들(디지털),  20,000원",,90
2018-06-28,01관,"01:00,  밀애 : 부부카풀(디지털),  20,000원",,90
2018-06-29,01관,"01:00,  친구엄마들(디지털)","17:00,  미투 숨겨진 진실(디지털),  20,000원",90
2018-06-30,01관,"19:20,  탐정: 리턴즈(디지털),  20,000원",,90
2018-07-03,01관,"19:20,  탐정: 리턴즈(디지털)",,90
2018-07-05,01관,"01:00,  친구엄마들(디지털),  20,000원",,90
2018-07-09,01관,"01:00,  착한 장모(디지털),  20,000원",,90
2018-07-10,01관,"01:00,  연애 : 엄마친구(디지털),  20,000원",,90
2018-07-12,01관,"01:00,  신혼부부의 성생활(디지털),  20,000원",,90
2018-07-19,01관,"01:00,  스와핑 : 친구의 아내 2(디지털),  20,000원",,90
2018-07-20,01관,"20:30,  앤트맨과 와스프(디지털)",,90
2018-07-21,01관,"20:30,  앤트맨과 와스프(디지털)",,90
2018-07-22,01관,"20:30,  앤트맨과 와스프(디지털)",,90
2018-07-26,01관,"01:00,  정사 : 처제의 사랑(디지털),  20,000원",,90
2018-07-27,01관,"20:20,  인랑(디지털),  20,000원",,90
2018-07-28,01관,"20:20,  인랑(디지털),  20,000원",,90
2018-07-29,01관,"20:20,  인랑(디지털)",,90
2018-07-31,01관,"01:00,  엄마의 유혹(디지털),  20,000원",,90
2018-08-02,01관,"01:00,  여교사 : 제자와의 사랑(디지털),  20,000원",,90
2018-08-09,01관,"01:00,  룸싸롱 맛있는 서비스(디지털),  20,000원",,90
2018-08-14,01관,"01:00,  어린 처제 2(디지털),  20,000원",,90
2018-08-16,01관,"01:00,  더티웨딩(디지털),  20,000원",,90
2018-08-24,01관,"01:00,  엄마친구 5(디지털),  20,000원",,90
2018-08-30,01관,"01:00,  여친엄마 2(디지털),  20,000원",,90
2018-08-31,01관,"22:20,  상류사회(디지털),  20,000원",,90
2018-09-01,01관,"22:20,  상류사회(디지털)",,90
2018-09-02,01관,"22:20,  상류사회(디지털)",,90
2018-09-07,01관,"01:00,  과외의 추억(디지털),  20,000원",,90
2018-09-13,01관,"01:00,  엄마친구들 2(디지털),  20,000원",,90
2018-09-21,01관,"01:00,  정사 : 착한 숙모(디지털),  20,000원",,90
2018-09-24,01관,"20:00,  안시성(디지털),  20,000원",,90
2018-09-25,01관,"20:00,  안시성(디지털),  20,000원",,90
2018-09-28,01관,"01:00,  젊은 엄마 친구(디지털),  20,000원",,90
2018-09-30,01관,"20:00,  안시성(디지털),  20,000원",,90
2018-10-04,01관,"01:00,  여친 언니(디지털),  20,000원",,90
2018-10-08,01관,"01:00,  착한 친구엄마(디지털),  20,000원",,90
2018-10-12,01관,"01:00,  착한 자매들(디지털),  20,000원",,90
2018-10-15,01관,"01:00,  조건아빠: 슈가대디(디지털),  20,000원",,90
2018-10-19,01관,"01:00,  착한 엄마 2(디지털),  20,000원",,90
2018-10-25,01관,"01:00,  이웃집 아내(디지털),  20,000원",,90
2018-10-29,01관,"01:00,  우리가족같이(디지털),  20,000원",,90
2018-10-31,01관,"02:30,  밀애 : 친구의 아내(디지털),  20,000원","21:50,  밀애 : 친구의 아내(디지털),  20,000원",90
2018-11-01,01관,"01:00,  어린 누나 2(디지털),  20,000원",,90
2018-11-09,01관,"01:00,  노래방 : 화끈한 여자들(디지털),  20,000원",,90
2018-11-14,01관,"01:00,  조건엄마:슈가맘(디지털),  20,000원",,90
2018-11-15,01관,"01:00,  밀애 : 아내의 여동생(디지털),  20,000원",,90
2018-11-16,01관,"17:00,  리플레이스(디지털),  20,000원",,90
2018-11-20,01관,"01:00,  은밀한 여작가의 사생활 (디지털),  20,000원",,90
2018-11-22,01관,"01:00,  동갑내기 엄마(디지털),  20,000원",,90
2018-11-29,01관,"04:00,  정사 : 착한 며느리들 2(디지털),  20,000원",,90
2018-11-30,01관,"23:59,  정사 : 착한 며느리들 2(디지털),  20,000원",,90
2018-12-04,01관,"01:00,  내 여자친구의 엄마(디지털),  20,000원",,90
2018-12-12,01관,"01:00,  자매의교환섹스(디지털),  20,000원",,90
2018-12-14,01관,"01:00,  사돈처녀(디지털),  20,000원",,90
2018-12-18,01관,"01:00,  여선생2(디지털),  20,000원",,90
2018-12-19,01관,"01:00,  맛있는 누나들(디지털),  20,000원",,90
2018-12-26,01관,"01:00,  가정부 길들이기(디지털),  20,000원",,90
2018-12-28,01관,"01:00,  초대녀 2(디지털),  20,000원",,90
2018-12-30,01관,"23:00,  초대녀 2(디지털),  20,000원",,90
2019-01-03,01관,"01:00,  상류시대(디지털),  20,000원",,90
2019-01-04,01관,"01:00,  어린 형수 4(디지털),  20,000원",,90
2019-01-11,01관,"01:00,  후배부부와 교환섹스-무삭제(디지털),  20,000원",,90
2019-01-14,01관,"17:00,  극장판 포켓몬스터 모두의 이야기(디지털),  20,000원",,90
2019-01-15,01관,"01:00,  등산의 참맛(디지털),  20,000원",,90
2019-01-29,01관,"01:00,  젊은 미망인(디지털),  20,000원",,90
2019-01-30,01관,"01:00,  딸의 애인 2(디지털),  20,000원",,90
2019-01-31,01관,"01:00,  그대 이름은 장미(디지털),  20,000원","20:00,  그대 이름은 장미(디지털),  20,000원",90
2019-02-12,01관,"16:00,  발기찬 처가살이(디지털),  20,000원",,90
2019-02-15,01관,"16:00,  자매의은밀한스와핑-무삭제(디지털),  20,000원",,90
2019-02-21,01관,"16:00,  로드킬(디지털),  20,000원",,90
2019-02-22,01관,"02:00,  장모의유혹(디지털),  20,000원",,90
2019-02-25,01관,"16:00,  우리 도련님(디지털),  20,000원",,90
2019-02-27,01관,"14:00,  스튜디오(디지털),  20,000원",,90
2019-02-28,01관,"16:00,  욜로 유 온리 리브 원스(디지털),  20,000원",,90
2019-03-08,01관,"16:00,  가슴 큰 여자친구(디지털),  20,000원",,90
2019-03-14,01관,"16:00,  엄마 애인 2(디지털),  20,000원",,90
2019-03-15,01관,"16:00,  옆집 아가씨(디지털),  20,000원",,90
2019-03-21,01관,"14:00,  딸의 친구 3 (디지털),  20,000원",,90
2019-03-24,01관,"19:20,  돈(디지털)",,90
2019-03-25,01관,"19:20,  돈(디지털)",,90
2019-03-26,01관,"19:20,  돈(디지털)",,90
2019-03-27,01관,"19:20,  돈(디지털)",,90
2019-03-28,01관,"12:00,  다방엄마(디지털),  20,000원",,90
2019-03-29,01관,"16:00,  동생의 여자-무삭제(디지털),  20,000원",,90
2019-03-31,01관,"23:00,  다방엄마(디지털),  20,000원",,90
2019-04-05,01관,"16:00,  여배우: 섹스수업(디지털),  20,000원",,90
2019-04-11,01관,"16:00,  유기농 섹드립 로맨스 ""오목리 미스킴""(디지털),  20,000원",,90
2019-04-12,01관,"16:00,  내 엄마의 친구 2(디지털),  20,000원",,90
2019-04-17,01관,"14:00,  음란한 병원(디지털),  20,000원",,90
2019-04-19,01관,"16:00,  엄마학개론(디지털),  20,000원",,90
2019-04-29,01관,"19:00,  다시, 봄(디지털),  20,000원",,90
2019-04-30,01관,"19:00,  다시, 봄(디지털),  20,000원",,90
2019-05-01,01관,"19:00,  다시, 봄(디지털),  20,000원",,90
2019-05-02,01관,"19:00,  다시, 봄(디지털),  20,000원",,90
2019-05-03,01관,"19:00,  다시, 봄(디지털),  20,000원",,90
2019-05-04,01관,"20:30,  왓칭(디지털),  20,000원",,90
2019-05-05,01관,"20:30,  왓칭(디지털),  20,000원",,90
2019-05-06,01관,"20:30,  왓칭(디지털),  20,000원",,90
2019-05-07,01관,"20:30,  왓칭(디지털),  20,000원",,90
2019-05-08,01관,"18:00,  남편친구들(디지털),  20,000원",,90
2019-05-09,01관,"20:30,  왓칭(디지털),  20,000원",,90
2019-05-10,01관,"20:30,  왓칭(디지털),  20,000원",,90
2019-05-11,01관,"20:30,  왓칭(디지털),  20,000원",,90
2019-05-12,01관,"20:30,  왓칭(디지털),  20,000원",,90
2019-05-13,01관,"20:30,  왓칭(디지털),  20,000원",,90
2019-05-15,01관,"18:00,  어린고모(디지털),  20,000원",,90
2019-05-23,01관,"18:00,  음란 과외 2(디지털),  20,000원",,90
2019-05-24,01관,"18:00,  음란 과외 2(디지털),  20,000원",,90
2019-05-30,01관,"19:30,  어린 엄마 3(디지털),  20,000원",,90
2019-06-06,01관,"18:00,  막내 형수(디지털),  20,000원",,90
2019-06-07,01관,"18:00,  아빠와 딸(디지털),  20,000원",,90
2019-06-19,01관,"18:00,  누나의 맛(디지털),  20,000원",,90
2019-06-20,01관,"20:20,  롱 리브 더 킹: 목포 영웅(디지털)",,90
2019-06-21,01관,"18:00,  시월드(디지털),  20,000원",,90
2019-06-22,01관,"20:20,  롱 리브 더 킹: 목포 영웅(디지털)",,90
2019-06-30,01관,"22:00,  보도드라이버: 풀코스(디지털),  20,000원",,90
2019-07-01,01관,"22:00,  보도드라이버: 풀코스(디지털)",,90
2019-07-02,01관,"22:00,  보도드라이버: 풀코스(디지털)",,90
2019-07-03,01관,"22:00,  보도드라이버: 풀코스(디지털)",,90
2019-07-04,01관,"22:00,  보도드라이버: 풀코스(디지털)",,90
2019-07-05,01관,"18:11,  이모의유혹2(디지털),  20,000원",,90
2019-07-11,01관,"18:00,  딸의 친구 4(디지털),  20,000원",,90
2019-07-16,01관,"18:00,  비스트(디지털),  20,000원",,90
2019-07-18,01관,"18:00,  막내 이모(디지털),  20,000원",,90
2019-07-25,01관,"18:00,  관전남(디지털),  20,000원",,90
2019-07-26,01관,"18:00,  극장판 엉덩이 탐정: 화려한 사건 수첩(디지털더빙),  20,000원",,90
2019-07-30,01관,"22:00,  극장판 샤이닝스타:새로운 루나퀸의 탄생!(디지털),  20,000원",,90
2019-07-31,01관,"22:00,  극장판 샤이닝스타:새로운 루나퀸의 탄생!(디지털),  20,000원",,90
2019-08-01,01관,"18:00,  어린 처형 2(디지털),  20,000원",,90
2019-08-02,01관,"22:00,  극장판 샤이닝스타:새로운 루나퀸의 탄생!(디지털),  20,000원",,90
2019-08-03,01관,"22:00,  극장판 샤이닝스타:새로운 루나퀸의 탄생!(디지털),  20,000원",,90
2019-08-04,01관,"22:00,  극장판 샤이닝스타:새로운 루나퀸의 탄생!(디지털),  20,000원",,90
2019-08-05,01관,"22:00,  극장판 샤이닝스타:새로운 루나퀸의 탄생!(디지털),  20,000원",,90
2019-08-08,01관,"18:00,  첫경험 2(디지털),  20,000원",,90
2019-08-16,01관,"18:00,  가슴큰엄마들(디지털),  20,000원",,90
2019-08-22,01관,"18:00,  어린 이모 2(디지털),  20,000원",,90
2019-08-30,01관,"23:00,  어린 이모 2(디지털),  20,000원",,90
2019-09-04,01관,"21:00,  이스케이프 플랜 3(디지털),  20,000원",,90
2019-09-05,01관,"18:00,  사돈 처녀 2(디지털),  20,000원",,90
2019-09-06,01관,"17:00,  완벽한 타인 : 비밀의 스와핑 (디지털),  20,000원",,90
2019-09-11,01관,"18:00,  옆집소녀3(디지털),  20,000원",,90
2019-09-19,01관,"22:00,  어린 식모(디지털),  20,000원",,90
2019-09-24,01관,"18:00,  원정녀 1호의 사연 (디지털),  20,000원",,90
2019-09-26,01관,"18:00,  처제의 일기(디지털),  20,000원",,90
2019-09-27,01관,"18:00,  내 여자의 남자들(디지털),  20,000원",,90
2019-10-02,01관,"18:00,  뷰티풀 보이(디지털),  20,000원",,90
2019-10-10,01관,"18:00,  관전녀(디지털),  20,000원",,90
2019-10-11,01관,"18:00,  강남 며느리(디지털),  20,000원",,90
2019-10-17,01관,"18:00,  어린 형수 5(디지털),  20,000원",,90
2019-10-21,01관,"18:00,  극한수업(디지털),  20,000원",,90
2019-10-25,01관,"22:00,  아내의유혹(디지털),  20,000원",,90
