상영일자,상영관,1회,2회,3회,4회,5회,좌석수
2018-04-09,01관,"22:00,  킹콩(필름)",,,,,105
2018-04-11,01관,"19:00,  416 프로젝트 ""공동의 기억: 트라우마""(디지털),  6,000원",,,,,105
2018-04-12,01관,"16:30,  이월(디지털),  5,000원","19:00,  파란입이 달린 얼굴(디지털),  6,000원",,,,105
2018-04-13,01관,"14:00,  아파트 생태계(디지털),  6,000원","16:30,  올드마린보이(디지털)","19:00,  열세살 수아(필름),  6,000원",,,105
2018-04-14,01관,"14:00,  혜화, 동(디지털),  6,000원",,,,,105
2018-04-15,01관,"14:00,  감각의 시간, 기억의 공간 –인디피크닉2018(디지털),  6,000원","16:30,  열세살 수아(필름),  6,000원",,,,105
2018-04-16,01관,"14:00,  416 프로젝트 ""공동의 기억: 트라우마""(디지털),  6,000원",,,,,105
2018-04-17,01관,"14:00,  여배우는 오늘도(디지털),  5,000원",,"19:00,  호수길(필름),  6,000원",,,105
2018-04-18,01관,"14:00,  여성으로 살아가기 –인디피크닉2018(디지털),  6,000원",,,,,105
2018-04-19,01관,"14:00,  어떤 개인 날(필름),  6,000원","16:00,  살아남은 아이(디지털),  5,000원",,,,105
2018-04-20,01관,"14:00,  사랑이 꽃피는 지구별 –인디피크닉2018(디지털),  5,000원","16:30,  무산일기(디지털),  6,000원",,,,105
2018-04-21,01관,"16:30,  그들 각자의 거리에서 –인디피크닉2018(디지털),  5,000원",,,,,105
2018-04-22,01관,"14:00,  너와 극장에서(디지털),  5,000원",,,,,105
2018-04-23,01관,"10:30,  올드마린보이(디지털),  6,000원","14:00,  소성리(디지털),  6,000원",,,,105
2018-04-24,01관,"14:00,  파란입이 달린 얼굴(디지털),  6,000원",,,,,105
2018-04-25,01관,"14:00,  아파트 생태계(디지털)",,"19:00,  살아남은 아이(디지털),  6,000원",,,105
2018-04-26,01관,"14:00,  수성못(디지털)",,,,,105
2018-04-27,01관,"14:00,  그들 각자의 거리에서 –인디피크닉2018(디지털)",,"19:00,  황제(디지털),  6,000원",,,105
2018-04-28,01관,"14:00,  파란입이 달린 얼굴(디지털)",,,,,105
2018-04-29,01관,"14:00,  여성으로 살아가기 –인디피크닉2018(디지털),  6,000원",,,,,105
2018-04-30,01관,"14:00,  수성못(디지털),  5,000원",,,,,105
2018-05-01,01관,"14:00,  파란입이 달린 얼굴(디지털),  6,000원",,,,,105
2018-05-02,01관,"14:00,  수성못(디지털),  6,000원",,,,,105
2018-05-03,01관,,"16:30,  파란입이 달린 얼굴(디지털)","19:00,  수성못(디지털),  6,000원",,,105
2018-05-04,01관,"14:00,  환절기(디지털),  6,000원","16:30,  운동회(디지털)","19:00,  소공녀(디지털),  6,000원",,,105
2018-05-05,01관,"14:00,  파란입이 달린 얼굴(디지털),  6,000원","16:30,  소공녀(디지털),  6,000원","19:00,  환절기(디지털)",,,105
2018-05-06,01관,"14:00,  소공녀(디지털),  6,000원","16:30,  수성못(디지털),  6,000원","19:00,  누에치던 방(디지털),  6,000원",,,105
2018-05-07,01관,"14:00,  환절기(디지털),  6,000원","16:30,  소공녀(디지털),  6,000원","19:00,  운동회(디지털),  6,000원",,,105
2018-05-08,01관,"14:00,  누에치던 방(디지털),  6,000원","16:30,  파란입이 달린 얼굴(디지털)","19:00,  소공녀(디지털),  6,000원",,,105
2018-05-09,01관,,"16:30,  환절기(디지털)","19:00,  누에치던 방(디지털)",,,105
2018-05-10,01관,"16:30,  해원(디지털),  6,000원",,"19:00,  환절기(디지털),  6,000원",,,105
2018-05-11,01관,"14:00,  소공녀(디지털),  6,000원","16:30,  누에치던 방(디지털)","19:00,  수성못(디지털),  6,000원",,,105
2018-05-12,01관,"14:00,  누에치던 방(디지털),  6,000원","16:30,  운동회(디지털),  5,000원",,,,105
2018-05-13,01관,"14:00,  운동회(디지털),  6,000원","16:30,  해원(디지털),  6,000원","19:00,  소공녀(디지털),  6,000원",,,105
2018-05-14,01관,"14:00,  공동정범(디지털)","16:30,  해원(디지털)","19:00,  누에치던 방(디지털)",,,105
2018-05-15,01관,"14:00,  누에치던 방(디지털)","16:30,  환절기(디지털)","19:00,  해원(디지털)",,,105
2018-05-16,01관,,"16:30,  공동정범(디지털)","19:00,  소공녀(디지털),  6,000원",,,105
2018-05-17,01관,,"16:30,  운동회(디지털)","19:00,  공동정범(디지털)",,,105
2018-05-18,01관,"14:00,  운동회(디지털),  6,000원","16:30,  소공녀(디지털),  6,000원",,,,105
2018-05-19,01관,"14:00,  해원(디지털)",,,,,105
2018-05-20,01관,"14:00,  환절기(디지털),  6,000원","16:30,  공동정범(디지털)",,,,105
2018-05-21,01관,"14:00,  해원(디지털)","16:30,  소공녀(디지털),  6,000원",,,,105
2018-05-22,01관,"14:00,  공동정범(디지털),  6,000원","16:30,  해원(디지털),  6,000원","19:00,  운동회(디지털),  6,000원",,,105
2018-05-23,01관,"10:30,  소공녀(디지털),  6,000원","16:30,  누에치던 방(디지털),  6,000원","19:00,  환절기(디지털),  6,000원",,,105
2018-05-24,01관,"16:30,  소공녀(디지털),  6,000원",,"19:00,  오렌지필름 기획전-그게 아닌데(디지털),  6,000원",,,105
2018-05-25,01관,"14:00,  운동회(디지털)","16:30,  해원(디지털),  6,000원","19:00,  수성못(디지털),  6,000원",,,105
2018-05-27,01관,"14:00,  소공녀(디지털)","16:30,  파란입이 달린 얼굴(디지털)","19:00,  해원(디지털),  6,000원",,,105
2018-05-28,01관,"14:00,  수성못(디지털),  6,000원","16:30,  해원(디지털),  6,000원","19:00,  운동회(디지털),  6,000원",,,105
2018-05-29,01관,"14:00,  해원(디지털),  4,000원","16:30,  소공녀(디지털),  6,000원","19:00,  누에치던 방(디지털)",,,105
2018-05-30,01관,,"16:30,  홈(디지털)","19:00,  파란입이 달린 얼굴(디지털),  6,000원",,,105
2018-05-31,01관,,"16:30,  소공녀(디지털)","19:00,  홈(디지털),  6,000원",,,105
2018-06-01,01관,"13:00,  서산개척단(디지털)","15:00,  해원(디지털),  5,000원","17:00,  홈(디지털)","19:00,  오아시스 세탁소(디지털),  6,000원",,105
2018-06-02,01관,"13:00,  해원(디지털)","15:00,  서산개척단(디지털),  6,000원","17:00,  소공녀(디지털)","19:00,  홈(디지털)",,105
2018-06-03,01관,"13:00,  홈(디지털),  6,000원","15:00,  소공녀(디지털),  6,000원","17:00,  해원(디지털),  6,000원",,,105
2018-06-04,01관,"13:00,  해원(디지털)","15:00,  홈(디지털)","17:00,  서산개척단(디지털),  6,000원","19:00,  오아시스 세탁소(디지털),  6,000원",,105
2018-06-05,01관,"13:00,  서산개척단(디지털)","15:00,  해원(디지털),  6,000원","17:00,  홈(디지털)","19:00,  소공녀(디지털)",,105
2018-06-06,01관,,,"17:00,  해원(디지털),  6,000원","19:00,  홈(디지털),  6,000원",,105
2018-06-07,01관,,,"17:00,  서산개척단(디지털)","19:00,  해원(디지털)",,105
2018-06-08,01관,"13:00,  홈(디지털)","15:00,  소공녀(디지털)","17:00,  해원(디지털)","19:00,  서산개척단(디지털),  6,000원",,105
2018-06-09,01관,"13:00,  서산개척단(디지털),  5,000원","15:00,  해원(디지털),  5,000원","17:00,  홈(디지털),  6,000원","19:00,  오아시스 세탁소(디지털)",,105
2018-06-10,01관,"13:00,  해원(디지털)","15:00,  서산개척단(디지털),  6,000원","17:00,  소공녀(디지털)","19:00,  홈(디지털)",,105
2018-06-11,01관,,"15:00,  오아시스 세탁소(디지털),  6,000원","17:00,  서산개척단(디지털)","19:00,  소공녀(디지털),  6,000원",,105
2018-06-12,01관,"13:00,  홈(디지털)","15:00,  서산개척단(디지털),  6,000원","17:00,  해원(디지털)","19:00,  오아시스 세탁소(디지털)",,105
2018-06-13,01관,,"17:00,  홈(디지털),  5,000원","19:00,  해원(디지털)",,,105
2018-06-14,01관,,"17:00,  오아시스 세탁소(디지털)","19:00,  서산개척단(디지털),  6,000원",,,105
2018-06-15,01관,"13:00,  서산개척단(디지털)",,"19:00,  홈(디지털),  6,000원",,,105
2018-06-16,01관,"13:00,  소공녀(디지털)","15:00,  홈(디지털),  6,000원","17:00,  오아시스 세탁소(디지털),  6,000원","19:00,  서산개척단(디지털),  6,000원",,105
2018-06-17,01관,"13:00,  홈(디지털),  6,000원","15:00,  서산개척단(디지털)","17:00,  해원(디지털),  5,000원","19:00,  소공녀(디지털)",,105
2018-06-18,01관,"13:00,  오아시스 세탁소(디지털),  6,000원",,,,,105
2018-06-19,01관,"13:00,  해원(디지털)","15:00,  홈(디지털)","17:00,  소공녀(디지털)","19:00,  서산개척단(디지털)",,105
2018-06-20,01관,,"17:00,  서산개척단(디지털)","19:00,  오아시스 세탁소(디지털),  6,000원",,,105
2018-06-21,01관,,"17:00,  해원(디지털)","19:00,  홈(디지털),  6,000원",,,105
2018-06-22,01관,"13:00,  해원(디지털)","15:00,  홈(디지털)","17:00,  서산개척단(디지털)","19:00,  튼튼이의 모험(디지털)",,105
2018-06-23,01관,"13:00,  튼튼이의 모험(디지털),  6,000원","15:00,  서산개척단(디지털),  5,000원","17:00,  소공녀(디지털),  6,000원","19:00,  해원(디지털)",,105
2018-06-24,01관,"13:00,  홈(디지털)","15:00,  해원(디지털)","17:00,  튼튼이의 모험(디지털)","19:00,  소공녀(디지털)",,105
2018-06-25,01관,"13:00,  해원(디지털)","15:00,  튼튼이의 모험(디지털),  6,000원","17:00,  소공녀(디지털),  6,000원","19:00,  서산개척단(디지털),  6,000원",,105
2018-06-26,01관,"13:00,  소공녀(디지털),  6,000원","15:00,  서산개척단(디지털),  6,000원","17:00,  해원(디지털),  6,000원","19:00,  홈(디지털)",,105
2018-06-27,01관,"17:00,  홈(디지털)","19:00,  튼튼이의 모험(디지털),  5,000원",,,,105
2018-06-28,01관,"17:00,  너와 극장에서(디지털)","19:00,  서산개척단(디지털)",,,,105
2018-06-29,01관,"13:00,  튼튼이의 모험(디지털),  6,000원","15:00,  소공녀(디지털),  6,000원","17:00,  너와 극장에서(디지털)","19:00,  서산개척단(디지털)",,105
2018-06-30,01관,"13:00,  홈(디지털)","15:00,  해원(디지털)","17:00,  튼튼이의 모험(디지털)","19:00,  너와 극장에서(디지털)",,105
2018-07-01,01관,,"15:00,  너와 극장에서(디지털),  6,000원","17:00,  홈(디지털),  5,000원",,,105
2018-07-02,01관,"13:00,  너와 극장에서(디지털),  6,000원","15:00,  서산개척단(디지털),  6,000원","17:00,  튼튼이의 모험(디지털),  6,000원","19:00,  해원(디지털),  6,000원",,105
2018-07-03,01관,"13:00,  해원(디지털)","15:00,  튼튼이의 모험(디지털)","17:00,  서산개척단(디지털)","19:00,  너와 극장에서(디지털),  6,000원",,105
2018-07-04,01관,"17:00,  너와 극장에서(디지털),  6,000원","19:00,  튼튼이의 모험(디지털)",,,,105
2018-07-05,01관,"17:00,  튼튼이의 모험(디지털),  6,000원","19:00,  너와 극장에서(디지털)",,,,105
2018-07-06,01관,"13:00,  홈(디지털)","15:00,  튼튼이의 모험(디지털)","17:00,  너와 극장에서(디지털),  6,000원","19:00,  거룩한 분노(디지털),  6,000원",,105
2018-07-07,01관,"13:00,  메멘토모리(디지털),  6,000원","15:00,  서산개척단(디지털)","17:00,  해원(디지털),  6,000원","19:00,  소공녀(디지털),  6,000원",,105
2018-07-08,01관,"13:00,  너와 극장에서(디지털)","15:00,  홈(디지털),  6,000원","17:00,  거룩한 분노(디지털),  6,000원","19:00,  해원(디지털)",,105
2018-07-09,01관,"13:00,  소공녀(디지털),  6,000원","15:00,  메멘토모리(디지털)","17:00,  서산개척단(디지털),  6,000원","19:00,  튼튼이의 모험(디지털),  5,000원",,105
2018-07-10,01관,"13:00,  거룩한 분노(디지털),  6,000원","15:00,  소공녀(디지털)","17:00,  튼튼이의 모험(디지털)","19:00,  메멘토모리(디지털)",,105
2018-07-11,01관,"17:00,  홈(디지털),  6,000원","19:00,  거룩한 분노(디지털),  6,000원",,,,105
2018-07-12,01관,"17:00,  튼튼이의 모험(디지털)","19:00,  너와 극장에서(디지털)",,,,105
2018-07-13,01관,"13:00,  메멘토모리(디지털),  6,000원","15:00,  소공녀(디지털)","17:00,  튼튼이의 모험(디지털)","19:00,  서산개척단(디지털)",,105
2018-07-14,01관,"13:00,  홈(디지털)","15:00,  거룩한 분노(디지털),  6,000원","17:00,  서산개척단(디지털)","19:00,  너와 극장에서(디지털)",,105
2018-07-15,01관,"13:00,  튼튼이의 모험(디지털),  6,000원","15:00,  너와 극장에서(디지털)","17:00,  메멘토모리(디지털)","19:00,  소공녀(디지털),  5,000원",,105
2018-07-16,01관,"13:00,  거룩한 분노(디지털),  6,000원","15:00,  튼튼이의 모험(디지털)","17:00,  너와 극장에서(디지털)","19:00,  홈(디지털)",,105
2018-07-17,01관,"13:00,  서산개척단(디지털)","15:00,  너와 극장에서(디지털)","17:00,  거룩한 분노(디지털),  5,000원","19:00,  튼튼이의 모험(디지털)",,105
2018-07-18,01관,"17:00,  너와 극장에서(디지털),  6,000원","19:00,  메멘토모리(디지털)",,,,105
2018-07-19,01관,"17:00,  행복의 나라(디지털)",,,,,105
2018-07-20,01관,"13:00,  튼튼이의 모험(디지털)","15:00,  홈(디지털)","17:00,  행복의 나라(디지털),  6,000원","19:30,  너와 극장에서(디지털),  6,000원",,105
2018-07-21,01관,"13:00,  메멘토모리(디지털),  6,000원","15:00,  거룩한 분노(디지털)","17:00,  소공녀(디지털),  6,000원","19:00,  홈(디지털),  6,000원",,105
2018-07-22,01관,"13:00,  너와 극장에서(디지털)","15:00,  행복의 나라(디지털)","17:00,  튼튼이의 모험(디지털),  5,000원","19:00,  거룩한 분노(디지털)",,105
2018-07-23,01관,"13:00,  행복의 나라(디지털)","15:00,  서산개척단(디지털)","17:00,  메멘토모리(디지털)","19:00,  소공녀(디지털)",,105
2018-07-24,01관,"13:00,  서산개척단(디지털)","15:00,  튼튼이의 모험(디지털),  5,000원","17:00,  행복의 나라(디지털),  6,000원","19:00,  너와 극장에서(디지털),  6,000원",,105
2018-07-25,01관,"17:00,  메멘토모리(디지털)","19:00,  오렌지필름 기획전- 지금 당장! 김나경!(디지털),  6,000원",,,,105
2018-07-26,01관,"17:00,  거룩한 분노(디지털)","19:00,  행복의 나라(디지털),  6,000원",,,,105
2018-07-27,01관,"13:00,  거룩한 분노(디지털)","15:00,  메멘토모리(디지털),  5,000원","17:00,  소공녀(디지털),  5,000원","19:00,  서산개척단(디지털),  6,000원",,105
2018-07-28,01관,"13:00,  서산개척단(디지털)","15:00,  너와 극장에서(디지털)","17:00,  튼튼이의 모험(디지털)","19:00,  행복의 나라(디지털),  6,000원",,105
2018-07-29,01관,"13:00,  행복의 나라(디지털)","15:00,  서산개척단(디지털)","17:00,  너와 극장에서(디지털)","19:00,  메멘토모리(디지털)",,105
2018-07-30,01관,"13:00,  튼튼이의 모험(디지털)","15:00,  행복의 나라(디지털)","17:00,  서산개척단(디지털)","19:00,  거룩한 분노(디지털),  6,000원",,105
2018-07-31,01관,"13:00,  너와 극장에서(디지털)","15:00,  거룩한 분노(디지털)","17:00,  행복의 나라(디지털),  6,000원","19:00,  튼튼이의 모험(디지털)",,105
2018-08-01,01관,"17:00,  서산개척단(디지털)","19:00,  행복의 나라(디지털)",,,,105
2018-08-02,01관,"17:00,  메멘토모리(디지털),  6,000원",,,,,105
2018-08-03,01관,"13:00,  행복의 나라(디지털),  6,000원","15:00,  소공녀(디지털),  6,000원","17:00,  메멘토모리(디지털)","19:00,  너와 극장에서(디지털)",,105
2018-08-04,01관,"13:00,  너와 극장에서(디지털)","15:00,  행복의 나라(디지털)","17:00,  거룩한 분노(디지털),  6,000원","19:00,  소공녀(디지털),  6,000원",,105
2018-08-05,01관,"13:00,  소공녀(디지털),  6,000원","15:00,  너와 극장에서(디지털)","17:00,  행복의 나라(디지털),  6,000원","19:00,  메멘토모리(디지털)",,105
2018-08-07,01관,"13:00,  거룩한 분노(디지털)","15:00,  너와 극장에서(디지털)","17:00,  메멘토모리(디지털)","19:00,  행복의 나라(디지털)",,105
2018-08-08,01관,,,"17:00,  너와 극장에서(디지털)","19:00,  거룩한 분노(디지털)",,105
2018-08-09,01관,,,"17:00,  메멘토모리(디지털)","19:00,  행복의 나라(디지털)",,105
2018-08-10,01관,"13:00,  너와 극장에서(디지털)","15:00,  메멘토모리(디지털)","17:00,  행복의 나라(디지털),  6,000원","19:00,  거룩한 분노(디지털),  6,000원",,105
2018-08-11,01관,"13:00,  메멘토모리(디지털)","15:00,  너와 극장에서(디지털)","17:00,  거룩한 분노(디지털)","19:00,  행복의 나라(디지털)",,105
2018-08-12,01관,"13:00,  행복의 나라(디지털)","15:00,  거룩한 분노(디지털),  6,000원","17:00,  메멘토모리(디지털)","19:00,  너와 극장에서(디지털)",,105
2018-08-13,01관,"13:00,  거룩한 분노(디지털)","15:00,  메멘토모리(디지털)","17:00,  너와 극장에서(디지털)","19:00,  행복의 나라(디지털)",,105
2018-08-14,01관,"13:00,  너와 극장에서(디지털),  5,000원","15:00,  행복의 나라(디지털),  5,000원","17:00,  22(디지털),  6,000원","19:00,  메멘토모리(디지털)",,105
2018-08-15,01관,,,"17:00,  카운터스(디지털),  6,000원","19:00,  22(디지털),  6,000원",,105
2018-08-16,01관,,,"17:00,  행복의 나라(디지털)",,,105
2018-08-17,01관,"13:00,  행복의 나라(디지털)","15:00,  카운터스(디지털),  6,000원","17:00,  너와 극장에서(디지털),  5,000원","19:00,  소성리(디지털),  5,000원",,105
2018-08-18,01관,"13:00,  거룩한 분노(디지털),  6,000원","15:00,  행복의 나라(디지털),  5,000원","17:00,  22(디지털),  6,000원","19:00,  카운터스(디지털),  6,000원",,105
2018-08-19,01관,"13:00,  너와 극장에서(디지털),  5,000원","15:00,  소성리(디지털),  6,000원","17:00,  카운터스(디지털),  6,000원","19:00,  22(디지털)",,105
2018-08-20,01관,"13:00,  카운터스(디지털)","15:00,  22(디지털),  6,000원","17:00,  행복의 나라(디지털),  6,000원","19:00,  2018_hyukoh_24howtofindtrueloveandhappiness.proproj(디지털),  6,000원",,105
2018-08-21,01관,"13:00,  소성리(디지털)",,"15:00,  거룩한 분노(디지털),  6,000원","19:00,  2018_hyukoh_24howtofindtrueloveandhappiness.proproj(디지털),  6,000원",,105
2018-08-22,01관,,,"17:00,  22(디지털),  6,000원","19:00,  2018_hyukoh_24howtofindtrueloveandhappiness.proproj(디지털),  6,000원",,105
2018-08-23,01관,,,"17:00,  어른도감(디지털)","19:00,  오렌지필름 기획전 - 어느 것을 고를까요? (디지털),  6,000원",,105
2018-08-24,01관,"13:00,  22(디지털)","15:00,  어른도감(디지털),  5,000원","17:00,  카운터스(디지털)","19:00,  거룩한 분노(디지털)",,105
2018-08-25,01관,"13:00,  카운터스(디지털),  6,000원","15:00,  소성리(디지털)","17:00,  어른도감(디지털),  6,000원","19:00,  22(디지털)",,105
2018-08-26,01관,"13:00,  거룩한 분노(디지털),  6,000원","15:00,  행복의 나라(디지털),  6,000원","17:00,  22(디지털),  6,000원","19:00,  어른도감(디지털)",,105
2018-08-27,01관,"13:00,  22(디지털)","15:00,  어른도감(디지털),  6,000원","17:00,  소성리(디지털)","19:00,  카운터스(디지털),  6,000원",,105
2018-08-28,01관,"13:00,  어른도감(디지털),  6,000원",,,,,105
2018-08-29,01관,,,"17:00,  카운터스(디지털),  6,000원","19:00,  소성리(디지털)",,105
2018-08-30,01관,,,"17:00,  살아남은 아이(디지털)",,,105
2018-08-31,01관,"13:00,  대관람차(디지털)","15:00,  살아남은 아이(디지털),  6,000원","17:20,  소성리(디지털)","19:00,  어른도감(디지털),  6,000원",,105
2018-09-01,01관,"13:00,  살아남은 아이(디지털)","15:10,  어른도감(디지털),  6,000원","17:00,  대관람차(디지털)","19:00,  22(디지털),  6,000원",,105
2018-09-02,01관,"13:00,  소성리(디지털)","15:00,  대관람차(디지털),  6,000원","17:00,  살아남은 아이(디지털),  6,000원","19:20,  어른도감(디지털),  6,000원",,105
2018-09-03,01관,"13:00,  어른도감(디지털),  6,000원",,,,,105
2018-09-04,01관,"13:00,  살아남은 아이(디지털),  6,000원","15:20,  소성리(디지털),  6,000원",,,,105
2018-09-05,01관,,,,"19:00,  대관람차(디지털),  6,000원",,105
2018-09-06,01관,,,"16:40,  살아남은 아이(디지털),  6,000원",,,105
2018-09-07,01관,,"15:00,  대관람차(디지털),  6,000원",,,,105
2018-09-08,01관,,,,"19:00,  살아남은 아이(디지털),  6,000원",,105
2018-09-09,01관,"13:00,  살아남은 아이(디지털),  6,000원","15:10,  22(디지털),  6,000원",,"19:00,  대관람차(디지털),  6,000원",,105
2018-09-10,01관,,,,"19:20,  어른도감(디지털),  6,000원",,105
2018-09-11,01관,"13:00,  어른도감(디지털),  6,000원",,,,,105
2018-09-12,01관,,,"17:00,  22(디지털),  6,000원",,,105
2018-09-13,01관,,,"17:00,  봄이가도(디지털),  6,000원",,,105
2018-09-14,01관,,"15:00,  살아남은 아이(디지털),  6,000원","17:20,  더 블랙(디지털),  5,000원","19:00,  죄 많은 소녀(디지털),  6,000원",,105
2018-09-15,01관,"13:30,  봄이가도(디지털),  5,000원","15:00,  죄 많은 소녀(디지털),  6,000원",,"19:00,  살아남은 아이(디지털),  6,000원",,105
2018-09-16,01관,"13:00,  더 블랙(디지털),  6,000원",,"17:00,  22(디지털),  6,000원",,,105
2018-09-17,01관,,"15:10,  죄 많은 소녀(디지털),  6,000원",,"19:00,  대관람차(디지털),  6,000원",,105
2018-09-18,01관,"13:00,  죄 많은 소녀(디지털),  6,000원","15:10,  봄이가도(디지털),  6,000원","17:00,  어른도감(디지털),  6,000원","19:00,  살아남은 아이(디지털),  6,000원",,105
2018-09-19,01관,,,"17:00,  죄 많은 소녀(디지털),  6,000원","19:10,  더 블랙(디지털),  6,000원",,105
2018-09-21,01관,"13:00,  살아남은 아이(디지털),  6,000원","15:10,  봄이가도(디지털),  6,000원","16:50,  죄 많은 소녀(디지털),  6,000원","19:00,  HYUKOH_NA_TOUR1.PRPROJ (디지털),  6,000원",,105
2018-09-22,01관,"13:00,  죄 많은 소녀(디지털),  6,000원",,"17:00,  대관람차(디지털),  6,000원","19:10,  어른도감(디지털),  6,000원",,105
2018-09-23,01관,"13:00,  나부야 나부야(디지털),  6,000원","15:00,  죄 많은 소녀(디지털),  6,000원",,"19:30,  더 블랙(디지털),  6,000원",,105
2018-09-27,01관,,,"17:00,  봄이가도(디지털),  5,000원","19:00,  오렌지필름 기획전 - do not reply(디지털),  6,000원",,105
2018-09-28,01관,"13:00,  대관람차(디지털),  6,000원","15:00,  나부야 나부야(디지털),  6,000원","17:00,  살아남은 아이(디지털),  6,000원","19:20,  더 블랙(디지털),  6,000원",,105
2018-09-29,01관,"13:00,  나부야 나부야(디지털),  6,000원","15:00,  죄 많은 소녀(디지털),  6,000원","17:10,  봄이가도(디지털),  6,000원","19:00,  살아남은 아이(디지털),  6,000원",,105
2018-09-30,01관,,"15:00,  대관람차(디지털),  5,000원","17:00,  죄 많은 소녀(디지털),  6,000원","19:10,  나부야 나부야(디지털),  6,000원",,105
2018-10-01,01관,,,"17:00,  대관람차(디지털),  6,000원","19:00,  죄 많은 소녀(디지털),  6,000원",,105
2018-10-02,01관,"13:00,  죄 많은 소녀(디지털),  6,000원","15:10,  봄이가도(디지털),  6,000원","17:00,  나부야 나부야(디지털),  6,000원","19:00,  살아남은 아이(디지털),  6,000원",,105
2018-10-03,01관,,,"17:00,  더 블랙(디지털),  5,000원",,,105
2018-10-04,01관,,,"17:00,  대관람차(디지털),  6,000원","19:00,  나부야 나부야(디지털),  6,000원",,105
2018-10-05,01관,"13:00,  나부야 나부야(디지털),  6,000원",,"17:00,  봄이가도(디지털),  5,000원","19:00,  죄 많은 소녀(디지털),  6,000원",,105
2018-10-06,01관,,"15:00,  죄 많은 소녀(디지털),  6,000원",,,,105
2018-10-07,01관,,"15:00,  대관람차(디지털),  6,000원","17:00,  죄 많은 소녀(디지털),  6,000원","19:10,  살아남은 아이(디지털),  6,000원",,105
2018-10-08,01관,"13:00,  봄이가도(디지털),  6,000원",,"17:00,  대관람차(디지털),  6,000원",,,105
2018-10-09,01관,"13:00,  살아남은 아이(디지털),  6,000원",,"17:00,  죄 많은 소녀(디지털),  6,000원","19:10,  대관람차(디지털),  6,000원",,105
2018-10-10,01관,,,,"19:20,  나부야 나부야(디지털),  6,000원",,105
2018-10-11,01관,"10:00,  살아남은 아이(디지털),  4,000원",,,,,105
2018-10-12,01관,"13:00,  걷기 좋은 날(디지털),  6,000원",,,"19:00,  살아남은 아이(디지털),  6,000원",,105
2018-10-13,01관,,,,"19:00,  죄 많은 소녀(디지털),  6,000원",,105
2018-10-14,01관,"13:00,  죄 많은 소녀(디지털),  6,000원","15:10,  걷기 좋은 날(디지털),  6,000원",,,,105
2018-10-15,01관,,,,"19:00,  죄 많은 소녀(디지털),  6,000원",,105
2018-10-16,01관,,,,"19:00,  봄이가도(디지털),  6,000원",,105
2018-10-18,01관,,,,"19:30,  안나, 평양에서 영화를 배우다(디지털),  5,000원",,105
2018-10-19,01관,"13:00,  죄 많은 소녀(디지털),  6,000원",,,"19:00,  춘천, 춘천(디지털),  6,000원",,105
2018-10-22,01관,"13:00,  안나, 평양에서 영화를 배우다(디지털),  6,000원","15:00,  춘천, 춘천(디지털),  6,000원",,,,105
2018-10-23,01관,"13:00,  걷기 좋은 날(디지털),  6,000원","15:00,  죄 많은 소녀(디지털),  6,000원",,,,105
2018-10-24,01관,,,,"19:00,  봄이가도(디지털),  6,000원",,105
2018-10-25,01관,,,"17:00,  집의 시간들(디지털),  6,000원","19:00,  오렌지필름 기획전 - 아름다운 것(디지털),  6,000원",,105
2018-10-26,01관,"13:00,  춘천, 춘천(디지털),  6,000원","15:00,  나부야 나부야(디지털)","17:00,  풀잎들(디지털)","19:00,  죄 많은 소녀(디지털),  6,000원",,105
2018-10-27,01관,,,,"19:00,  집의 시간들(디지털),  6,000원",,105
2018-10-28,01관,"13:00,  풀잎들(디지털),  6,000원","15:00,  죄 많은 소녀(디지털),  6,000원","17:10,  나부야 나부야(디지털),  6,000원","19:00,  걷기 좋은 날(디지털)",,105
2018-10-29,01관,"13:00,  안나, 평양에서 영화를 배우다(디지털),  6,000원","15:00,  집의 시간들(디지털)","17:00,  춘천, 춘천(디지털)","19:00,  나부야 나부야(디지털)",,105
2018-10-30,01관,,"15:00,  풀잎들(디지털),  6,000원",,"19:10,  춘천, 춘천(디지털),  6,000원",,105
2018-10-31,01관,,,,"19:00,  1991, 봄(디지털),  6,000원",,105
2018-11-01,01관,,,,"19:00,  밤치기(디지털),  6,000원",,105
2018-11-02,01관,"13:00,  집의 시간들(디지털),  6,000원","15:00,  춘천, 춘천(디지털),  6,000원","17:00,  나부야 나부야(디지털),  6,000원",,,105
2018-11-03,01관,"13:00,  밤치기(디지털),  6,000원","15:00,  풀잎들(디지털),  6,000원","17:00,  죄 많은 소녀(디지털),  6,000원","19:10,  1991, 봄(디지털),  6,000원",,105
2018-11-04,01관,"13:00,  1991, 봄(디지털),  6,000원",,,"19:00,  집의 시간들(디지털),  6,000원",,105
2018-11-05,01관,,"15:00,  죄 많은 소녀(디지털),  6,000원","17:10,  풀잎들(디지털),  6,000원","19:00,  춘천, 춘천(디지털),  6,000원",,105
2018-11-06,01관,"13:00,  풀잎들(디지털),  6,000원",,"17:00,  걷기 좋은 날(디지털),  6,000원","19:00,  밤치기(디지털),  5,000원",,105
2018-11-07,01관,,,"17:00,  집의 시간들(디지털),  6,000원",,,105
2018-11-09,01관,,"15:00,  밤치기(디지털),  6,000원","17:00,  죄 많은 소녀(디지털),  6,000원",,,105
2018-11-10,01관,"13:00,  풀잎들(디지털),  6,000원","15:00,  춘천, 춘천(디지털),  5,000원","17:00,  집의 시간들(디지털),  6,000원",,,105
2018-11-11,01관,"13:00,  죄 많은 소녀(디지털),  6,000원",,,"19:00,  풀잎들(디지털),  6,000원",,105
2018-11-12,01관,"13:00,  밤치기(디지털),  6,000원","15:00,  집의 시간들(디지털),  6,000원","17:00,  풀잎들(디지털),  6,000원",,,105
2018-11-13,01관,,"15:00,  풀잎들(디지털),  6,000원",,,,105
2018-11-14,01관,,,"17:00,  1991, 봄(디지털),  6,000원","19:00,  집의 시간들(디지털),  6,000원",,105
2018-11-19,01관,,,"17:00,  풀잎들(디지털),  6,000원","19:00,  마담 B(디지털),  6,000원",,105
2018-11-20,01관,"13:00,  밤치기(디지털),  6,000원","15:00,  죄 많은 소녀(디지털),  6,000원","17:10,  집의 시간들(디지털),  6,000원",,,105
2018-11-21,01관,,,"17:00,  밤치기(디지털),  6,000원","19:00,  뷰티풀 데이즈(디지털),  6,000원",,105
2018-11-22,01관,,,"17:00,  영주(디지털),  6,000원","19:00,  1991, 봄(디지털),  5,000원",,105
2018-11-23,01관,"13:00,  풀잎들(디지털),  6,000원","15:00,  춘천, 춘천(디지털),  6,000원","17:00,  마담 B(디지털),  6,000원","19:30,  뷰티풀 데이즈(디지털),  6,000원",,105
2018-11-24,01관,"13:00,  집의 시간들(디지털),  5,000원","15:00,  밤치기(디지털),  6,000원",,"19:00,  영주(디지털),  6,000원",,105
2018-11-25,01관,,,"17:00,  집의 시간들(디지털),  6,000원","19:00,  죄 많은 소녀(디지털),  6,000원",,105
2018-11-26,01관,,"15:00,  죄 많은 소녀(디지털),  6,000원","17:10,  뷰티풀 데이즈(디지털),  6,000원","19:00,  춘천, 춘천(디지털),  6,000원",,105
2018-11-27,01관,"13:00,  뷰티풀 데이즈(디지털),  6,000원","15:00,  1991, 봄(디지털),  6,000원",,"19:00,  마담 B(디지털),  6,000원",,105
2018-11-28,01관,,,"17:00,  밤치기(디지털),  6,000원","19:00,  집의 시간들(디지털),  5,000원",,105
2018-11-29,01관,,,"17:00,  영주(디지털),  6,000원","19:00,  오렌지필름 기획전 - 주인공을 따라가줘!(디지털),  6,000원",,105
2018-12-01,01관,,"15:00,  죄 많은 소녀(디지털),  6,000원","17:10,  마담 B(디지털),  6,000원","19:00,  풀잎들(디지털),  6,000원",,105
2018-12-02,01관,"13:00,  뷰티풀 데이즈(디지털),  6,000원","15:00,  밤치기(디지털),  6,000원",,"19:00,  1991, 봄(디지털),  6,000원",,105
2018-12-03,01관,,"15:00,  1991, 봄(디지털),  6,000원","17:00,  영주(디지털),  6,000원",,,105
2018-12-04,01관,"13:00,  죄 많은 소녀(디지털),  5,000원",,,,,105
2018-12-05,01관,,"17:00,  영주(디지털),  6,000원",,,,105
2018-12-06,01관,,,,"19:00,  다영씨(디지털),  5,000원",,105
2018-12-10,01관,,"17:00,  뷰티풀 데이즈(디지털),  6,000원","14:10,  영주(디지털),  5,000원","19:00,  마담 B(디지털),  6,000원",,105
2018-12-11,01관,,"15:00,  풀잎들(디지털),  6,000원",,,,105
2018-12-12,01관,,,"17:00,  마담 B(디지털),  6,000원",,,105
2018-12-13,01관,,,"17:00,  어른이 되면(디지털),  6,000원",,,105
2018-12-14,01관,"13:00,  영주(디지털),  6,000원",,"17:00,  어른이 되면(디지털),  6,000원","19:00,  영시(디지털),  6,000원",,105
2018-12-15,01관,,"15:00,  밤치기(디지털),  5,000원",,"19:00,  풀잎들(디지털),  6,000원",,105
2018-12-16,01관,"13:00,  마담 B(디지털),  5,000원","15:00,  영주(디지털),  6,000원","17:00,  다영씨(디지털),  6,000원","19:00,  어른이 되면(디지털),  6,000원",,105
2018-12-17,01관,,"15:00,  풀잎들(디지털),  5,000원",,"19:00,  1991, 봄(디지털),  6,000원",,105
2018-12-18,01관,"13:00,  뷰티풀 데이즈(디지털),  6,000원",,"17:00,  영주(디지털),  6,000원","19:00,  다영씨(디지털),  6,000원",,105
2018-12-19,01관,,,"17:00,  풀잎들(디지털),  6,000원","19:00,  밤치기(디지털),  6,000원",,105
2018-12-20,01관,,,,"19:00,  오렌지필름 기획전 - 아마도 계속 될 이야기(디지털),  6,000원",,105
2018-12-22,01관,"13:00,  버블 패밀리(디지털),  5,000원",,,,,105
2018-12-23,01관,"13:00,  어른이 되면(디지털),  6,000원","15:00,  영주(디지털),  6,000원",,,,105
2018-12-24,01관,"13:00,  영주(디지털),  6,000원",,"17:00,  어른이 되면(디지털),  6,000원",,,105
2018-12-25,01관,"13:00,  1991, 봄(디지털),  5,000원","15:00,  버블 패밀리(디지털),  6,000원","17:00,  마담 B(디지털),  5,000원","19:00,  뷰티풀 데이즈(디지털),  6,000원",,105
2018-12-26,01관,,,"17:00,  영주(디지털),  6,000원",,,105
2018-12-27,01관,,,,"19:00,  어른이 되면(디지털),  6,000원",,105
2018-12-29,01관,,,"17:00,  어른이 되면(디지털),  6,000원",,,105
2019-01-02,01관,,"15:00,  1991, 봄(디지털),  6,000원",,,,105
2019-01-03,01관,,"15:00,  영주(디지털),  5,000원","17:00,  다영씨(디지털),  6,000원","19:00,  어른이 되면(디지털),  6,000원",,105
2019-01-04,01관,"13:00,  어른이 되면(디지털),  6,000원",,"17:00,  두 번째 겨울(디지털),  6,000원",,,105
2019-01-05,01관,,"15:00,  두 번째 겨울(디지털),  6,000원","17:00,  뷰티풀 데이즈(디지털),  6,000원",,,105
2019-01-06,01관,"13:00,  영주(디지털),  6,000원","15:00,  어른이 되면(디지털),  6,000원",,"19:00,  마담 B(디지털),  6,000원",,105
2019-01-08,01관,,,,"19:00,  두 번째 겨울(디지털),  6,000원",,105
2019-01-09,01관,,"15:00,  뷰티풀 데이즈(디지털),  6,000원",,,,105
2019-01-10,01관,"13:00,  어른이 되면(디지털),  6,000원","15:00,  1991, 봄(디지털)","17:00,  마담 B(디지털)","19:00,  다영씨(디지털),  6,000원",,105
2019-01-11,01관,"13:00,  뷰티풀 데이즈(디지털)","15:00,  영주(디지털)","17:00,  두 번째 겨울(디지털),  6,000원","19:00,  버블 패밀리(디지털)",,105
2019-01-12,01관,"13:00,  영주(디지털)","15:00,  두 번째 겨울(디지털),  6,000원","17:00,  1991, 봄(디지털)","19:00,  어른이 되면(디지털)",,105
2019-01-13,01관,"13:00,  어른이 되면(디지털),  6,000원","15:00,  버블 패밀리(디지털),  6,000원","17:00,  영주(디지털),  6,000원","19:00,  1991, 봄(디지털)",,105
2019-01-14,01관,"13:00,  버블 패밀리(디지털)","15:00,  1991, 봄(디지털)","17:00,  뷰티풀 데이즈(디지털)","19:00,  두 번째 겨울(디지털)",,105
2019-01-15,01관,"13:00,  1991, 봄(디지털)","15:00,  어른이 되면(디지털),  6,000원","17:00,  영주(디지털),  6,000원","19:00,  뷰티풀 데이즈(디지털),  6,000원",,105
2019-01-16,01관,"13:00,  뷰티풀 데이즈(디지털)","15:00,  버블 패밀리(디지털)","17:00,  두 번째 겨울(디지털)","19:00,  영주(디지털),  6,000원",,105
2019-01-17,01관,"13:00,  버블 패밀리(디지털)","15:00,  두 번째 겨울(디지털),  6,000원","17:00,  어른이 되면(디지털)","19:00,  메이트(디지털),  6,000원",,105
2019-01-18,01관,"13:00,  어른이 되면(디지털)","15:00,  1991, 봄(디지털),  5,000원","17:00,  메이트(디지털),  6,000원","19:00,  두 번째 겨울(디지털),  6,000원",,105
2019-01-20,01관,"13:00,  메이트(디지털),  6,000원","15:00,  뷰티풀 데이즈(디지털),  6,000원","17:00,  두 번째 겨울(디지털),  6,000원","19:00,  버블 패밀리(디지털)",,105
2019-01-21,01관,"13:00,  영주(디지털),  5,000원","15:00,  메이트(디지털),  6,000원","17:00,  버블 패밀리(디지털),  6,000원","19:00,  1991, 봄(디지털)",,105
2019-01-22,01관,"13:30,  어른이 되면(디지털),  6,000원","15:30,  두 번째 겨울(디지털)","17:00,  뷰티풀 데이즈(디지털)","19:00,  메이트(디지털),  6,000원",,105
2019-01-23,01관,"13:00,  1991, 봄(디지털),  6,000원","15:00,  영주(디지털),  5,000원","17:00,  메이트(디지털),  6,000원","19:00,  어른이 되면(디지털),  6,000원",,105
2019-01-24,01관,"13:00,  뷰티풀 데이즈(디지털),  5,000원","15:00,  얼굴들(디지털),  6,000원","17:30,  버블 패밀리(디지털)","19:00,  오렌지필름 기획전-핑퐁(디지털),  6,000원",,105
2019-01-25,01관,"13:00,  두 번째 겨울(디지털)","15:00,  영주(디지털)","17:00,  메이트(디지털)","19:00,  1991, 봄(디지털),  6,000원",,105
2019-01-26,01관,"13:00,  버블 패밀리(디지털)","15:00,  얼굴들(디지털)","17:30,  두 번째 겨울(디지털),  6,000원","19:00,  영주(디지털)",,105
2019-01-27,01관,"13:00,  영주(디지털),  6,000원","15:00,  어른이 되면(디지털),  6,000원","17:00,  얼굴들(디지털)","19:30,  메이트(디지털)",,105
2019-01-28,01관,"13:00,  1991, 봄(디지털),  6,000원","15:00,  어른이 되면(디지털),  6,000원","17:00,  버블 패밀리(디지털)","19:00,  얼굴들(디지털)",,105
2019-01-29,01관,"13:00,  메이트(디지털)","15:00,  1991, 봄(디지털)","17:00,  어른이 되면(디지털)","19:00,  두 번째 겨울(디지털)",,105
2019-01-30,01관,"13:00,  얼굴들(디지털)","15:30,  두 번째 겨울(디지털)","17:00,  영주(디지털)","19:00,  이월(디지털),  6,000원",,105
2019-01-31,01관,"13:00,  버블 패밀리(디지털)","14:30,  얼굴들(디지털),  6,000원","17:00,  어른이 되면(디지털)","19:00,  메이트(디지털)",,105
2019-02-01,01관,"13:00,  얼굴들(디지털)","15:30,  두 번째 겨울(디지털),  6,000원","17:00,  메이트(디지털),  6,000원","19:00,  어른이 되면(디지털),  6,000원",,105
2019-02-02,01관,"13:00,  이월(디지털),  6,000원","15:10,  메이트(디지털),  6,000원","17:00,  영주(디지털),  6,000원","19:00,  1991, 봄(디지털),  6,000원",,105
2019-02-03,01관,"13:00,  영주(디지털)","15:00,  이월(디지털),  6,000원","17:20,  두 번째 겨울(디지털),  6,000원","19:00,  얼굴들(디지털),  6,000원",,105
2019-02-07,01관,"13:00,  이월(디지털)","15:00,  어른이 되면(디지털)","17:00,  1991, 봄(디지털),  6,000원","19:00,  영주(디지털),  6,000원",,105
2019-02-08,01관,"13:00,  메이트(디지털)","15:00,  두 번째 겨울(디지털),  6,000원","17:00,  어른이 되면(디지털),  6,000원","19:00,  얼굴들(디지털)",,105
2019-02-09,01관,"13:00,  어른이 되면(디지털)","15:00,  얼굴들(디지털),  6,000원","17:30,  두 번째 겨울(디지털),  6,000원","19:00,  이월(디지털)",,105
2019-02-10,01관,"13:00,  이월(디지털),  6,000원","15:10,  어른이 되면(디지털),  6,000원","17:00,  메이트(디지털)","19:00,  두 번째 겨울(디지털),  6,000원",,105
2019-02-11,01관,"13:00,  두 번째 겨울(디지털)","15:00,  이월(디지털),  6,000원","17:00,  얼굴들(디지털)","19:30,  어른이 되면(디지털)",,105
2019-02-12,01관,"13:00,  얼굴들(디지털)","15:20,  메이트(디지털)","17:00,  이월(디지털)","19:20,  두 번째 겨울(디지털)",,105
2019-02-13,01관,"13:00,  두 번째 겨울(디지털)","15:00,  시인 할매(디지털),  6,000원","17:00,  메이트(디지털)","19:00,  이월(디지털)",,105
2019-02-14,01관,"13:00,  시인 할매(디지털),  6,000원","15:00,  얼굴들(디지털)","17:30,  두 번째 겨울(디지털)","19:00,  메이트(디지털)",,105
2019-02-15,01관,"13:00,  이월(디지털)","15:10,  어른이 되면(디지털),  6,000원","17:00,  메이트(디지털),  6,000원","19:00,  시인 할매(디지털),  6,000원",,105
2019-02-16,01관,"13:00,  얼굴들(디지털),  6,000원","15:30,  두 번째 겨울(디지털)","17:00,  시인 할매(디지털),  6,000원","19:00,  어른이 되면(디지털)",,105
2019-02-17,01관,"13:00,  메이트(디지털)","15:00,  어른이 되면(디지털),  6,000원","17:00,  이월(디지털)","19:10,  얼굴들(디지털)",,105
2019-02-18,01관,"13:00,  이월(디지털)","15:10,  시인 할매(디지털),  6,000원","17:00,  얼굴들(디지털),  6,000원","19:30,  두 번째 겨울(디지털)",,105
2019-02-19,01관,"13:00,  어른이 되면(디지털)","15:00,  이월(디지털),  6,000원","17:10,  메이트(디지털)","19:00,  얼굴들(디지털)",,105
2019-02-20,01관,"13:00,  시인 할매(디지털),  6,000원","15:00,  얼굴들(디지털),  6,000원","17:30,  두 번째 겨울(디지털),  6,000원","19:00,  어른이 되면(디지털),  6,000원",,105
2019-02-21,01관,"13:00,  얼굴들(디지털)","15:20,  메이트(디지털)","17:00,  이월(디지털),  6,000원","19:00,  오렌지필름 기획전 - 위대한 귀여움에 대하여(디지털),  6,000원",,105
2019-02-22,01관,"13:00,  어른이 되면(디지털),  6,000원","15:00,  이월(디지털),  6,000원","17:10,  메이트(디지털)","19:00,  시인 할매(디지털),  6,000원",,105
2019-02-23,01관,"13:00,  메이트(디지털),  6,000원","15:00,  어른이 되면(디지털),  6,000원","17:00,  시인 할매(디지털)","19:00,  이월(디지털),  6,000원",,105
2019-02-24,01관,"13:00,  얼굴들(디지털)","15:30,  시인 할매(디지털),  6,000원","17:10,  메이트(디지털),  6,000원","19:00,  어른이 되면(디지털)",,105
2019-02-25,01관,"13:00,  이월(디지털),  6,000원","15:10,  시인 할매(디지털)","17:10,  얼굴들(디지털)","19:30,  메이트(디지털)",,105
2019-02-26,01관,"13:00,  시인 할매(디지털),  6,000원","15:20,  메이트(디지털),  6,000원","17:00,  어른이 되면(디지털),  6,000원","19:00,  얼굴들(디지털)",,105
2019-02-27,01관,"13:15,  칠곡 가시나들(디지털),  5,000원",,,,,105
2019-02-28,01관,"13:00,  시인 할매(디지털),  6,000원","15:00,  포항(디지털)","17:00,  메이트(디지털)","19:00,  국경의 왕(디지털),  6,000원",,105
2019-03-01,01관,"13:00,  국경의 왕(디지털),  6,000원","15:10,  칠곡 가시나들(디지털),  6,000원","17:00,  시인 할매(디지털),  6,000원","19:00,  포항(디지털)",,105
2019-03-02,01관,"13:00,  시인 할매(디지털)","15:00,  얼굴들(디지털),  6,000원","17:20,  국경의 왕(디지털),  6,000원","19:30,  칠곡 가시나들(디지털),  6,000원",,105
2019-03-03,01관,"13:00,  포항(디지털)","15:00,  이월(디지털)","17:10,  시인 할매(디지털),  6,000원","19:20,  어른이 되면(디지털),  6,000원",,105
2019-03-04,01관,"13:00,  얼굴들(디지털)","15:20,  시인 할매(디지털)","17:00,  칠곡 가시나들(디지털),  6,000원","19:00,  국경의 왕(디지털),  6,000원",,105
2019-03-05,01관,"13:00,  칠곡 가시나들(디지털),  6,000원","15:00,  포항(디지털),  6,000원",,,,105
2019-03-07,01관,,,"17:00,  내가 사는 세상(디지털),  6,000원",,,105
2019-03-08,01관,"13:00,  칠곡 가시나들(디지털),  6,000원",,,,,105
2019-03-09,01관,"19:00,  칠곡 가시나들(디지털),  6,000원",,,,,105
2019-03-10,01관,,"15:20,  칠곡 가시나들(디지털),  6,000원","17:20,  이월(디지털),  6,000원","19:30,  시인 할매(디지털),  6,000원",,105
2019-03-11,01관,,,"17:00,  칠곡 가시나들(디지털),  6,000원","19:00,  포항(디지털),  6,000원",,105
2019-03-12,01관,,,"17:00,  국경의 왕(디지털),  6,000원",,,105
2019-03-13,01관,,"19:00,  칠곡 가시나들(디지털),  6,000원",,,,105
2019-03-14,01관,,"19:00,  히치하이크(디지털),  6,000원",,,,105
2019-03-15,01관,"13:00,  국경의 왕(디지털)","15:20,  칠곡 가시나들(디지털),  6,000원","17:20,  내가 사는 세상(디지털)","19:00,  이월(디지털)",,105
2019-03-16,01관,"13:00,  시인 할매(디지털),  6,000원","15:00,  히치하이크(디지털),  6,000원","17:10,  칠곡 가시나들(디지털),  6,000원","19:00,  포항(디지털)",,105
2019-03-17,01관,"13:00,  칠곡 가시나들(디지털),  6,000원","15:00,  국경의 왕(디지털),  6,000원","17:20,  히치하이크(디지털)","19:30,  내가 사는 세상(디지털)",,105
2019-03-18,01관,"13:00,  내가 사는 세상(디지털)","15:00,  포항(디지털),  6,000원","17:00,  이월(디지털),  6,000원","19:10,  칠곡 가시나들(디지털),  6,000원",,105
2019-03-19,01관,"13:00,  히치하이크(디지털),  6,000원","15:10,  시인 할매(디지털)","17:00,  칠곡 가시나들(디지털)","19:00,  국경의 왕(디지털),  6,000원",,105
2019-03-20,01관,"17:00,  내가 사는 세상(디지털),  5,000원","19:00,  히치하이크(디지털)",,,,105
2019-03-21,01관,,"19:00,  칠곡 가시나들(디지털),  6,000원",,,,105
2019-03-22,01관,"13:00,  칠곡 가시나들(디지털),  6,000원","15:00,  히치하이크(디지털)","17:10,  시인 할매(디지털),  6,000원","19:00,  내가 사는 세상(디지털)",,105
2019-03-23,01관,"19:00,  칠곡 가시나들(디지털),  6,000원",,,,,105
2019-03-24,01관,"13:00,  내가 사는 세상(디지털),  6,000원","15:00,  칠곡 가시나들(디지털),  6,000원","17:00,  히치하이크(디지털),  6,000원","19:10,  시인 할매(디지털),  6,000원",,105
2019-03-25,01관,"13:00,  시인 할매(디지털),  6,000원","15:00,  내가 사는 세상(디지털)","17:00,  칠곡 가시나들(디지털),  6,000원","19:00,  히치하이크(디지털)",,105
2019-03-26,01관,"13:00,  히치하이크(디지털),  5,000원","15:10,  시인 할매(디지털),  5,000원","17:00,  내가 사는 세상(디지털)","19:00,  칠곡 가시나들(디지털)",,105
2019-03-27,01관,"17:00,  칠곡 가시나들(디지털),  6,000원","19:00,  강변호텔(디지털),  6,000원",,,,105
2019-03-28,01관,"17:00,  선희와 슬기(디지털)","19:00,  오렌지필름 3월 상영회 [눈을 감아보면] (디지털),  6,000원",,,,105
2019-03-29,01관,"13:00,  내가 사는 세상(디지털)","15:00,  선희와 슬기(디지털),  6,000원","17:10,  강변호텔(디지털),  6,000원","19:00,  칠곡 가시나들(디지털),  6,000원",,105
2019-03-30,01관,"13:00,  칠곡 가시나들(디지털),  6,000원","15:00,  히치하이크(디지털),  6,000원","17:00,  시인 할매(디지털),  6,000원","19:00,  강변호텔(디지털),  6,000원",,105
2019-03-31,01관,"13:00,  히치하이크(디지털)","15:10,  강변호텔(디지털)","17:00,  내가 사는 세상(디지털)","19:00,  선희와 슬기(디지털)",,105
2019-04-01,01관,"13:00,  선희와 슬기(디지털),  6,000원","15:00,  시인 할매(디지털),  6,000원","17:00,  히치하이크(디지털)","19:10,  칠곡 가시나들(디지털),  6,000원",,105
2019-04-02,01관,"13:00,  칠곡 가시나들(디지털)","15:00,  내가 사는 세상(디지털)","17:00,  선희와 슬기(디지털),  6,000원","19:00,  강변호텔(디지털),  6,000원",,105
2019-04-03,01관,,"15:10,  강변호텔(디지털),  6,000원","17:00,  칠곡 가시나들(디지털)","19:00,  선희와 슬기(디지털)",,105
2019-04-04,01관,,"15:10,  칠곡 가시나들(디지털)","17:10,  파도치는 땅(디지털)","19:00,  한강에게(디지털),  6,000원",,105
2019-04-05,01관,"13:00,  강변호텔(디지털),  6,000원","15:00,  히치하이크(디지털),  6,000원","17:10,  선희와 슬기(디지털)","19:00,  내가 사는 세상(디지털)",,105
2019-04-06,01관,"13:00,  히치하이크(디지털)","15:10,  한강에게(디지털),  6,000원","17:00,  강변호텔(디지털),  6,000원","19:00,  칠곡 가시나들(디지털),  6,000원",,105
2019-04-07,01관,"13:00,  선희와 슬기(디지털)","15:00,  히치하이크(디지털)","17:10,  한강에게(디지털),  6,000원","19:00,  파도치는 땅(디지털),  6,000원",,105
2019-04-08,01관,"13:00,  파도치는 땅(디지털)","15:00,  칠곡 가시나들(디지털)","17:00,  내가 사는 세상(디지털)","19:00,  선희와 슬기(디지털),  6,000원",,105
2019-04-09,01관,"13:00,  한강에게(디지털)","15:00,  선희와 슬기(디지털),  6,000원","17:00,  히치하이크(디지털)","19:10,  강변호텔(디지털),  6,000원",,105
2019-04-10,01관,,"15:00,  내가 사는 세상(디지털),  6,000원","17:00,  칠곡 가시나들(디지털)",,,105
2019-04-11,01관,,"15:00,  파도치는 땅(디지털),  6,000원","17:00,  선희와 슬기(디지털)",,,105
2019-04-12,01관,"13:00,  한강에게(디지털),  6,000원","15:00,  강변호텔(디지털),  6,000원","17:00,  파도치는 땅(디지털)","19:00,  칠곡 가시나들(디지털),  6,000원",,105
2019-04-13,01관,,,,"19:00,  히치하이크(디지털),  6,000원",,105
2019-04-14,01관,"13:00,  칠곡 가시나들(디지털),  6,000원","15:00,  선희와 슬기(디지털),  6,000원","17:00,  강변호텔(디지털),  6,000원",,,105
2019-04-15,01관,"13:00,  히치하이크(디지털)","15:10,  한강에게(디지털),  6,000원",,"19:00,  생일(디지털),  6,000원",,105
2019-04-16,01관,"13:00,  파도치는 땅(디지털)","15:00,  생일(디지털),  6,000원",,,,105
2019-04-17,01관,,,"17:00,  선희와 슬기(디지털)","19:00,  한강에게(디지털),  6,000원",,105
2019-04-18,01관,,"15:00,  히치하이크(디지털),  6,000원","17:10,  강변호텔(디지털)",,,105
2019-04-19,01관,"13:00,  히치하이크(디지털)","15:10,  선희와 슬기(디지털),  6,000원","17:00,  칠곡 가시나들(디지털)",,,105
2019-04-20,01관,"13:00,  강변호텔(디지털),  6,000원","15:00,  선희와 슬기(디지털),  6,000원","17:30,  파도치는 땅(디지털),  6,000원","19:20,  한강에게(디지털)",,105
2019-04-21,01관,"13:00,  칠곡 가시나들(디지털),  6,000원","15:00,  파도치는 땅(디지털),  6,000원","17:00,  히치하이크(디지털),  6,000원","19:10,  선희와 슬기(디지털),  6,000원",,105
2019-04-22,01관,"13:00,  선희와 슬기(디지털)","15:00,  칠곡 가시나들(디지털),  6,000원","17:00,  강변호텔(디지털)",,,105
2019-04-23,01관,"13:00,  강변호텔(디지털)","15:00,  히치하이크(디지털),  6,000원","17:10,  한강에게(디지털)","19:00,  칠곡 가시나들(디지털),  6,000원",,105
2019-04-24,01관,,"15:10,  한강에게(디지털)","17:00,  파도치는 땅(디지털),  6,000원",,,105
2019-04-25,01관,,"15:10,  선희와 슬기(디지털),  6,000원","17:00,  히치하이크(디지털),  6,000원","19:00,  오렌지필름 4주년(디지털),  6,000원",,105
2019-04-26,01관,"13:00,  선희와 슬기(디지털)","15:00,  강변호텔(디지털),  6,000원","17:00,  한강에게(디지털),  6,000원","19:00,  시인 할매(디지털),  6,000원",,105
2019-04-27,01관,,,"17:00,  선희와 슬기(디지털)",,,105
2019-04-28,01관,"13:00,  히치하이크(디지털)","15:10,  한강에게(디지털),  6,000원","17:00,  파도치는 땅(디지털)","19:00,  강변호텔(디지털),  6,000원",,105
2019-04-29,01관,"13:00,  한강에게(디지털),  6,000원",,"17:00,  선희와 슬기(디지털),  6,000원","15:00,  파도치는 땅(디지털)",,105
2019-04-30,01관,"13:00,  파도치는 땅(디지털)","15:00,  선희와 슬기(디지털),  6,000원","17:00,  강변호텔(디지털),  6,000원","19:00,  히치하이크(디지털),  6,000원",,105
2019-05-01,01관,"13:00,  파업전야(디지털),  6,000원","15:10,  파도치는 땅(디지털),  6,000원",,"19:00,  파업전야(디지털),  6,000원",,105
2019-05-02,01관,,"15:10,  한강에게(디지털)","17:00,  굿바이 마이 러브NK: 붉은 청춘(디지털),  6,000원","19:00,  히치하이크(디지털),  6,000원",,105
2019-05-03,01관,"13:00,  파업전야(디지털),  5,000원","15:10,  굿바이 마이 러브NK: 붉은 청춘(디지털)","17:00,  한강에게(디지털),  6,000원","19:00,  파도치는 땅(디지털)",,105
2019-05-04,01관,,,"18:00,  선희와 슬기(디지털),  6,000원","19:30,  굿바이 마이 러브NK: 붉은 청춘(디지털)",,105
2019-05-05,01관,"13:00,  파도치는 땅(디지털)","15:00,  파업전야(디지털),  6,000원","17:10,  굿바이 마이 러브NK: 붉은 청춘(디지털)","19:00,  한강에게(디지털)",,105
2019-05-06,01관,"13:00,  굿바이 마이 러브NK: 붉은 청춘(디지털)","15:00,  한강에게(디지털)","17:00,  파도치는 땅(디지털),  6,000원","19:00,  선희와 슬기(디지털),  6,000원",,105
2019-05-07,01관,"13:00,  선희와 슬기(디지털)","15:00,  굿바이 마이 러브NK: 붉은 청춘(디지털),  6,000원","17:00,  한강에게(디지털)","19:00,  파업전야(디지털),  6,000원",,105
2019-05-08,01관,,"15:10,  한강에게(디지털),  5,000원","17:00,  선희와 슬기(디지털),  6,000원","19:00,  굿바이 마이 러브NK: 붉은 청춘(디지털),  6,000원",,105
2019-05-09,01관,"09:30,  파업전야(디지털),  6,000원","15:00,  독립영화 반짝반짝전 대구 단편(디지털),  5,000원","17:00,  파도치는 땅(디지털),  6,000원",,,105
2019-05-10,01관,"13:00,  굿바이 마이 러브NK: 붉은 청춘(디지털),  6,000원","15:00,  핵마피아(디지털)","17:10,  한강에게(디지털),  6,000원","19:00,  어멍(디지털),  5,000원",,105
2019-05-11,01관,,,"17:00,  슈퍼문(디지털)","19:00,  파업전야(디지털),  6,000원",,105
2019-05-12,01관,,,"17:00,  선희와 슬기(디지털),  6,000원","19:00,  침묵(디지털),  5,000원",,105
2019-05-13,01관,"13:00,  한강에게(디지털),  6,000원","15:00,  12 하고 24(디지털)","17:00,  파업전야(디지털),  6,000원","19:10,  굿바이 마이 러브NK: 붉은 청춘(디지털)",,105
2019-05-14,01관,"13:00,  파업전야(디지털)","15:00,  졸업(디지털),  5,000원","17:00,  굿바이 마이 러브NK: 붉은 청춘(디지털),  6,000원","19:00,  구르는 돌처럼(디지털),  5,000원",,105
2019-05-15,01관,,"15:00,  두 번째 행군(디지털)","17:00,  파업전야(디지털)","19:10,  한강에게(디지털),  5,000원",,105
2019-05-16,01관,"15:00,  독립영화 반짝반짝전 광주 단편(디지털)",,"17:00,  굿바이 마이 러브NK: 붉은 청춘(디지털)",,,105
2019-05-17,01관,"13:00,  파업전야(디지털),  6,000원","15:00,  외롭고 높고 쓸쓸한(디지털),  5,000원",,"19:00,  가끔 구름(디지털),  5,000원",,105
2019-05-18,01관,,,"17:00,  기프실(디지털)",,,105
2019-05-19,01관,,,"17:00,  공사의 희로애락(디지털),  5,000원",,,105
2019-05-20,01관,"13:00,  굿바이 마이 러브NK: 붉은 청춘(디지털),  6,000원",,"17:00,  이태원(디지털)",,,105
2019-05-21,01관,"13:00,  굿바이 마이 러브NK: 붉은 청춘(디지털)","15:00,  슈퍼문(디지털),  5,000원","17:00,  파업전야(디지털),  6,000원","19:00,  물속에서 숨 쉬는 법(디지털)",,105
2019-05-22,01관,,"15:00,  기프실(디지털),  5,000원","17:00,  굿바이 마이 러브NK: 붉은 청춘(디지털)","19:00,  오렌지필름 기획전-유지영 감독전 (디지털),  6,000원",,105
2019-05-23,01관,,"15:10,  김군(디지털),  6,000원","17:00,  졸업(디지털),  5,000원",,,105
2019-05-24,01관,"13:00,  굿바이 마이 러브NK: 붉은 청춘(디지털)","15:00,  12 하고 24(디지털)","17:00,  김군(디지털),  6,000원","19:00,  리틀보이 12725(디지털),  5,000원",,105
2019-05-25,01관,,,"17:00,  물속에서 숨 쉬는 법(디지털),  5,000원",,,105
2019-05-26,01관,"13:00,  파업전야(디지털),  6,000원","15:00,  어멍(디지털),  5,000원","17:00,  굿바이 마이 러브NK: 붉은 청춘(디지털)","19:00,  검은 여름(디지털),  5,000원",,105
2019-05-27,01관,"13:00,  김군(디지털),  6,000원","15:00,  침묵(디지털),  5,000원","17:00,  외롭고 높고 쓸쓸한(디지털),  5,000원","19:00,  파업전야(디지털),  6,000원",,105
2019-05-28,01관,"13:00,  굿바이 마이 러브NK: 붉은 청춘(디지털),  6,000원","15:00,  밤빛(디지털),  5,000원","17:10,  김군(디지털),  6,000원","19:00,  방문(디지털),  5,000원",,105
2019-05-29,01관,,"15:00,  핵마피아(디지털)","17:20,  가끔 구름(디지털),  5,000원","19:00,  우리 지금 만나(디지털),  6,000원",,105
2019-05-30,01관,,"15:00,  검은 여름(디지털),  5,000원","17:10,  보희와 녹양(디지털),  6,000원",,,105
2019-05-31,01관,"13:00,  우리 지금 만나(디지털),  5,000원","15:00,  구르는 돌처럼(디지털)","17:00,  독립영화 반짝반짝전 대구 단편(디지털),  5,000원","19:00,  김군(디지털),  6,000원",,105
2019-06-01,01관,,,"17:20,  김군(디지털),  7,000원","19:00,  밤빛(디지털),  5,000원",,105
2019-06-02,01관,"13:00,  김군(디지털),  7,000원","15:00,  방문(디지털),  5,000원","17:00,  보희와 녹양(디지털),  7,000원","19:00,  이태원(디지털),  5,000원",,105
2019-06-03,01관,"13:00,  보희와 녹양(디지털)","15:00,  공사의 희로애락(디지털)","17:00,  우리 지금 만나(디지털),  6,000원","19:00,  김군(디지털),  7,000원",,105
2019-06-04,01관,"13:00,  김군(디지털),  7,000원","15:00,  독립영화 반짝반짝전 광주 단편(디지털),  5,000원","17:00,  굿바이 마이 러브NK: 붉은 청춘(디지털)","19:00,  두 번째 행군(디지털)",,105
2019-06-05,01관,,"15:00,  리틀보이 12725(디지털),  5,000원","17:00,  우리 지금 만나(디지털),  7,000원","19:00,  김군(디지털),  7,000원",,105
2019-06-06,01관,"13:00,  우리 지금 만나(디지털),  7,000원","15:10,  보희와 녹양(디지털)","17:00,  김군(디지털),  7,000원","19:00,  굿바이 마이 러브NK: 붉은 청춘(디지털)",,105
2019-06-07,01관,"13:00,  굿바이 마이 러브NK: 붉은 청춘(디지털)","15:00,  보희와 녹양(디지털)","17:00,  김군(디지털),  7,000원","19:00,  우리 지금 만나(디지털)",,105
2019-06-08,01관,,,"17:00,  보희와 녹양(디지털),  7,000원","19:00,  김군(디지털),  7,000원",,105
2019-06-09,01관,"13:00,  우리 지금 만나(디지털)","15:00,  김군(디지털),  7,000원","17:00,  굿바이 마이 러브NK: 붉은 청춘(디지털),  7,000원","19:00,  보희와 녹양(디지털),  7,000원",,105
2019-06-10,01관,"13:00,  김군(디지털),  7,000원","15:00,  보희와 녹양(디지털)","17:00,  우리 지금 만나(디지털),  6,000원","19:00,  굿바이 마이 러브NK: 붉은 청춘(디지털)",,105
2019-06-11,01관,"13:00,  보희와 녹양(디지털)","15:00,  우리 지금 만나(디지털)","17:00,  굿바이 마이 러브NK: 붉은 청춘(디지털),  7,000원","19:00,  김군(디지털),  6,000원",,105
2019-06-12,01관,,"15:10,  보희와 녹양(디지털)","17:00,  우리 지금 만나(디지털)","19:00,  김군(디지털),  7,000원",,105
2019-06-13,01관,,"15:10,  김군(디지털),  7,000원","17:00,  보희와 녹양(디지털),  7,000원",,,105
2019-06-14,01관,"13:30,  보희와 녹양(디지털)","15:30,  우리 지금 만나(디지털),  7,000원","17:30,  김군(디지털)","19:30,  뿔을 가진 소년(디지털),  7,000원",,105
2019-06-15,01관,"17:30,  우리 지금 만나(디지털)",,"15:30,  우리 지금 만나(디지털)","19:30,  김군(디지털),  7,000원",,105
2019-06-16,01관,"13:30,  김군(디지털)","15:30,  우리 지금 만나(디지털)","17:30,  뿔을 가진 소년(디지털),  7,000원","19:40,  보희와 녹양(디지털)",,105
2019-06-17,01관,"13:30,  뿔을 가진 소년(디지털),  7,000원","15:40,  김군(디지털),  7,000원","17:30,  보희와 녹양(디지털)","19:30,  우리 지금 만나(디지털)",,105
2019-06-18,01관,"13:30,  우리 지금 만나(디지털),  7,000원","15:30,  보희와 녹양(디지털),  7,000원","17:30,  뿔을 가진 소년(디지털)","19:40,  김군(디지털),  6,000원",,105
2019-06-19,01관,,"15:30,  우리 지금 만나(디지털)","17:30,  김군(디지털)","19:30,  나는 원래 대전에서 로맨틱 코미디를 찍으려고 했었다(디지털),  7,000원",,105
2019-06-20,01관,,"15:30,  김군(디지털),  7,000원","17:30,  에움길(디지털)","19:00,  오렌지필름 기획전-무슨 말이 필요해!(디지털),  7,000원",,105
2019-06-21,01관,"13:30,  에움길(디지털)","15:30,  우리 지금 만나(디지털)","17:30,  나는 원래 대전에서 로맨틱 코미디를 찍으려고 했었다(디지털),  7,000원","19:30,  김군(디지털),  7,000원",,105
2019-06-22,01관,"13:30,  나는 원래 대전에서 로맨틱 코미디를 찍으려고 했었다(디지털)","15:30,  보희와 녹양(디지털),  7,000원","17:30,  김군(디지털),  7,000원","19:30,  뿔을 가진 소년(디지털)",,105
2019-06-23,01관,"13:30,  뿔을 가진 소년(디지털)","15:40,  김군(디지털),  7,000원","17:30,  우리 지금 만나(디지털)","19:30,  에움길(디지털)",,105
2019-06-24,01관,"13:30,  우리 지금 만나(디지털)","15:30,  에움길(디지털)","17:30,  나는 원래 대전에서 로맨틱 코미디를 찍으려고 했었다(디지털)","19:30,  김군(디지털),  7,000원",,105
2019-06-25,01관,"13:30,  김군(디지털)","15:30,  나는 원래 대전에서 로맨틱 코미디를 찍으려고 했었다(디지털)","17:30,  에움길(디지털)",,,105
2019-06-26,01관,,"15:20,  뿔을 가진 소년(디지털)","17:30,  에움길(디지털)",,,105
2019-06-27,01관,,"15:20,  보희와 녹양(디지털)","17:20,  김군(디지털),  7,000원",,,105
2019-06-28,01관,"13:30,  김군(디지털)","15:20,  검은 여름(디지털)","17:30,  에움길(디지털)",,,105
2019-06-29,01관,"13:30,  뿔을 가진 소년(디지털)","15:40,  나는 원래 대전에서 로맨틱 코미디를 찍으려고 했었다(디지털),  7,000원","17:30,  우리 지금 만나(디지털),  7,000원","19:30,  에움길(디지털),  7,000원",,105
2019-06-30,01관,"13:30,  에움길(디지털)","15:30,  김군(디지털),  7,000원","17:30,  보희와 녹양(디지털),  7,000원","19:30,  검은 여름(디지털),  6,000원",,105
2019-07-01,01관,"13:30,  검은 여름(디지털)","15:30,  뿔을 가진 소년(디지털)","17:40,  에움길(디지털)","19:30,  김군(디지털),  7,000원",,105
2019-07-02,01관,"13:20,  김군(디지털),  5,000원","15:30,  에움길(디지털)","17:30,  나는 원래 대전에서 로맨틱 코미디를 찍으려고 했었다(디지털),  7,000원","19:30,  뿔을 가진 소년(디지털)",,105
2019-07-03,01관,,"15:30,  검은 여름(디지털)","17:40,  에움길(디지털),  7,000원","19:30,  보희와 녹양(디지털),  7,000원",,105
2019-07-04,01관,,"15:30,  김군(디지털),  7,000원","17:30,  한낮의 피크닉(디지털)","19:30,  우리 지금 만나(디지털)",,105
2019-07-05,01관,"13:30,  에움길(디지털),  7,000원","15:30,  김군(디지털)","17:30,  뿔을 가진 소년(디지털)","19:40,  나는 원래 대전에서 로맨틱 코미디를 찍으려고 했었다(디지털)",,105
2019-07-06,01관,"13:30,  김군(디지털),  7,000원","15:30,  검은 여름(디지털)","17:40,  한낮의 피크닉(디지털),  7,000원","19:30,  보희와 녹양(디지털),  7,000원",,105
2019-07-07,01관,"13:30,  한낮의 피크닉(디지털),  7,000원","15:30,  에움길(디지털),  7,000원","17:20,  검은 여름(디지털)","19:30,  김군(디지털),  7,000원",,105
2019-07-08,01관,"13:30,  검은 여름(디지털),  7,000원","15:40,  김군(디지털),  7,000원","17:30,  나는 원래 대전에서 로맨틱 코미디를 찍으려고 했었다(디지털)","19:30,  우리 지금 만나(디지털),  7,000원",,105
2019-07-09,01관,"13:30,  에움길(디지털)","15:20,  검은 여름(디지털)","17:30,  김군(디지털)","19:30,  한낮의 피크닉(디지털),  7,000원",,105
2019-07-10,01관,,"15:30,  뿔을 가진 소년(디지털)","17:40,  한낮의 피크닉(디지털),  7,000원","19:30,  검은 여름(디지털)",,105
2019-07-11,01관,,"15:30,  에움길(디지털)","17:20,  검은 여름(디지털),  7,000원","19:30,  김군(디지털),  7,000원",,105
2019-07-12,01관,"13:30,  한낮의 피크닉(디지털)","15:30,  에움길(디지털)","17:20,  검은 여름(디지털)","19:30,  김군(디지털),  7,000원",,105
2019-07-13,01관,,"15:40,  김군(디지털),  7,000원","17:30,  나는 원래 대전에서 로맨틱 코미디를 찍으려고 했었다(디지털)","19:30,  한낮의 피크닉(디지털),  7,000원",,105
2019-07-14,01관,,"15:30,  검은 여름(디지털)","17:40,  한낮의 피크닉(디지털)","19:30,  나는 원래 대전에서 로맨틱 코미디를 찍으려고 했었다(디지털)",,105
2019-07-15,01관,,"15:40,  나는 원래 대전에서 로맨틱 코미디를 찍으려고 했었다(디지털)","17:30,  김군(디지털)","19:30,  에움길(디지털)",,105
2019-07-16,01관,"10:00,  김군(디지털),  7,000원","15:30,  한낮의 피크닉(디지털),  7,000원","17:30,  에움길(디지털)","19:20,  검은 여름(디지털)",,105
2019-07-17,01관,,,"18:00,  한낮의 피크닉(디지털)","19:30,  김군(디지털),  7,000원",,105
2019-07-18,01관,,"15:30,  김군(디지털),  7,000원","17:30,  나는 원래 대전에서 로맨틱 코미디를 찍으려고 했었다(디지털)",,,105
2019-07-19,01관,"13:30,  나는 원래 대전에서 로맨틱 코미디를 찍으려고 했었다(디지털)","15:30,  한낮의 피크닉(디지털),  7,000원","17:30,  에움길(디지털),  7,000원","19:20,  검은 여름(디지털),  7,000원",,105
2019-07-20,01관,"13:30,  검은 여름(디지털)","15:40,  김군(디지털),  7,000원","17:30,  한낮의 피크닉(디지털),  7,000원","19:30,  에움길(디지털)",,105
2019-07-21,01관,"13:30,  김군(디지털)","15:30,  에움길(디지털)","17:30,  나는 원래 대전에서 로맨틱 코미디를 찍으려고 했었다(디지털)","19:30,  한낮의 피크닉(디지털)",,105
2019-07-22,01관,"13:30,  한낮의 피크닉(디지털)","15:20,  검은 여름(디지털)","17:30,  에움길(디지털)","19:30,  김군(디지털)",,105
2019-07-23,01관,"13:30,  에움길(디지털)","15:30,  나는 원래 대전에서 로맨틱 코미디를 찍으려고 했었다(디지털)","17:30,  김군(디지털),  7,000원","19:30,  한낮의 피크닉(디지털),  7,000원",,105
2019-07-24,01관,"10:30,  한낮의 피크닉(디지털)","15:30,  김군(디지털),  7,000원","17:20,  검은 여름(디지털),  7,000원","19:30,  나는 원래 대전에서 로맨틱 코미디를 찍으려고 했었다(디지털),  7,000원",,105
2019-07-25,01관,,"15:30,  굿바이 썸머(디지털),  7,000원","17:10,  주전장(디지털),  7,000원","19:30,  오렌지필름 기획전 - 2 4/2 4 - 이사 혹은 사이(디지털),  7,000원",,105
2019-07-26,01관,"13:30,  굿바이 썸머(디지털),  7,000원",,"17:40,  에움길(디지털)","19:20,  주전장(디지털),  7,000원",,105
2019-07-27,01관,"13:20,  주전장(디지털),  7,000원","15:40,  한낮의 피크닉(디지털),  7,000원","17:20,  검은 여름(디지털),  7,000원","19:30,  굿바이 썸머(디지털),  7,000원",,105
2019-07-28,01관,"13:30,  김군(디지털),  7,000원","15:30,  굿바이 썸머(디지털),  7,000원","17:10,  주전장(디지털),  7,000원","19:30,  에움길(디지털),  7,000원",,105
2019-07-29,01관,"13:30,  검은 여름(디지털)","15:40,  주전장(디지털),  7,000원","18:00,  굿바이 썸머(디지털),  7,000원","19:30,  한낮의 피크닉(디지털),  7,000원",,105
2019-07-30,01관,"13:30,  굿바이 썸머(디지털),  7,000원","15:30,  에움길(디지털)","17:10,  주전장(디지털),  7,000원","19:30,  김군(디지털)",,105
2019-07-31,01관,,"15:30,  굿바이 썸머(디지털),  7,000원","17:30,  한낮의 피크닉(디지털),  7,000원","19:20,  검은 여름(디지털)",,105
2019-08-01,01관,,"15:30,  김군(디지털)","17:30,  에움길(디지털)","19:20,  주전장(디지털),  7,000원",,105
2019-08-02,01관,"13:30,  한낮의 피크닉(디지털)","15:10,  주전장(디지털),  7,000원","17:30,  굿바이 썸머(디지털),  7,000원","19:30,  김군(디지털)",,105
2019-08-03,01관,"13:30,  굿바이 썸머(디지털),  6,000원","15:30,  에움길(디지털),  7,000원","17:30,  김군(디지털),  7,000원","19:20,  주전장(디지털),  7,000원",,105
2019-08-04,01관,"13:30,  주전장(디지털),  7,000원","15:50,  한낮의 피크닉(디지털),  7,000원","17:30,  에움길(디지털)","19:30,  굿바이 썸머(디지털),  7,000원",,105
2019-08-05,01관,"13:30,  한낮의 피크닉(디지털),  7,000원","15:30,  굿바이 썸머(디지털)","17:10,  주전장(디지털),  7,000원","19:30,  김군(디지털)",,105
2019-08-06,01관,"13:30,  김군(디지털)","15:30,  한낮의 피크닉(디지털)","17:30,  굿바이 썸머(디지털)","19:20,  주전장(디지털),  7,000원",,105
2019-08-07,01관,,"15:30,  주전장(디지털),  7,000원","17:50,  김군(디지털)","19:30,  굿바이 썸머(디지털),  7,000원",,105
2019-08-08,01관,,"15:30,  김복동(디지털),  7,000원","17:30,  앨리스 죽이기(디지털),  6,000원","19:30,  려행(디지털)",,105
2019-08-09,01관,"13:30,  주전장(디지털),  7,000원","15:50,  앨리스 죽이기(디지털),  7,000원","17:30,  김복동(디지털),  7,000원","19:30,  한낮의 피크닉(디지털),  7,000원",,105
2019-08-10,01관,"13:30,  김군(디지털),  7,000원","15:10,  주전장(디지털),  7,000원","17:30,  려행(디지털),  6,000원","19:30,  굿바이 썸머(디지털)",,105
2019-08-11,01관,"13:30,  한낮의 피크닉(디지털),  7,000원","15:30,  김복동(디지털),  7,000원","17:30,  굿바이 썸머(디지털),  7,000원","19:30,  앨리스 죽이기(디지털),  7,000원",,105
2019-08-12,01관,"13:30,  굿바이 썸머(디지털),  7,000원","15:30,  려행(디지털),  7,000원","17:10,  주전장(디지털),  7,000원","19:30,  김복동(디지털),  7,000원",,105
2019-08-13,01관,"13:30,  김복동(디지털),  7,000원","15:30,  굿바이 썸머(디지털),  7,000원","17:30,  한낮의 피크닉(디지털),  7,000원","19:30,  김군(디지털),  7,000원",,105
2019-08-14,01관,,"15:30,  주전장(디지털),  7,000원","17:50,  굿바이 썸머(디지털),  7,000원","19:30,  려행(디지털)",,105
2019-08-15,01관,"13:00,  주전장(디지털),  7,000원","15:30,  이타미 준의 바다(디지털),  7,000원","17:40,  앨리스 죽이기(디지털),  7,000원","19:30,  밤의 문이 열린다(디지털),  7,000원",,105
2019-08-16,01관,"13:30,  밤의 문이 열린다(디지털),  7,000원","15:30,  굿바이 썸머(디지털),  7,000원","17:10,  주전장(디지털),  7,000원","19:30,  이타미 준의 바다(디지털),  7,000원",,105
2019-08-17,01관,"13:30,  이타미 준의 바다(디지털),  7,000원","15:40,  려행(디지털)","17:30,  김복동(디지털),  7,000원","19:30,  앨리스 죽이기(디지털),  7,000원",,105
2019-08-18,01관,"13:30,  김군(디지털),  7,000원","15:30,  굿바이 썸머(디지털)","17:30,  밤의 문이 열린다(디지털),  7,000원","19:20,  주전장(디지털),  7,000원",,105
2019-08-19,01관,"13:30,  앨리스 죽이기(디지털)","15:30,  이타미 준의 바다(디지털),  7,000원","17:40,  려행(디지털),  7,000원","19:30,  굿바이 썸머(디지털)",,105
2019-08-20,01관,"13:30,  려행(디지털),  7,000원","15:10,  주전장(디지털),  7,000원","17:30,  앨리스 죽이기(디지털)","19:30,  밤의 문이 열린다(디지털),  7,000원",,105
2019-08-21,01관,,"15:30,  김군(디지털),  7,000원","17:20,  이타미 준의 바다(디지털),  7,000원","19:30,  앨리스 죽이기(디지털)",,105
2019-08-22,01관,,"15:30,  김복동(디지털),  7,000원","17:30,  굿바이 썸머(디지털)","19:30,  오렌지필름 기획전 - 장윤미 감독의 그리고,(디지털),  7,000원",,105
2019-08-23,01관,"13:30,  김군(디지털),  6,000원","15:30,  이타미 준의 바다(디지털)","17:40,  밤의 문이 열린다(디지털),  7,000원","19:30,  김복동(디지털),  7,000원",,105
2019-08-24,01관,"13:10,  주전장(디지털),  7,000원",,"18:00,  앨리스 죽이기(디지털),  7,000원","19:40,  굿바이 썸머(디지털),  6,000원",,105
2019-08-25,01관,"13:10,  김복동(디지털),  7,000원","15:10,  주전장(디지털),  7,000원","17:30,  려행(디지털)","19:30,  이타미 준의 바다(디지털),  7,000원",,105
2019-08-26,01관,"13:30,  려행(디지털)","15:30,  밤의 문이 열린다(디지털),  7,000원","17:30,  김군(디지털),  7,000원","19:30,  앨리스 죽이기(디지털)",,105
2019-08-27,01관,"13:20,  이타미 준의 바다(디지털),  7,000원","15:30,  김복동(디지털),  7,000원","17:30,  려행(디지털)","19:00,  주전장(디지털),  7,000원",,105
2019-08-28,01관,,"15:10,  주전장(디지털),  7,000원","17:30,  굿바이 썸머(디지털),  7,000원",,,105
2019-08-29,01관,,"15:10,  벌새(디지털),  7,000원","17:40,  불빛 아래서(디지털),  7,000원",,,105
2019-08-30,01관,"13:30,  주전장(디지털),  7,000원","15:50,  려행(디지털),  7,000원","17:30,  앨리스 죽이기(디지털)","19:10,  벌새(디지털),  7,000원",,105
2019-08-31,01관,"13:30,  이타미 준의 바다(디지털),  7,000원","15:30,  밤의 문이 열린다(디지털),  7,000원","17:30,  김복동(디지털),  7,000원","19:30,  불빛 아래서(디지털),  7,000원",,105
2019-09-01,01관,"13:10,  불빛 아래서(디지털),  7,000원","15:00,  벌새(디지털),  7,000원","17:40,  밤의 문이 열린다(디지털),  7,000원","19:30,  주전장(디지털),  7,000원",,105
2019-09-02,01관,"13:10,  김복동(디지털),  7,000원","15:10,  주전장(디지털),  7,000원","17:30,  이타미 준의 바다(디지털),  7,000원","19:30,  려행(디지털)",,105
2019-09-03,01관,"13:00,  벌새(디지털),  7,000원","15:40,  앨리스 죽이기(디지털)","17:30,  불빛 아래서(디지털)","19:30,  밤의 문이 열린다(디지털),  7,000원",,105
2019-09-04,01관,,"15:20,  이타미 준의 바다(디지털),  7,000원","17:30,  려행(디지털)",,,105
2019-09-05,01관,,"15:30,  동물, 원(디지털),  7,000원","17:30,  갈까부다(디지털),  7,000원",,,105
2019-09-06,01관,"13:10,  려행(디지털),  7,000원","15:00,  벌새(디지털),  7,000원",,,,105
2019-09-07,01관,"13:20,  이타미 준의 바다(디지털),  7,000원","15:30,  김복동(디지털),  7,000원","17:30,  앨리스 죽이기(디지털)","19:30,  갈까부다(디지털),  7,000원",,105
2019-09-08,01관,"13:00,  주전장(디지털),  7,000원","15:20,  벌새(디지털),  7,000원","17:50,  고봉수 감독 단편선(디지털),  7,000원","19:30,  동물, 원(디지털),  7,000원",,105
2019-09-09,01관,"13:30,  불빛 아래서(디지털)","15:30,  밤의 문이 열린다(디지털),  7,000원","17:30,  려행(디지털),  7,000원","19:20,  벌새(디지털),  7,000원",,105
2019-09-10,01관,"13:00,  벌새(디지털),  7,000원","15:40,  동물, 원(디지털)","17:30,  갈까부다(디지털)","19:30,  앨리스 죽이기(디지털)",,105
2019-09-11,01관,,"15:00,  이타미 준의 바다(디지털)","17:10,  벌새(디지털),  7,000원","19:40,  김복동(디지털),  7,000원",,105
2019-09-15,01관,"13:00,  벌새(디지털),  7,000원","15:40,  불빛 아래서(디지털),  7,000원","17:30,  김복동(디지털)","19:30,  이타미 준의 바다(디지털),  7,000원",,105
2019-09-16,01관,"13:00,  동물, 원(디지털)","15:00,  벌새(디지털),  7,000원","17:40,  갈까부다(디지털),  7,000원","19:30,  주전장(디지털),  7,000원",,105
2019-09-17,01관,"13:10,  밤의 문이 열린다(디지털),  7,000원","15:00,  이타미 준의 바다(디지털),  7,000원","17:10,  벌새(디지털),  7,000원","19:40,  김복동(디지털),  7,000원",,105
2019-09-18,01관,"10:40,  김복동(디지털),  7,000원","15:00,  불빛 아래서(디지털)","17:00,  주전장(디지털),  7,000원","19:30,  갈까부다(디지털)",,105
2019-09-19,01관,,"15:00,  벌새(디지털),  7,000원","17:40,  동물, 원(디지털),  7,000원","19:40,  밤의 문이 열린다(디지털),  7,000원",,105
2019-09-20,01관,"13:30,  갈까부다(디지털),  7,000원","15:10,  이타미 준의 바다(디지털),  7,000원","17:30,  단편1: 도시에서, 안녕하신가요? –인디피크닉2019(디지털),  7,000원","19:30,  길모퉁이 가게(디지털),  7,000원",,105
2019-09-21,01관,"13:00,  벌새(디지털),  7,000원","15:30,  단편2: 처음이 낯선 당신에게 –인디피크닉2019(디지털),  7,000원","17:30,  단편3: 잃어버린 꿈을 찾아서 –인디피크닉2019(디지털),  7,000원","19:30,  작은 빛(디지털),  7,000원",,105
2019-09-22,01관,"13:30,  동물, 원(디지털)","15:30,  불빛 아래서(디지털),  7,000원","17:30,  단편4: 여성의 시간들 –인디피크닉2019(디지털),  7,000원","19:30,  졸업(디지털),  7,000원",,105
2019-09-23,01관,"13:10,  이타미 준의 바다(디지털),  6,000원","15:30,  갈까부다(디지털),  6,000원","17:30,  김복동(디지털)","19:30,  밤의 문이 열린다(디지털),  7,000원",,105
2019-09-24,01관,"13:00,  김복동(디지털)","15:00,  벌새(디지털),  7,000원","17:30,  동물, 원(디지털),  7,000원",,,105
2019-09-25,01관,,"15:10,  주전장(디지털),  7,000원","17:30,  밤의 문이 열린다(디지털),  7,000원","19:30,  불빛 아래서(디지털)",,105
2019-09-26,01관,,"15:30,  아워 바디(디지털),  7,000원","17:30,  메기(디지털),  7,000원","19:30,  오렌지필름 기획전 – 사랑을 찍어보았습니다.(디지털),  7,000원",,105
2019-09-27,01관,"13:00,  메기(디지털),  7,000원","15:00,  벌새(디지털),  7,000원","17:40,  아워 바디(디지털),  7,000원","19:40,  동물, 원(디지털),  6,000원",,105
2019-09-30,01관,"13:20,  불빛 아래서(디지털),  7,000원","15:20,  동물, 원(디지털),  7,000원","17:20,  이타미 준의 바다(디지털),  7,000원","19:30,  메기(디지털),  7,000원",,105
2019-10-01,01관,"13:10,  마왕의 딸 이리샤(디지털)","15:00,  애월(디지털),  7,000원","17:10,  갈까부다(디지털)",,,105
2019-10-02,01관,,"15:30,  갈까부다(디지털)","17:00,  벌새(디지털),  7,000원","19:40,  아워 바디(디지털),  7,000원",,105
2019-10-03,01관,"13:00,  벌새(디지털),  7,000원","15:30,  마왕의 딸 이리샤(디지털),  7,000원","17:30,  계절과 계절 사이(디지털),  7,000원","19:30,  이타미 준의 바다(디지털),  7,000원",,105
2019-10-04,01관,"13:30,  갈까부다(디지털)","15:30,  애월(디지털),  7,000원","17:30,  동물, 원(디지털),  7,000원","19:30,  불빛 아래서(디지털)",,105
2019-10-05,01관,"13:30,  메기(디지털)","15:30,  김복동(디지털),  7,000원","17:30,  아워 바디(디지털),  7,000원","19:30,  이타미 준의 바다(디지털)",,105
2019-10-06,01관,"13:30,  마왕의 딸 이리샤(디지털),  7,000원","15:00,  벌새(디지털),  7,000원","17:40,  불빛 아래서(디지털)","19:30,  갈까부다(디지털)",,105
2019-10-07,01관,"13:20,  아워 바디(디지털),  7,000원","15:10,  이타미 준의 바다(디지털)","17:30,  메기(디지털)","19:30,  동물, 원(디지털),  7,000원",,105
2019-10-08,01관,"13:30,  애월(디지털)","15:30,  마왕의 딸 이리샤(디지털)","17:30,  계절과 계절 사이(디지털),  7,000원","19:30,  벌새(디지털),  7,000원",,105
2019-10-09,01관,,"15:30,  동물, 원(디지털),  6,000원","17:30,  이타미 준의 바다(디지털),  7,000원","19:40,  메기(디지털),  7,000원",,105
2019-10-10,01관,,"15:30,  아워 바디(디지털),  7,000원","17:30,  열두 번째 용의자(디지털),  6,000원","19:30,  나의 노래는 멀리멀리(디지털),  7,000원",,105
2019-10-11,01관,"13:30,  아워 바디(디지털),  7,000원","15:30,  메기(디지털),  7,000원","17:30,  계절과 계절 사이(디지털),  7,000원","19:30,  벌새(디지털),  7,000원",,105
2019-10-12,01관,"13:10,  마왕의 딸 이리샤(디지털),  7,000원","15:00,  벌새(디지털),  7,000원","17:40,  열두 번째 용의자(디지털),  7,000원","19:40,  BISFF 리턴즈! 부산국제단편영화제 수상작 순회상영(디지털),  7,000원",,105
2019-10-13,01관,"13:30,  애월(디지털)","15:30,  나의 노래는 멀리멀리(디지털),  7,000원","17:30,  메기(디지털),  7,000원","19:30,  계절과 계절 사이(디지털),  7,000원",,105
2019-10-14,01관,"13:00,  벌새(디지털),  7,000원","15:40,  애월(디지털),  7,000원","17:40,  마왕의 딸 이리샤(디지털)","19:30,  열두 번째 용의자(디지털)",,105
2019-10-15,01관,"11:40,  마왕의 딸 이리샤(디지털),  6,000원","13:30,  계절과 계절 사이(디지털),  7,000원","15:30,  아워 바디(디지털),  7,000원","17:30,  나의 노래는 멀리멀리(디지털),  7,000원","19:30,  메기(디지털),  7,000원",105
2019-10-16,01관,,"15:30,  열두 번째 용의자(디지털)","17:30,  마왕의 딸 이리샤(디지털)","19:30,  애월(디지털),  7,000원",,105
2019-10-17,01관,,"15:10,  여수 밤바다(디지털)","17:20,  버티고(디지털),  7,000원","19:30,  아워 바디(디지털),  7,000원",,105
2019-10-18,01관,"13:30,  아워 바디(디지털),  7,000원","15:30,  열두 번째 용의자(디지털),  7,000원","17:30,  메기(디지털),  7,000원","19:30,  마왕의 딸 이리샤(디지털)",,105
2019-10-19,01관,"13:30,  마왕의 딸 이리샤(디지털),  7,000원","15:10,  애월(디지털),  7,000원","17:10,  여수 밤바다(디지털)","19:30,  나의 노래는 멀리멀리(디지털),  7,000원",,105
2019-10-20,01관,"13:00,  벌새(디지털),  7,000원","15:40,  버티고(디지털),  7,000원","17:50,  아워 바디(디지털),  7,000원","19:40,  메기(디지털),  7,000원",,105
2019-10-21,01관,"13:30,  열두 번째 용의자(디지털),  7,000원","15:30,  계절과 계절 사이(디지털)","17:30,  애월(디지털),  7,000원","19:30,  여수 밤바다(디지털),  7,000원",,105
2019-10-22,01관,"13:30,  나의 노래는 멀리멀리(디지털)","15:30,  메기(디지털),  7,000원","17:20,  버티고(디지털),  7,000원","19:30,  벌새(디지털),  7,000원",,105
2019-10-23,01관,,"15:30,  아워 바디(디지털)","17:30,  마왕의 딸 이리샤(디지털)","19:30,  계절과 계절 사이(디지털),  7,000원",,105
2019-10-24,01관,,"15:10,  여수 밤바다(디지털)","17:30,  나의 노래는 멀리멀리(디지털)","19:30,  버티고(디지털),  7,000원",,105
2019-10-25,01관,"13:00,  계절과 계절 사이(디지털)","15:00,  벌새(디지털),  7,000원","17:40,  애월(디지털)","19:40,  아워 바디(디지털),  7,000원",,105
2019-10-26,01관,"13:00,  벌새(디지털),  7,000원","15:40,  메기(디지털),  7,000원","17:30,  버티고(디지털),  7,000원","19:40,  열두 번째 용의자(디지털)",,105
2019-10-27,01관,"13:30,  마왕의 딸 이리샤(디지털)","15:30,  나의 노래는 멀리멀리(디지털)","17:30,  여수 밤바다(디지털),  7,000원","19:40,  계절과 계절 사이(디지털),  7,000원",,105
2019-10-28,01관,"13:10,  아워 바디(디지털),  7,000원","15:10,  버티고(디지털),  7,000원","17:40,  마왕의 딸 이리샤(디지털),  7,000원","19:30,  메기(디지털),  7,000원",,105
2019-10-29,01관,"13:10,  열두 번째 용의자(디지털),  7,000원",,"17:30,  아워 바디(디지털),  7,000원","19:30,  애월(디지털)",,105
2019-10-30,01관,,"15:10,  여수 밤바다(디지털),  7,000원","17:30,  나의 노래는 멀리멀리(디지털)","19:30,  버티고(디지털),  7,000원",,105
2019-10-31,01관,,"15:30,  애월(디지털)","17:30,  계절과 계절 사이(디지털)","19:30,  벌새(디지털),  7,000원",,105
