상영일자,상영관,1회,2회,3회,4회,5회,6회,7회,8회,9회,좌석수
2018-09-14,01관,"10:40,  물괴(디지털),  6,000원","12:45,  바니부기: 드래곤 에그를 찾아서(디지털더빙)","14:15,  물괴(디지털),  6,000원","16:20,  바니부기: 드래곤 에그를 찾아서(디지털더빙)","17:50,  물괴(디지털),  6,000원","19:55,  물괴(디지털),  6,000원","22:00,  물괴(디지털),  6,000원",,,98
2018-09-15,01관,"10:00,  바니부기: 드래곤 에그를 찾아서(디지털더빙),  6,000원","11:30,  바니부기: 드래곤 에그를 찾아서(디지털더빙),  6,000원","13:00,  물괴(디지털),  6,000원","15:05,  물괴(디지털),  6,000원","17:10,  물괴(디지털),  6,000원","19:15,  물괴(디지털),  6,000원","21:20,  물괴(디지털),  6,000원",,,98
2018-09-16,01관,"10:00,  바니부기: 드래곤 에그를 찾아서(디지털더빙),  6,000원","11:30,  바니부기: 드래곤 에그를 찾아서(디지털더빙),  6,000원","13:00,  물괴(디지털),  6,000원","15:05,  물괴(디지털),  6,000원","17:10,  물괴(디지털),  6,000원","19:15,  물괴(디지털),  6,000원","21:20,  물괴(디지털),  6,000원",,,98
2018-09-20,01관,"10:00,  물괴(디지털),  6,000원","12:05,  루이스(디지털더빙)","13:50,  명당(디지털),  6,000원","16:20,  협상(디지털),  6,000원","18:35,  명당(디지털),  6,000원","21:05,  협상(디지털),  6,000원",,,,98
2018-09-21,01관,"09:30,  안시성(디지털),  6,000원","12:00,  명당(디지털),  6,000원","14:30,  협상(디지털),  6,000원","16:40,  명당(디지털),  6,000원","19:10,  협상(디지털),  6,000원","21:25,  명당(디지털),  6,000원",,,,98
2018-09-22,01관,"09:40,  명당(디지털),  6,000원","12:10,  협상(디지털),  6,000원","14:20,  바니부기: 드래곤 에그를 찾아서(디지털더빙),  6,000원","15:50,  루이스(디지털더빙),  6,000원","17:35,  명당(디지털),  6,000원","20:05,  협상(디지털),  6,000원","22:15,  안시성(디지털),  6,000원",,,98
2018-09-23,01관,"10:00,  명당(디지털),  6,000원","12:30,  협상(디지털),  6,000원","14:40,  루이스(디지털더빙),  6,000원","16:25,  명당(디지털),  6,000원","18:55,  협상(디지털),  6,000원","21:05,  명당(디지털),  6,000원",,,,98
2018-09-24,01관,"11:00,  협상(디지털),  6,000원","13:10,  명당(디지털),  6,000원","15:40,  바니부기: 드래곤 에그를 찾아서(디지털더빙),  6,000원","17:10,  물괴(디지털),  6,000원","19:10,  협상(디지털),  6,000원","21:20,  명당(디지털),  6,000원",,,,98
2018-09-25,01관,"09:40,  명당(디지털),  6,000원","12:10,  협상(디지털),  6,000원","14:20,  바니부기: 드래곤 에그를 찾아서(디지털더빙),  6,000원","15:50,  루이스(디지털더빙),  6,000원","17:35,  명당(디지털),  6,000원","20:05,  협상(디지털),  6,000원","22:15,  안시성(디지털),  6,000원",,,98
2018-09-26,01관,"10:00,  명당(디지털),  6,000원","12:30,  협상(디지털),  6,000원","14:40,  루이스(디지털더빙),  6,000원","16:25,  명당(디지털),  6,000원","18:55,  협상(디지털),  6,000원","21:05,  명당(디지털),  6,000원",,,,98
2018-09-27,01관,"10:00,  명당(디지털),  6,000원","12:30,  루이스(디지털더빙),  6,000원","14:15,  협상(디지털),  6,000원","16:45,  안시성(디지털),  6,000원","18:55,  안시성(디지털),  6,000원","21:25,  안시성(디지털),  6,000원",,,,98
2018-09-28,01관,"09:40,  루이스(디지털더빙),  5,000원","11:25,  명당(디지털),  6,000원","13:55,  협상(디지털),  6,000원","16:25,  안시성(디지털),  6,000원","18:40,  안시성(디지털),  6,000원","21:10,  안시성(디지털),  6,000원",,,,98
2018-09-29,01관,"09:40,  루이스(디지털더빙),  6,000원","11:25,  협상(디지털),  6,000원","13:40,  안시성(디지털),  6,000원","16:15,  명당(디지털),  6,000원","18:45,  안시성(디지털),  6,000원","21:15,  안시성(디지털),  6,000원",,,,98
2018-09-30,01관,"10:00,  루이스(디지털더빙),  6,000원","11:45,  명당(디지털),  6,000원","14:00,  안시성(디지털),  6,000원","16:45,  안시성(디지털),  6,000원","19:15,  안시성(디지털),  6,000원","21:40,  협상(디지털),  6,000원",,,,98
2018-10-03,01관,"10:00,  곰돌이 푸 다시 만나 행복해(디지털),  6,000원","12:00,  안시성(디지털),  6,000원","14:30,  암수살인(디지털),  6,000원","16:35,  안시성(디지털),  6,000원","19:10,  베놈(디지털),  6,000원","21:15,  명당(디지털),  6,000원",,,,98
2018-10-04,01관,"10:00,  곰돌이 푸 다시 만나 행복해(디지털),  6,000원","12:00,  안시성(디지털),  6,000원","14:30,  암수살인(디지털),  6,000원","16:35,  명당(디지털),  6,000원","19:05,  안시성(디지털),  6,000원","21:35,  베놈(디지털),  6,000원",,,,98
2018-10-05,01관,"10:20,  협상(디지털),  6,000원","12:30,  안시성(디지털),  6,000원","15:00,  암수살인(디지털),  6,000원","17:05,  곰돌이 푸 다시 만나 행복해(디지털),  6,000원","19:05,  베놈(디지털),  6,000원","21:10,  베놈(디지털),  6,000원",,,,98
2018-10-06,01관,"10:30,  곰돌이 푸 다시 만나 행복해(디지털),  6,000원","12:30,  안시성(디지털),  6,000원","15:00,  베놈(디지털),  6,000원","17:05,  암수살인(디지털),  6,000원","19:10,  베놈(디지털),  6,000원","21:15,  암수살인(디지털),  6,000원",,,,98
2018-10-07,01관,"10:30,  곰돌이 푸 다시 만나 행복해(디지털),  6,000원","12:30,  안시성(디지털),  6,000원","15:00,  베놈(디지털),  6,000원","17:00,  암수살인(디지털),  6,000원","19:05,  베놈(디지털),  6,000원","21:10,  암수살인(디지털),  6,000원",,,,98
2018-10-09,01관,"09:40,  곰돌이 푸 다시 만나 행복해(디지털),  6,000원","11:40,  다이노 어드벤처2: 육해공 공룡 대백과(디지털더빙),  6,000원","13:05,  베놈(디지털),  6,000원","15:05,  암수살인(디지털),  6,000원","17:10,  베놈(디지털),  6,000원","19:15,  암수살인(디지털),  6,000원","21:15,  안시성(디지털),  6,000원",,,98
2018-10-10,01관,"09:30,  안시성(디지털),  6,000원",,,,,,,,,98
2018-10-11,01관,"10:00,  다이노 어드벤처2: 육해공 공룡 대백과(디지털더빙)","11:25,  암수살인(디지털),  6,000원","13:30,  미쓰백(디지털),  6,000원","15:25,  곰돌이 푸 다시 만나 행복해(디지털),  6,000원","17:25,  베놈(디지털),  6,000원","19:30,  암수살인(디지털),  6,000원","21:35,  베놈(디지털),  6,000원",,,98
2018-10-12,01관,"10:00,  다이노 어드벤처2: 육해공 공룡 대백과(디지털더빙),  6,000원","11:25,  곰돌이 푸 다시 만나 행복해(디지털),  6,000원","13:25,  암수살인(디지털),  6,000원","15:30,  미쓰백(디지털),  6,000원","17:25,  베놈(디지털),  6,000원","19:30,  암수살인(디지털),  6,000원","21:35,  베놈(디지털),  6,000원",,,98
2018-10-13,01관,"10:20,  다이노 어드벤처2: 육해공 공룡 대백과(디지털더빙),  6,000원","11:45,  곰돌이 푸 다시 만나 행복해(디지털),  6,000원","13:45,  암수살인(디지털),  6,000원","15:50,  베놈(디지털),  6,000원","17:55,  암수살인(디지털),  6,000원","20:00,  베놈(디지털),  6,000원","22:00,  미쓰백(디지털),  6,000원",,,98
2018-10-14,01관,"10:00,  다이노 어드벤처2: 육해공 공룡 대백과(디지털더빙),  6,000원","11:25,  곰돌이 푸 다시 만나 행복해(디지털),  6,000원","13:25,  암수살인(디지털),  6,000원","15:30,  베놈(디지털),  6,000원","17:35,  암수살인(디지털),  6,000원","19:40,  베놈(디지털),  6,000원","21:40,  미쓰백(디지털),  6,000원",,,98
2018-10-17,01관,"10:00,  다이노 어드벤처2: 육해공 공룡 대백과(디지털더빙),  6,000원",,,,,,,,,98
2018-10-18,01관,"10:20,  미쓰백(디지털),  6,000원","12:15,  배반의 장미(디지털),  6,000원","14:10,  암수살인(디지털),  6,000원","16:15,  펭귄 하이웨이(디지털),  6,000원","18:30,  퍼스트맨(디지털),  6,000원","21:10,  베놈(디지털),  6,000원",,,,98
2018-10-19,01관,"10:00,  다이노 어드벤처2: 육해공 공룡 대백과(디지털더빙)","11:30,  암수살인(디지털),  6,000원","13:40,  배반의 장미(디지털),  6,000원","15:35,  펭귄 하이웨이(디지털),  6,000원","17:50,  베놈(디지털),  6,000원","19:55,  퍼스트맨(디지털),  6,000원","22:30,  미쓰백(디지털),  6,000원",,,98
2018-10-20,01관,"10:00,  다이노 어드벤처2: 육해공 공룡 대백과(디지털더빙),  6,000원","11:30,  배반의 장미(디지털),  6,000원","13:25,  암수살인(디지털),  6,000원","15:30,  펭귄 하이웨이(디지털),  6,000원","17:45,  베놈(디지털),  6,000원","19:50,  퍼스트맨(디지털),  6,000원","22:25,  미쓰백(디지털),  6,000원",,,98
2018-10-21,01관,"10:00,  펭귄 하이웨이(디지털더빙),  6,000원","12:15,  배반의 장미(디지털),  6,000원","14:10,  퍼스트맨(디지털),  6,000원","16:50,  암수살인(디지털),  6,000원","19:00,  베놈(디지털),  6,000원","21:00,  미쓰백(디지털),  6,000원",,,,98
2018-10-22,01관,"10:00,  다이노 어드벤처2: 육해공 공룡 대백과(디지털더빙),  6,000원",,,,,,,,,98
2018-10-25,01관,"10:00,  스페이스 치킨: 마법 부적의 비밀(디지털더빙),  6,000원","11:35,  크레이지 리치 아시안(디지털)","13:55,  창궐(디지털),  6,000원","16:25,  퍼스트맨(디지털),  6,000원","19:05,  창궐(디지털),  6,000원","21:30,  배반의 장미(디지털),  6,000원",,,,98
2018-10-26,01관,"10:00,  스페이스 치킨: 마법 부적의 비밀(디지털더빙),  6,000원","11:35,  크레이지 리치 아시안(디지털),  6,000원","13:50,  창궐(디지털),  6,000원","16:15,  퍼스트맨(디지털),  6,000원","18:55,  창궐(디지털),  6,000원","21:20,  미쓰백(디지털),  6,000원",,,,98
2018-10-27,01관,"09:40,  펭귄 하이웨이(디지털더빙),  6,000원","11:55,  크레이지 리치 아시안(디지털),  6,000원","14:15,  퍼스트맨(디지털),  6,000원","16:55,  창궐(디지털),  6,000원","19:20,  퍼스트맨(디지털),  6,000원","22:00,  창궐(디지털),  6,000원",,,,98
2018-10-28,01관,"10:00,  펭귄 하이웨이(디지털더빙),  6,000원","12:15,  퍼스트맨(디지털),  6,000원","14:55,  창궐(디지털),  6,000원","17:20,  퍼스트맨(디지털),  6,000원","20:00,  창궐(디지털),  6,000원","22:25,  크레이지 리치 아시안(디지털),  6,000원",,,,98
2018-10-31,01관,"10:00,  펭귄 하이웨이(디지털더빙)","12:15,  벽 속에 숨은 마법시계(디지털),  5,000원","14:20,  완벽한 타인(디지털),  5,000원","16:30,  퍼스트맨(디지털)","19:10,  창궐(디지털),  5,000원","21:35,  크레이지 리치 아시안(디지털),  5,000원",,,,98
2018-11-01,01관,"10:00,  퍼스트맨(디지털),  6,000원","12:35,  창궐(디지털),  6,000원","15:00,  벽 속에 숨은 마법시계(디지털),  6,000원","17:05,  완벽한 타인(디지털),  6,000원","19:15,  창궐(디지털),  6,000원","21:40,  크레이지 리치 아시안(디지털),  6,000원",,,,98
2018-11-02,01관,"10:00,  펭귄 하이웨이(디지털더빙),  6,000원","12:15,  크레이지 리치 아시안(디지털),  6,000원","14:35,  벽 속에 숨은 마법시계(디지털),  6,000원","16:35,  창궐(디지털),  6,000원","19:00,  완벽한 타인(디지털),  6,000원","21:10,  창궐(디지털),  6,000원",,,,98
2018-11-03,01관,"10:00,  스페이스 치킨: 마법 부적의 비밀(디지털더빙),  6,000원","11:45,  완벽한 타인(디지털),  6,000원","14:15,  벽 속에 숨은 마법시계(디지털),  6,000원","16:45,  창궐(디지털),  6,000원","19:15,  완벽한 타인(디지털),  6,000원","21:45,  창궐(디지털),  6,000원",,,,98
2018-11-04,01관,"10:00,  크레이지 리치 아시안(디지털),  6,000원","12:15,  창궐(디지털),  6,000원","14:40,  벽 속에 숨은 마법시계(디지털),  6,000원","16:45,  완벽한 타인(디지털),  6,000원","19:00,  창궐(디지털),  6,000원","21:25,  완벽한 타인(디지털),  6,000원",,,,98
2018-11-05,01관,"14:00,  창궐(디지털),  6,000원",,,,,,,,,98
2018-11-07,01관,"17:30,  완벽한 타인(디지털),  6,000원",,,,,,,,,98
2018-11-08,01관,"09:40,  스페이스 치킨: 마법 부적의 비밀(디지털더빙)","11:10,  벽 속에 숨은 마법시계(디지털)","13:10,  창궐(디지털),  6,000원","15:35,  동네사람들(디지털),  6,000원","17:30,  완벽한 타인(디지털),  6,000원","19:40,  완벽한 타인(디지털),  6,000원","21:50,  크레이지 리치 아시안(디지털),  6,000원",,,98
2018-11-09,01관,"09:40,  스페이스 치킨: 마법 부적의 비밀(디지털더빙)","11:10,  벽 속에 숨은 마법시계(디지털),  6,000원","13:05,  크레이지 리치 아시안(디지털),  6,000원","15:15,  창궐(디지털),  6,000원","17:40,  완벽한 타인(디지털),  6,000원","19:50,  동네사람들(디지털),  6,000원","21:45,  완벽한 타인(디지털),  6,000원",,,98
2018-11-10,01관,"09:40,  벽 속에 숨은 마법시계(디지털),  6,000원","11:40,  창궐(디지털),  6,000원","14:05,  동네사람들(디지털),  6,000원","16:00,  완벽한 타인(디지털),  6,000원","18:10,  동네사람들(디지털),  6,000원","20:05,  완벽한 타인(디지털),  6,000원","22:10,  벽 속에 숨은 마법시계(디지털),  6,000원",,,98
2018-11-11,01관,"09:40,  스페이스 치킨: 마법 부적의 비밀(디지털더빙),  6,000원","11:10,  완벽한 타인(디지털),  6,000원","13:20,  동네사람들(디지털),  6,000원","15:15,  완벽한 타인(디지털),  6,000원","17:25,  동네사람들(디지털),  6,000원","19:20,  동네사람들(디지털),  6,000원","21:15,  벽 속에 숨은 마법시계(디지털),  6,000원",,,98
2018-11-15,01관,"09:40,  스페이스 치킨: 마법 부적의 비밀(디지털더빙)","11:10,  신비한 동물들과 그린델왈드의 범죄(디지털),  6,000원","14:40,  해피 투게더(디지털),  6,000원","16:45,  동네사람들(디지털),  6,000원","18:40,  완벽한 타인(디지털),  6,000원","20:50,  신비한 동물들과 그린델왈드의 범죄(디지털),  6,000원","23:15,  스페이스 치킨: 마법 부적의 비밀(디지털더빙)",,,98
2018-11-16,01관,"09:40,  스페이스 치킨: 마법 부적의 비밀(디지털더빙)","11:10,  벽 속에 숨은 마법시계(디지털)","13:10,  해피 투게더(디지털),  6,000원","15:15,  동네사람들(디지털),  6,000원","17:10,  완벽한 타인(디지털),  6,000원","19:20,  신비한 동물들과 그린델왈드의 범죄(디지털),  6,000원","21:50,  크레이지 리치 아시안(디지털),  6,000원",,,98
2018-11-17,01관,"09:40,  벽 속에 숨은 마법시계(디지털),  6,000원","11:40,  해피 투게더(디지털),  6,000원","13:45,  신비한 동물들과 그린델왈드의 범죄(디지털),  6,000원","16:15,  완벽한 타인(디지털),  6,000원","18:25,  동네사람들(디지털),  6,000원","20:20,  신비한 동물들과 그린델왈드의 범죄(디지털),  6,000원","22:50,  동네사람들(디지털),  6,000원",,,98
2018-11-18,01관,"09:40,  벽 속에 숨은 마법시계(디지털),  6,000원","11:40,  해피 투게더(디지털),  6,000원","13:45,  신비한 동물들과 그린델왈드의 범죄(디지털),  6,000원","16:15,  동네사람들(디지털),  6,000원","18:10,  완벽한 타인(디지털),  6,000원","20:20,  신비한 동물들과 그린델왈드의 범죄(디지털),  6,000원","22:50,  동네사람들(디지털),  6,000원",,,98
2018-11-19,01관,"10:30,  스페이스 치킨: 마법 부적의 비밀(디지털더빙),  6,000원","13:00,  스페이스 치킨: 마법 부적의 비밀(디지털더빙),  6,000원",,,,,,,,98
2018-11-22,01관,"09:30,  펭귄 하이웨이(디지털더빙)","11:40,  벽 속에 숨은 마법시계(디지털)","13:40,  해피 투게더(디지털),  6,000원","15:45,  동네사람들(디지털),  6,000원","17:35,  성난황소(디지털),  6,000원","19:45,  신비한 동물들과 그린델왈드의 범죄(디지털),  6,000원","22:15,  펭귄 하이웨이(디지털더빙)",,,98
2018-11-23,01관,"09:30,  펭귄 하이웨이(디지털더빙)","11:40,  벽 속에 숨은 마법시계(디지털)","13:40,  해피 투게더(디지털),  6,000원","15:45,  동네사람들(디지털),  6,000원","17:40,  성난황소(디지털),  6,000원","19:50,  신비한 동물들과 그린델왈드의 범죄(디지털),  6,000원","22:20,  성난황소(디지털),  6,000원",,,98
2018-11-24,01관,"10:00,  동네사람들(디지털),  6,000원","11:55,  성난황소(디지털),  6,000원","14:05,  신비한 동물들과 그린델왈드의 범죄(디지털),  6,000원","16:35,  완벽한 타인(디지털),  6,000원","18:45,  성난황소(디지털),  6,000원","20:55,  신비한 동물들과 그린델왈드의 범죄(디지털),  6,000원",,,,98
2018-11-25,01관,"10:00,  동네사람들(디지털),  6,000원","11:55,  성난황소(디지털),  6,000원","14:05,  신비한 동물들과 그린델왈드의 범죄(디지털),  6,000원","16:35,  완벽한 타인(디지털),  6,000원","18:45,  신비한 동물들과 그린델왈드의 범죄(디지털),  6,000원","21:15,  성난황소(디지털),  6,000원",,,,98
2018-11-28,01관,"09:40,  해피 투게더(디지털)","11:40,  해피 투게더(디지털),  5,000원","13:45,  신비한 동물들과 그린델왈드의 범죄(디지털),  5,000원","16:15,  성난황소(디지털),  5,000원","18:25,  국가부도의 날(디지털),  5,000원","20:35,  국가부도의 날(디지털),  5,000원","22:45,  동네사람들(디지털),  5,000원",,,98
2018-11-29,01관,"09:40,  해피 투게더(디지털),  6,000원","11:40,  해피 투게더(디지털),  6,000원","13:45,  신비한 동물들과 그린델왈드의 범죄(디지털),  6,000원","16:15,  동네사람들(디지털),  6,000원","18:10,  성난황소(디지털),  6,000원","20:20,  국가부도의 날(디지털),  6,000원","22:30,  동네사람들(디지털)",,,98
2018-11-30,01관,"09:40,  해피 투게더(디지털),  6,000원","11:40,  해피 투게더(디지털),  5,000원","13:45,  신비한 동물들과 그린델왈드의 범죄(디지털),  6,000원","16:15,  성난황소(디지털),  6,000원","18:25,  국가부도의 날(디지털),  6,000원","20:35,  성난황소(디지털),  6,000원","22:45,  국가부도의 날(디지털),  6,000원",,,98
2018-12-01,01관,"10:00,  신비한 동물들과 그린델왈드의 범죄(디지털),  6,000원","12:30,  성난황소(디지털),  6,000원","14:40,  신비한 동물들과 그린델왈드의 범죄(디지털),  6,000원","17:05,  국가부도의 날(디지털),  6,000원","19:15,  국가부도의 날(디지털),  6,000원","21:25,  성난황소(디지털),  6,000원",,,,98
2018-12-02,01관,"10:00,  신비한 동물들과 그린델왈드의 범죄(디지털),  6,000원","12:30,  성난황소(디지털),  6,000원","14:40,  신비한 동물들과 그린델왈드의 범죄(디지털),  6,000원","17:10,  국가부도의 날(디지털),  6,000원","19:20,  국가부도의 날(디지털),  6,000원","21:30,  성난황소(디지털),  6,000원",,,,98
2018-12-03,01관,"10:30,  신비한 동물들과 그린델왈드의 범죄(디지털),  6,000원",,,,,,,,,98
2018-12-05,01관,"09:30,  해피 투게더(디지털),  6,000원","19:00,  국가부도의 날(디지털),  6,000원",,,,,,,,98
2018-12-06,01관,"10:00,  국가부도의 날(디지털),  6,000원","12:10,  해피 투게더(디지털),  6,000원","14:15,  성난황소(디지털),  6,000원","16:25,  모털 엔진(디지털),  6,000원","18:50,  모털 엔진(디지털),  6,000원","21:15,  도어락(디지털),  6,000원",,,,98
2018-12-07,01관,"09:30,  해피 투게더(디지털)","11:35,  성난황소(디지털),  6,000원","13:45,  도어락(디지털),  6,000원","15:45,  모털 엔진(디지털),  6,000원","18:10,  국가부도의 날(디지털),  6,000원","20:20,  모털 엔진(디지털),  6,000원","22:45,  도어락(디지털),  6,000원",,,98
2018-12-08,01관,"09:30,  성난황소(디지털),  6,000원","11:40,  도어락(디지털),  6,000원","13:40,  국가부도의 날(디지털),  6,000원","15:50,  모털 엔진(디지털),  6,000원","18:15,  국가부도의 날(디지털),  6,000원","20:25,  도어락(디지털),  6,000원","22:25,  모털 엔진(디지털),  6,000원",,,98
2018-12-09,01관,"09:30,  성난황소(디지털),  6,000원","11:40,  도어락(디지털),  6,000원","13:40,  국가부도의 날(디지털),  6,000원","15:50,  모털 엔진(디지털),  6,000원","18:15,  국가부도의 날(디지털),  6,000원","20:25,  도어락(디지털),  6,000원","22:25,  모털 엔진(디지털),  6,000원",,,98
2018-12-12,01관,"10:30,  엘리엇과 산타 썰매단(디지털더빙),  6,000원",,,,,,,,,98
2018-12-13,01관,"10:00,  국가부도의 날(디지털),  6,000원","12:15,  성난황소(디지털),  5,000원","14:30,  도어락(디지털),  6,000원","16:30,  도어락(디지털),  6,000원","18:30,  국가부도의 날(디지털),  6,000원","20:45,  도어락(디지털),  6,000원",,,,98
2018-12-14,01관,"10:00,  국가부도의 날(디지털),  6,000원","12:15,  도어락(디지털),  6,000원","14:15,  성난황소(디지털),  6,000원","16:30,  국가부도의 날(디지털),  6,000원","18:45,  국가부도의 날(디지털),  6,000원","21:00,  도어락(디지털),  6,000원",,,,98
2018-12-15,01관,"10:00,  모털 엔진(디지털),  6,000원","12:25,  모털 엔진(디지털),  6,000원","14:50,  국가부도의 날(디지털),  6,000원","17:05,  모털 엔진(디지털),  6,000원","19:30,  국가부도의 날(디지털),  6,000원","21:45,  도어락(디지털),  6,000원",,,,98
2018-12-16,01관,"09:30,  성난황소(디지털),  6,000원","11:40,  도어락(디지털),  6,000원","13:40,  국가부도의 날(디지털),  6,000원","15:55,  도어락(디지털),  6,000원","17:55,  국가부도의 날(디지털),  6,000원","20:10,  국가부도의 날(디지털),  6,000원","22:10,  도어락(디지털),  6,000원",,,98
2018-12-17,01관,"10:00,  국가부도의 날(디지털),  6,000원","15:30,  국가부도의 날(디지털),  6,000원",,,,,,,,98
2018-12-18,01관,"10:00,  국가부도의 날(디지털),  6,000원","15:30,  국가부도의 날(디지털),  6,000원",,,,,,,,98
2018-12-19,01관,"13:00,  엘리엇과 산타 썰매단(디지털더빙),  6,000원",,,,,,,,,98
2018-12-20,01관,"10:00,  모털 엔진(디지털),  6,000원","12:25,  모털 엔진(디지털),  6,000원","15:30,  그린치(디지털더빙),  5,000원","17:15,  스윙키즈(디지털),  6,000원","19:45,  마약왕(디지털),  6,000원","22:20,  도어락(디지털)",,,,98
2018-12-21,01관,"10:00,  모털 엔진(디지털)","12:20,  그린치(디지털더빙),  6,000원","14:05,  모털 엔진(디지털),  6,000원","16:30,  그린치(디지털더빙),  6,000원","18:15,  스윙키즈(디지털),  6,000원","20:45,  마약왕(디지털),  6,000원",,,,98
2018-12-22,01관,"10:00,  스윙키즈(디지털),  6,000원","12:30,  스윙키즈(디지털),  6,000원","15:00,  마약왕(디지털),  6,000원","17:40,  스윙키즈(디지털),  6,000원","20:10,  마약왕(디지털),  6,000원","22:45,  도어락(디지털),  6,000원",,,,98
2018-12-23,01관,"10:00,  스윙키즈(디지털),  6,000원","12:30,  마약왕(디지털),  6,000원","15:05,  도어락(디지털),  6,000원","17:05,  스윙키즈(디지털),  6,000원","19:35,  마약왕(디지털),  6,000원","22:15,  도어락(디지털),  6,000원",,,,98
2018-12-25,01관,"09:50,  스윙키즈(디지털),  6,000원","12:20,  도어락(디지털),  6,000원","14:20,  마약왕(디지털),  6,000원","16:55,  스윙키즈(디지털),  6,000원","19:20,  마약왕(디지털),  6,000원","21:55,  마약왕(디지털),  6,000원",,,,98
2018-12-26,01관,"09:50,  스윙키즈(디지털),  5,000원","12:20,  PMC: 더 벙커(디지털),  5,000원","14:40,  마약왕(디지털),  5,000원","17:15,  스윙키즈(디지털),  5,000원","19:45,  마약왕(디지털),  5,000원","22:20,  PMC: 더 벙커(디지털),  5,000원",,,,98
2018-12-27,01관,"09:50,  스윙키즈(디지털),  6,000원","12:20,  PMC: 더 벙커(디지털),  6,000원","14:40,  마약왕(디지털),  6,000원","17:15,  스윙키즈(디지털),  6,000원","19:45,  마약왕(디지털),  6,000원","22:20,  PMC: 더 벙커(디지털),  6,000원",,,,98
2018-12-28,01관,"09:50,  마약왕(디지털),  6,000원","12:25,  PMC: 더 벙커(디지털),  6,000원","14:45,  스윙키즈(디지털),  6,000원","17:15,  스윙키즈(디지털),  6,000원","19:45,  마약왕(디지털),  6,000원","22:20,  PMC: 더 벙커(디지털),  6,000원",,,,98
2018-12-29,01관,"09:50,  PMC: 더 벙커(디지털),  6,000원","12:10,  스윙키즈(디지털),  6,000원","14:40,  마약왕(디지털),  6,000원","17:15,  스윙키즈(디지털),  6,000원","19:45,  마약왕(디지털),  6,000원","22:20,  PMC: 더 벙커(디지털),  6,000원",,,,98
2018-12-30,01관,"09:50,  스윙키즈(디지털),  6,000원","12:20,  PMC: 더 벙커(디지털),  6,000원","14:40,  마약왕(디지털),  6,000원","17:15,  스윙키즈(디지털),  6,000원","19:45,  마약왕(디지털),  6,000원","22:20,  PMC: 더 벙커(디지털),  6,000원",,,,98
2019-01-01,01관,"09:50,  PMC: 더 벙커(디지털),  6,000원","12:10,  그린치(디지털더빙),  6,000원","14:00,  스윙키즈(디지털),  6,000원","16:30,  범블비(디지털),  6,000원","18:45,  범블비(디지털),  6,000원","20:55,  마약왕(디지털),  6,000원",,,,98
2019-01-03,01관,"09:30,  모털 엔진(디지털)","11:50,  PMC: 더 벙커(디지털),  6,000원","14:10,  범블비(디지털),  6,000원","16:20,  그린치(디지털더빙),  6,000원","18:05,  범블비(디지털),  6,000원","20:15,  마약왕(디지털),  6,000원","22:45,  모털 엔진(디지털),  6,000원",,,98
2019-01-04,01관,"09:30,  모털 엔진(디지털)","11:55,  PMC: 더 벙커(디지털),  6,000원","14:15,  마약왕(디지털),  6,000원","16:55,  그린치(디지털더빙),  6,000원","18:45,  범블비(디지털),  6,000원","20:55,  범블비(디지털),  6,000원",,,,98
2019-01-05,01관,"09:50,  PMC: 더 벙커(디지털),  6,000원","12:10,  그린치(디지털더빙),  6,000원","14:00,  스윙키즈(디지털),  6,000원","16:30,  범블비(디지털),  6,000원","18:45,  범블비(디지털),  6,000원","20:55,  마약왕(디지털),  6,000원",,,,98
2019-01-06,01관,"09:50,  PMC: 더 벙커(디지털),  6,000원","12:10,  그린치(디지털더빙),  6,000원","14:00,  범블비(디지털),  6,000원","16:10,  스윙키즈(디지털),  6,000원","18:40,  범블비(디지털),  6,000원","20:50,  마약왕(디지털),  6,000원",,,,98
2019-01-10,01관,"10:00,  그린치(디지털더빙),  6,000원","11:45,  PMC: 더 벙커(디지털),  6,000원","14:10,  마약왕(디지털),  6,000원","16:45,  그린치(디지털더빙),  6,000원","18:35,  말모이(디지털),  6,000원","21:10,  범블비(디지털),  6,000원",,,,98
2019-01-11,01관,"09:50,  PMC: 더 벙커(디지털),  6,000원","12:10,  마약왕(디지털),  6,000원","14:45,  PMC: 더 벙커(디지털),  6,000원","17:05,  말모이(디지털),  6,000원","19:40,  말모이(디지털),  6,000원","22:15,  마약왕(디지털),  6,000원",,,,98
2019-01-12,01관,"09:50,  PMC: 더 벙커(디지털),  6,000원","12:10,  그린치(디지털더빙),  6,000원","14:00,  범블비(디지털),  6,000원","16:10,  말모이(디지털),  6,000원","18:45,  범블비(디지털),  6,000원","20:55,  말모이(디지털),  6,000원",,,,98
2019-01-13,01관,"09:50,  PMC: 더 벙커(디지털),  6,000원","12:10,  그린치(디지털더빙),  6,000원","14:00,  말모이(디지털),  6,000원","16:35,  범블비(디지털),  6,000원","18:45,  말모이(디지털),  6,000원","21:20,  마약왕(디지털),  6,000원",,,,98
2019-01-16,01관,"10:00,  범블비(디지털),  6,000원",,,,,,,,,98
2019-01-17,01관,"09:30,  그린치(디지털더빙)","11:15,  그린치(디지털더빙),  6,000원","13:05,  범블비(디지털),  6,000원","15:15,  언더독(디지털),  6,000원","17:15,  범블비(디지털),  6,000원","19:25,  글래스(디지털),  6,000원","21:50,  글래스(디지털),  6,000원",,,98
2019-01-18,01관,"10:00,  말모이(디지털),  6,000원","12:35,  언더독(디지털),  6,000원","14:35,  말모이(디지털),  6,000원","17:10,  언더독(디지털),  6,000원","19:10,  말모이(디지털),  6,000원","21:45,  PMC: 더 벙커(디지털),  6,000원",,,,98
2019-01-19,01관,"09:50,  그린치(디지털더빙),  6,000원","11:40,  말모이(디지털),  6,000원","14:15,  글래스(디지털),  6,000원","16:40,  언더독(디지털),  6,000원","18:40,  말모이(디지털),  6,000원","21:15,  글래스(디지털),  6,000원",,,,98
2019-01-20,01관,"10:00,  범블비(디지털),  6,000원","12:10,  글래스(디지털),  6,000원","14:40,  언더독(디지털),  6,000원","16:40,  범블비(디지털),  6,000원","18:50,  말모이(디지털),  6,000원","21:25,  글래스(디지털),  6,000원",,,,98
2019-01-24,01관,"10:00,  극한직업(디지털),  6,000원","12:10,  글래스(디지털),  6,000원","14:35,  글래스(디지털),  6,000원","17:00,  언더독(디지털),  6,000원","19:00,  말모이(디지털),  6,000원","21:35,  극한직업(디지털),  6,000원",,,,98
2019-01-25,01관,"10:00,  극한직업(디지털),  6,000원","12:10,  글래스(디지털),  6,000원","14:40,  언더독(디지털),  6,000원","16:50,  극한직업(디지털),  6,000원","19:05,  말모이(디지털),  6,000원","21:40,  글래스(디지털),  6,000원",,,,98
2019-01-26,01관,"10:00,  말모이(디지털),  6,000원","12:35,  언더독(디지털),  6,000원","14:35,  언더독(디지털),  6,000원","16:45,  극한직업(디지털),  6,000원","19:05,  말모이(디지털),  6,000원","21:40,  극한직업(디지털),  6,000원",,,,98
2019-01-27,01관,"09:55,  말모이(디지털),  6,000원","12:30,  언더독(디지털),  6,000원","14:35,  극한직업(디지털),  6,000원","17:00,  언더독(디지털),  6,000원","19:00,  말모이(디지털),  6,000원","21:35,  극한직업(디지털),  6,000원",,,,98
2019-01-30,01관,"09:50,  뺑반(디지털),  5,000원","12:20,  드래곤 길들이기 3(디지털더빙),  5,000원","14:20,  글래스(디지털),  5,000원","16:45,  뺑반(디지털),  5,000원","19:20,  극한직업(디지털),  5,000원","21:30,  극한직업(디지털),  5,000원",,,,98
2019-01-31,01관,"09:55,  뺑반(디지털),  6,000원","12:25,  드래곤 길들이기 3(디지털더빙),  6,000원","14:25,  글래스(디지털),  6,000원","16:50,  극한직업(디지털),  6,000원","19:00,  극한직업(디지털),  6,000원","21:10,  뺑반(디지털),  6,000원",,,,98
2019-02-01,01관,"10:00,  극한직업(디지털),  6,000원","12:05,  글래스(디지털)","14:30,  드래곤 길들이기 3(디지털더빙),  6,000원","16:35,  뺑반(디지털),  6,000원","19:10,  극한직업(디지털),  6,000원","21:20,  극한직업(디지털),  6,000원",,,,98
2019-02-02,01관,"09:50,  말모이(디지털),  6,000원","12:20,  언더독(디지털),  6,000원","14:20,  극한직업(디지털),  6,000원","16:30,  뺑반(디지털),  6,000원","19:05,  극한직업(디지털),  6,000원","21:15,  극한직업(디지털),  6,000원",,,,98
2019-02-03,01관,"10:00,  극한직업(디지털),  6,000원","12:10,  드래곤 길들이기 3(디지털더빙),  6,000원","14:15,  뺑반(디지털),  6,000원","16:45,  극한직업(디지털),  6,000원","18:55,  극한직업(디지털),  6,000원","21:05,  뺑반(디지털),  6,000원",,,,98
2019-02-04,01관,"09:55,  뺑반(디지털),  6,000원","12:25,  드래곤 길들이기 3(디지털더빙),  6,000원","14:30,  극한직업(디지털),  6,000원","16:40,  극한직업(디지털),  6,000원","18:50,  극한직업(디지털),  6,000원","21:00,  뺑반(디지털),  6,000원",,,,98
2019-02-05,01관,"09:55,  뺑반(디지털),  6,000원","12:30,  알리타: 배틀 엔젤(디지털),  6,000원","14:50,  극한직업(디지털),  6,000원","17:00,  극한직업(디지털),  6,000원","19:10,  극한직업(디지털),  6,000원","21:20,  뺑반(디지털),  6,000원",,,,98
2019-02-06,01관,"09:55,  뺑반(디지털),  6,000원","12:25,  극한직업(디지털),  6,000원","14:35,  알리타: 배틀 엔젤(디지털),  6,000원","16:55,  극한직업(디지털),  6,000원","19:05,  극한직업(디지털),  6,000원","21:15,  뺑반(디지털),  6,000원",,,,98
2019-02-07,01관,"10:00,  극한직업(디지털),  6,000원","12:10,  뺑반(디지털),  6,000원","14:40,  드래곤 길들이기 3(디지털더빙),  6,000원","16:45,  알리타: 배틀 엔젤(디지털),  6,000원","19:05,  극한직업(디지털),  6,000원","21:15,  뺑반(디지털),  6,000원",,,,98
2019-02-08,01관,"10:00,  극한직업(디지털),  6,000원","12:10,  뺑반(디지털),  6,000원","14:40,  드래곤 길들이기 3(디지털더빙),  6,000원","16:45,  알리타: 배틀 엔젤(디지털),  6,000원","19:05,  극한직업(디지털),  6,000원","21:15,  뺑반(디지털),  6,000원",,,,98
2019-02-09,01관,"10:00,  뺑반(디지털),  6,000원","12:30,  극한직업(디지털),  6,000원","14:40,  드래곤 길들이기 3(디지털더빙),  6,000원","16:45,  알리타: 배틀 엔젤(3D 디지털),  8,000원","19:05,  극한직업(디지털),  6,000원","21:15,  뺑반(디지털),  6,000원",,,,98
2019-02-10,01관,"10:00,  뺑반(디지털),  6,000원","12:30,  드래곤 길들이기 3(디지털더빙),  6,000원","14:30,  극한직업(디지털),  6,000원","16:40,  알리타: 배틀 엔젤(3D 디지털),  8,000원","19:00,  극한직업(디지털),  6,000원","21:10,  뺑반(디지털),  6,000원",,,,98
2019-02-11,01관,"15:30,  말모이(디지털),  6,000원",,,,,,,,,98
2019-02-14,01관,"10:00,  증인(디지털),  6,000원","12:25,  드래곤 길들이기 3(디지털더빙),  6,000원","14:25,  뺑반(디지털),  6,000원","16:55,  알리타: 배틀 엔젤(3D 디지털),  8,000원","19:20,  극한직업(디지털),  6,000원","21:30,  기묘한 가족(디지털),  6,000원",,,,98
2019-02-15,01관,"09:55,  기묘한 가족(디지털),  6,000원","12:05,  드래곤 길들이기 3(디지털더빙),  6,000원","14:10,  뺑반(디지털),  6,000원","16:40,  알리타: 배틀 엔젤(3D 디지털),  8,000원","19:05,  극한직업(디지털),  6,000원","21:15,  증인(디지털),  6,000원",,,,98
2019-02-16,01관,"10:00,  기묘한 가족(디지털),  6,000원","12:10,  극한직업(디지털),  6,000원","14:20,  알리타: 배틀 엔젤(3D 디지털),  8,000원","16:40,  극한직업(디지털),  6,000원","18:50,  증인(디지털),  6,000원","21:20,  뺑반(디지털),  6,000원",,,,98
2019-02-17,01관,"10:00,  극한직업(디지털),  6,000원","12:10,  알리타: 배틀 엔젤(3D 디지털),  8,000원","14:30,  기묘한 가족(디지털),  6,000원","16:40,  극한직업(디지털),  6,000원","18:50,  증인(디지털),  6,000원","21:20,  뺑반(디지털),  6,000원",,,,98
2019-02-21,01관,"10:00,  극한직업(디지털),  6,000원","12:10,  기묘한 가족(디지털),  6,000원","14:20,  사바하(디지털),  6,000원","16:40,  증인(디지털),  6,000원","19:10,  극한직업(디지털),  6,000원","21:20,  사바하(디지털),  6,000원",,,,98
2019-02-22,01관,"10:00,  극한직업(디지털),  6,000원","12:10,  사바하(디지털),  6,000원","14:30,  기묘한 가족(디지털),  6,000원","16:40,  증인(디지털),  6,000원","19:10,  극한직업(디지털),  6,000원","21:20,  사바하(디지털),  6,000원",,,,98
2019-02-23,01관,"10:00,  증인(디지털),  6,000원","12:30,  알리타: 배틀 엔젤(3D 디지털),  8,000원","14:50,  극한직업(디지털),  6,000원","17:00,  기묘한 가족(디지털),  6,000원","19:10,  극한직업(디지털),  6,000원","21:20,  사바하(디지털),  6,000원",,,,98
2019-02-24,01관,"10:00,  극한직업(디지털),  6,000원","12:10,  기묘한 가족(디지털),  6,000원","14:20,  알리타: 배틀 엔젤(3D 디지털),  8,000원","16:40,  사바하(디지털),  6,000원","19:00,  극한직업(디지털),  6,000원","21:10,  증인(디지털),  6,000원",,,,98
2019-02-27,01관,"09:55,  항거:유관순 이야기(디지털),  5,000원","12:00,  기묘한 가족(디지털),  5,000원","14:10,  사바하(디지털),  5,000원","16:30,  증인(디지털),  5,000원","19:00,  자전차왕 엄복동(디지털),  5,000원","21:15,  사바하(디지털),  5,000원",,,,98
2019-02-28,01관,"09:55,  사바하(디지털),  6,000원","12:15,  증인(디지털),  6,000원","14:45,  기묘한 가족(디지털),  6,000원","16:55,  항거:유관순 이야기(디지털),  6,000원","19:00,  자전차왕 엄복동(디지털),  6,000원","21:15,  사바하(디지털),  6,000원",,,,98
2019-03-01,01관,"09:55,  자전차왕 엄복동(디지털),  6,000원","12:10,  증인(디지털),  6,000원","14:40,  사바하(디지털),  6,000원","17:00,  항거:유관순 이야기(디지털),  6,000원","19:05,  자전차왕 엄복동(디지털),  6,000원","21:20,  사바하(디지털),  6,000원",,,,98
2019-03-02,01관,"09:30,  기묘한 가족(디지털),  6,000원","11:40,  자전차왕 엄복동(디지털),  6,000원","13:55,  증인(디지털),  6,000원","16:25,  항거:유관순 이야기(디지털),  6,000원","18:30,  사바하(디지털),  6,000원","20:50,  자전차왕 엄복동(디지털),  6,000원",,,,98
2019-03-03,01관,"09:30,  기묘한 가족(디지털),  6,000원","11:40,  자전차왕 엄복동(디지털),  6,000원","13:55,  항거:유관순 이야기(디지털),  6,000원","16:00,  증인(디지털),  6,000원","18:30,  사바하(디지털),  6,000원","20:50,  사바하(디지털),  6,000원","23:10,  기묘한 가족(디지털),  6,000원",,,98
2019-03-07,01관,"09:55,  항거:유관순 이야기(디지털),  6,000원","11:55,  캡틴 마블(3D 디지털),  8,000원","14:15,  사바하(디지털),  6,000원","16:35,  캡틴 마블(디지털),  6,000원","18:55,  항거:유관순 이야기(디지털),  6,000원","21:00,  증인(디지털),  6,000원",,,,98
2019-03-08,01관,"10:00,  증인(디지털),  6,000원","12:25,  캡틴 마블(3D 디지털),  8,000원","14:50,  항거:유관순 이야기(디지털),  6,000원","17:05,  항거:유관순 이야기(디지털),  6,000원","19:10,  캡틴 마블(디지털),  6,000원","21:35,  사바하(디지털),  6,000원",,,,98
2019-03-09,01관,"10:00,  항거:유관순 이야기(디지털),  6,000원","12:15,  캡틴 마블(3D 디지털),  8,000원","14:35,  항거:유관순 이야기(디지털),  6,000원","16:40,  캡틴 마블(디지털),  6,000원","19:05,  항거:유관순 이야기(디지털),  6,000원","21:10,  사바하(디지털),  6,000원",,,,98
2019-03-10,01관,"09:55,  자전차왕 엄복동(디지털)","12:10,  증인(디지털),  6,000원","14:40,  항거:유관순 이야기(디지털),  6,000원","16:45,  캡틴 마블(3D 디지털),  8,000원","19:10,  항거:유관순 이야기(디지털),  6,000원","21:15,  사바하(디지털),  6,000원","09:50,  캡틴 마블(디지털),  6,000원",,,98
2019-03-14,01관,"09:50,  증인(디지털),  6,000원","12:20,  캡틴 마블(디지털),  6,000원","14:35,  자전차왕 엄복동(디지털),  6,000원","16:45,  캡틴 마블(3D 디지털),  8,000원","19:10,  캡틴 마블(3D 디지털),  8,000원","21:35,  항거:유관순 이야기(디지털),  6,000원","23:35,  데들리 스틸(디지털),  6,000원",,,98
2019-03-15,01관,"10:00,  항거:유관순 이야기(디지털),  6,000원","12:05,  캡틴 마블(디지털)","14:25,  항거:유관순 이야기(디지털),  6,000원","16:30,  캡틴 마블(3D 디지털),  8,000원","18:55,  캡틴 마블(3D 디지털),  8,000원","21:20,  캡틴 마블(3D 디지털),  8,000원","23:40,  데들리 스틸(디지털),  6,000원","12:00,  자전차왕 엄복동(디지털),  6,000원",,98
2019-03-16,01관,"09:50,  증인(디지털),  6,000원","12:20,  캡틴 마블(디지털),  6,000원","14:40,  자전차왕 엄복동(디지털),  6,000원","16:50,  캡틴 마블(3D 디지털),  8,000원","19:15,  캡틴 마블(3D 디지털),  8,000원","21:40,  항거:유관순 이야기(디지털),  6,000원",,,,98
2019-03-17,01관,"09:50,  사바하(디지털),  6,000원","12:10,  캡틴 마블(디지털),  6,000원","14:30,  항거:유관순 이야기(디지털),  6,000원","16:35,  캡틴 마블(3D 디지털),  8,000원","19:00,  캡틴 마블(3D 디지털),  8,000원","21:20,  자전차왕 엄복동(디지털)",,,,98
2019-03-21,01관,"09:50,  돈(디지털),  6,000원","12:05,  우상(디지털),  6,000원","14:50,  항거:유관순 이야기(디지털),  6,000원","16:55,  우상(디지털),  6,000원","19:40,  돈(디지털),  6,000원","21:55,  자전차왕 엄복동(디지털),  6,000원",,,,98
2019-03-22,01관,"09:50,  돈(디지털),  6,000원","12:05,  우상(디지털),  6,000원","14:50,  항거:유관순 이야기(디지털)","16:55,  캡틴 마블(3D 디지털),  8,000원","19:20,  돈(디지털),  6,000원","21:35,  우상(디지털),  6,000원",,,,98
2019-03-23,01관,"09:30,  자전차왕 엄복동(디지털)","11:45,  돈(디지털),  6,000원","14:00,  우상(디지털),  6,000원","16:45,  캡틴 마블(3D 디지털),  8,000원","19:10,  돈(디지털),  6,000원","21:25,  우상(디지털),  6,000원","09:30,  돈(디지털),  6,000원",,,98
2019-03-24,01관,"09:30,  자전차왕 엄복동(디지털)","11:45,  우상(디지털),  6,000원","14:30,  돈(디지털),  6,000원","16:45,  캡틴 마블(3D 디지털)","19:10,  돈(디지털),  6,000원","21:25,  우상(디지털),  6,000원","09:30,  돈(디지털),  6,000원",,,98
2019-03-27,01관,"10:00,  돈(디지털),  5,000원","12:15,  우상(디지털),  5,000원","15:00,  돈(디지털),  5,000원","17:15,  덤보(디지털더빙),  5,000원","19:25,  덤보(디지털),  5,000원","21:35,  어스(디지털),  5,000원",,,,98
2019-03-28,01관,"10:00,  우상(디지털),  6,000원","12:45,  돈(디지털),  6,000원","15:00,  덤보(디지털더빙)","17:10,  덤보(디지털)","19:20,  돈(디지털),  6,000원","21:35,  어스(디지털),  6,000원",,,,98
2019-03-29,01관,"09:50,  돈(디지털),  6,000원","12:05,  어스(디지털),  6,000원","14:50,  덤보(디지털더빙),  6,000원","17:00,  덤보(디지털),  6,000원","19:10,  우상(디지털),  6,000원","21:55,  어스(디지털),  6,000원",,,,98
2019-03-30,01관,"09:50,  돈(디지털),  6,000원","12:05,  덤보(디지털더빙),  6,000원","14:15,  우상(디지털),  6,000원","17:00,  덤보(디지털),  6,000원","19:10,  돈(디지털),  6,000원","21:25,  어스(디지털),  6,000원",,,,98
2019-03-31,01관,"10:15,  어스(디지털),  6,000원","12:35,  덤보(디지털더빙),  6,000원","14:45,  돈(디지털),  6,000원","17:00,  우상(디지털),  6,000원","19:45,  덤보(디지털),  6,000원","22:00,  어스(디지털),  6,000원",,,,98
2019-04-04,01관,"09:55,  생일(디지털),  6,000원","12:15,  덤보(디지털더빙),  6,000원","14:25,  돈(디지털),  6,000원","16:40,  어스(디지털),  6,000원","19:00,  생일(디지털),  6,000원","21:25,  우상(디지털),  6,000원",,,,98
2019-04-05,01관,"09:55,  생일(디지털),  6,000원","12:15,  돈(디지털),  6,000원","14:30,  덤보(디지털),  6,000원","16:45,  어스(디지털),  6,000원","19:05,  생일(디지털),  6,000원","21:25,  어스(디지털),  6,000원",,,,98
2019-04-06,01관,"09:50,  돈(디지털),  6,000원","12:05,  덤보(디지털더빙),  6,000원","14:15,  생일(디지털),  6,000원","16:35,  어스(디지털),  6,000원","18:55,  생일(디지털),  6,000원","21:15,  어스(디지털),  6,000원",,,,98
2019-04-07,01관,"09:40,  돈(디지털),  6,000원","11:55,  생일(디지털),  6,000원","14:15,  덤보(디지털더빙),  6,000원","16:25,  어스(디지털),  6,000원","18:45,  생일(디지털),  6,000원","21:05,  우상(디지털),  6,000원",,,,98
2019-04-11,01관,"10:00,  미성년(디지털),  6,000원","11:55,  돈(디지털),  6,000원","14:10,  생일(디지털),  6,000원","16:30,  덤보(디지털더빙),  6,000원","18:45,  헬보이(디지털),  6,000원","21:05,  미성년(디지털),  6,000원",,,,98
2019-04-12,01관,"10:00,  생일(디지털),  6,000원","12:10,  덤보(디지털)","14:15,  덤보(디지털더빙)","16:30,  어스(디지털),  6,000원","18:50,  미성년(디지털),  6,000원","20:45,  헬보이(디지털),  6,000원",,,,98
2019-04-13,01관,"09:30,  돈(디지털),  6,000원","11:45,  어스(디지털)","14:00,  미성년(디지털),  6,000원","15:55,  덤보(디지털더빙),  6,000원","18:05,  생일(디지털),  6,000원","20:25,  미성년(디지털),  6,000원","22:20,  헬보이(디지털),  6,000원",,,98
2019-04-14,01관,"10:00,  미성년(디지털),  6,000원","11:55,  어스(디지털),  6,000원","14:15,  덤보(디지털),  6,000원","16:30,  생일(디지털),  6,000원","18:50,  미성년(디지털),  6,000원","20:45,  헬보이(디지털),  6,000원",,,,98
2019-04-15,01관,"19:00,  생일(디지털),  6,000원",,,,,,,,,98
2019-04-18,01관,"10:00,  생일(디지털),  6,000원","12:20,  돈(디지털),  6,000원","14:35,  미성년(디지털),  6,000원","16:30,  덤보(디지털더빙),  6,000원","18:50,  미성년(디지털),  6,000원","20:45,  헬보이(디지털),  6,000원",,,,98
2019-04-19,01관,"09:55,  생일(디지털),  6,000원","12:15,  미성년(디지털),  6,000원","14:10,  헬보이(디지털),  6,000원","16:30,  덤보(디지털더빙)","18:45,  미성년(디지털)","20:40,  헬보이(디지털),  6,000원",,,,98
2019-04-20,01관,"09:55,  미성년(디지털),  6,000원","11:55,  헬보이(디지털),  6,000원","14:15,  덤보(디지털더빙),  6,000원","16:30,  생일(디지털),  6,000원","18:50,  미성년(디지털),  6,000원","20:50,  헬보이(디지털),  6,000원",,,,98
2019-04-21,01관,"09:55,  헬보이(디지털),  6,000원","12:15,  미성년(디지털),  6,000원","14:10,  덤보(디지털더빙),  6,000원","16:25,  생일(디지털),  6,000원","18:45,  미성년(디지털),  6,000원","20:45,  헬보이(디지털),  6,000원",,,,98
2019-04-22,01관,"19:00,  생일(디지털),  6,000원",,,,,,,,,98
2019-04-24,01관,"09:40,  미성년(디지털),  5,000원","11:35,  어벤져스: 엔드게임(디지털),  5,000원","14:55,  헬보이(디지털)","17:20,  어벤져스: 엔드게임(디지털),  5,000원","20:45,  어벤져스: 엔드게임(디지털),  5,000원",,,,,98
2019-04-25,01관,"09:40,  미성년(디지털),  6,000원","11:35,  뽀로로 극장판 보물섬 대모험(디지털),  6,000원","13:15,  어벤져스: 엔드게임(디지털),  6,000원","16:35,  뽀로로 극장판 보물섬 대모험(디지털),  6,000원","18:15,  어벤져스: 엔드게임(디지털),  6,000원","21:35,  헬보이(디지털),  6,000원",,,,98
2019-04-26,01관,"09:50,  미성년(디지털),  6,000원","11:45,  어벤져스: 엔드게임(디지털),  6,000원","15:05,  뽀로로 극장판 보물섬 대모험(디지털),  6,000원","16:45,  뽀로로 극장판 보물섬 대모험(디지털),  6,000원","18:25,  어벤져스: 엔드게임(디지털),  6,000원","21:45,  어벤져스: 엔드게임(디지털),  6,000원",,,,98
2019-04-27,01관,"09:20,  미성년(디지털),  6,000원","11:15,  어벤져스: 엔드게임(디지털),  6,000원","14:35,  뽀로로 극장판 보물섬 대모험(디지털),  6,000원","16:15,  어벤져스: 엔드게임(디지털),  6,000원","19:35,  어벤져스: 엔드게임(디지털),  6,000원","22:55,  어벤져스: 엔드게임(디지털),  6,000원",,,,98
2019-04-28,01관,"09:30,  미성년(디지털),  6,000원","11:25,  어벤져스: 엔드게임(디지털),  6,000원","14:50,  뽀로로 극장판 보물섬 대모험(디지털),  6,000원","16:30,  뽀로로 극장판 보물섬 대모험(디지털),  6,000원","18:50,  어벤져스: 엔드게임(디지털),  6,000원","22:10,  미성년(디지털),  6,000원",,,,98
2019-05-01,01관,"20:00,  어벤져스: 엔드게임(디지털),  6,000원",,,,,,,,,98
2019-05-02,01관,"09:30,  미성년(디지털),  6,000원","11:25,  어벤져스: 엔드게임(디지털),  6,000원","14:45,  나의 특별한 형제(디지털),  6,000원","17:00,  뽀로로 극장판 보물섬 대모험(디지털),  6,000원","18:40,  어벤져스: 엔드게임(디지털),  6,000원","22:00,  나의 특별한 형제(디지털),  6,000원",,,,98
2019-05-03,01관,"09:30,  미성년(디지털)","11:25,  어벤져스: 엔드게임(디지털),  6,000원","14:45,  나의 특별한 형제(디지털),  6,000원","17:00,  어벤져스: 엔드게임(디지털),  6,000원","20:20,  어벤져스: 엔드게임(디지털),  6,000원",,,,,98
2019-05-04,01관,"09:30,  어벤져스: 엔드게임(디지털),  6,000원","12:50,  뽀로로 극장판 보물섬 대모험(디지털),  6,000원","14:30,  나의 특별한 형제(디지털),  6,000원","16:45,  어벤져스: 엔드게임(디지털),  6,000원","20:05,  어벤져스: 엔드게임(디지털),  6,000원","23:20,  미성년(디지털)",,,,98
2019-05-05,01관,"09:30,  미성년(디지털),  6,000원","11:25,  어벤져스: 엔드게임(디지털),  6,000원","14:45,  뽀로로 극장판 보물섬 대모험(디지털),  6,000원","16:25,  나의 특별한 형제(디지털),  6,000원","18:40,  어벤져스: 엔드게임(디지털),  6,000원","22:00,  어벤져스: 엔드게임(디지털),  6,000원",,,,98
2019-05-06,01관,"09:40,  어벤져스: 엔드게임(디지털),  6,000원","13:00,  뽀로로 극장판 보물섬 대모험(디지털),  6,000원","14:40,  나의 특별한 형제(디지털),  6,000원","16:55,  어벤져스: 엔드게임(디지털),  6,000원","20:15,  어벤져스: 엔드게임(디지털),  6,000원",,,,,98
2019-05-09,01관,"09:30,  걸캅스(디지털),  6,000원","11:35,  어벤져스: 엔드게임(디지털),  6,000원","14:55,  뽀로로 극장판 보물섬 대모험(디지털),  6,000원","16:35,  걸캅스(디지털),  6,000원","18:45,  어벤져스: 엔드게임(디지털),  6,000원","22:05,  명탐정 피카츄(디지털),  6,000원",,,,98
2019-05-10,01관,"09:30,  걸캅스(디지털),  6,000원","11:35,  어벤져스: 엔드게임(디지털),  6,000원","14:55,  뽀로로 극장판 보물섬 대모험(디지털),  6,000원","16:35,  나의 특별한 형제(디지털),  6,000원","18:50,  어벤져스: 엔드게임(디지털),  6,000원","22:10,  어벤져스: 엔드게임(디지털),  6,000원",,,,98
2019-05-11,01관,"09:30,  나의 특별한 형제(디지털),  6,000원","11:45,  어벤져스: 엔드게임(디지털),  6,000원","15:05,  명탐정 피카츄(디지털더빙),  6,000원","17:10,  걸캅스(디지털),  6,000원","19:20,  어벤져스: 엔드게임(디지털),  6,000원","22:40,  어벤져스: 엔드게임(디지털),  6,000원",,,,98
2019-05-12,01관,"09:30,  나의 특별한 형제(디지털),  6,000원","11:45,  어벤져스: 엔드게임(디지털),  6,000원","15:05,  뽀로로 극장판 보물섬 대모험(디지털),  6,000원","16:45,  걸캅스(디지털),  6,000원","18:55,  어벤져스: 엔드게임(디지털),  6,000원","22:15,  명탐정 피카츄(디지털),  6,000원",,,,98
2019-05-13,01관,"10:30,  나의 특별한 형제(디지털),  5,000원",,,,,,,,,98
2019-05-16,01관,"09:50,  배심원들(디지털),  6,000원","12:05,  나의 특별한 형제(디지털),  6,000원","14:20,  명탐정 피카츄(디지털더빙),  6,000원","16:25,  배심원들(디지털),  5,000원","18:40,  어벤져스: 엔드게임(디지털),  6,000원","22:00,  걸캅스(디지털),  6,000원",,,,98
2019-05-17,01관,"10:00,  배심원들(디지털),  6,000원","12:15,  나의 특별한 형제(디지털),  6,000원","14:30,  걸캅스(디지털),  6,000원","16:40,  배심원들(디지털),  6,000원","18:55,  어벤져스: 엔드게임(디지털),  6,000원","22:15,  명탐정 피카츄(디지털),  6,000원",,,,98
2019-05-18,01관,"09:30,  걸캅스(디지털),  6,000원","11:40,  어벤져스: 엔드게임(디지털),  6,000원","15:00,  명탐정 피카츄(디지털더빙),  6,000원","17:05,  배심원들(디지털),  6,000원","19:20,  어벤져스: 엔드게임(디지털),  6,000원","22:40,  나의 특별한 형제(디지털),  6,000원",,,,98
2019-05-19,01관,"09:40,  명탐정 피카츄(디지털),  6,000원","11:45,  어벤져스: 엔드게임(디지털),  6,000원","15:05,  나의 특별한 형제(디지털),  6,000원","17:20,  배심원들(디지털),  6,000원","19:35,  어벤져스: 엔드게임(디지털),  6,000원","22:55,  걸캅스(디지털),  6,000원",,,,98
2019-05-23,01관,"10:00,  악인전(디지털),  6,000원","12:10,  어린 의뢰인(디지털),  6,000원","14:25,  배심원들(디지털),  6,000원","16:40,  걸캅스(디지털),  6,000원","18:50,  악인전(디지털),  6,000원","21:00,  어린 의뢰인(디지털),  6,000원",,,,98
2019-05-24,01관,"10:00,  배심원들(디지털),  6,000원","12:15,  악인전(디지털),  6,000원","14:25,  어린 의뢰인(디지털),  6,000원","16:40,  걸캅스(디지털),  6,000원","18:50,  악인전(디지털),  6,000원","21:00,  어린 의뢰인(디지털),  6,000원",,,,98
2019-05-25,01관,"09:40,  걸캅스(디지털),  6,000원","11:50,  어벤져스: 엔드게임(디지털),  6,000원","15:10,  명탐정 피카츄(디지털더빙),  6,000원","17:15,  어린 의뢰인(디지털),  6,000원","19:30,  악인전(디지털),  6,000원","21:40,  배심원들(디지털),  6,000원",,,,98
2019-05-26,01관,"09:40,  어린 의뢰인(디지털),  6,000원","11:55,  명탐정 피카츄(디지털더빙),  6,000원","14:00,  어벤져스: 엔드게임(디지털),  6,000원","17:20,  걸캅스(디지털),  6,000원","19:30,  악인전(디지털),  6,000원","21:40,  배심원들(디지털),  6,000원",,,,98
2019-05-29,01관,"09:40,  배심원들(디지털),  5,000원","11:55,  걸캅스(디지털),  5,000원","14:00,  어린 의뢰인(디지털),  5,000원","16:15,  명탐정 피카츄(디지털더빙)","18:20,  악인전(디지털),  5,000원","20:30,  악인전(디지털),  5,000원","22:40,  배심원들(디지털)",,,98
2019-05-30,01관,"09:40,  배심원들(디지털)","11:55,  기생충(디지털),  6,000원","14:25,  어린 의뢰인(디지털),  6,000원","16:40,  명탐정 피카츄(디지털더빙)","18:45,  기생충(디지털),  6,000원","21:15,  악인전(디지털),  6,000원",,,,98
2019-05-31,01관,"09:40,  어린 의뢰인(디지털),  6,000원","11:55,  악인전(디지털),  6,000원","14:05,  배심원들(디지털),  6,000원","16:20,  기생충(디지털),  6,000원","18:55,  악인전(디지털),  6,000원","21:05,  기생충(디지털),  6,000원",,,,98
2019-06-01,01관,"09:40,  어린 의뢰인(디지털),  6,000원","11:55,  악인전(디지털),  6,000원","14:05,  기생충(디지털),  6,000원","16:35,  악인전(디지털),  6,000원","18:45,  기생충(디지털),  6,000원","21:15,  악인전(디지털),  6,000원",,,,98
2019-06-02,01관,"09:40,  어린 의뢰인(디지털),  6,000원","11:55,  기생충(디지털),  6,000원","14:25,  악인전(디지털),  6,000원","16:35,  기생충(디지털),  6,000원","19:05,  악인전(디지털),  6,000원","21:15,  기생충(디지털),  6,000원",,,,98
2019-06-03,01관,"10:00,  기생충(디지털),  6,000원",,,,,,,,,98
2019-06-06,01관,"09:40,  기생충(디지털),  6,000원","12:10,  빅샤크2: 해저2만리(디지털더빙),  6,000원","13:45,  엑스맨: 다크 피닉스(디지털),  6,000원","16:05,  기생충(디지털),  6,000원","18:35,  엑스맨: 다크 피닉스(디지털),  6,000원","20:55,  기생충(디지털),  6,000원",,,,98
2019-06-07,01관,"09:40,  기생충(디지털),  6,000원","12:10,  어린 의뢰인(디지털),  6,000원","14:25,  빅샤크2: 해저2만리(디지털더빙),  6,000원","16:00,  엑스맨: 다크 피닉스(디지털),  6,000원","18:20,  기생충(디지털),  6,000원","20:50,  엑스맨: 다크 피닉스(디지털),  6,000원","23:10,  어린 의뢰인(디지털),  6,000원",,,98
2019-06-08,01관,"09:40,  기생충(디지털),  6,000원","12:10,  빅샤크2: 해저2만리(디지털더빙),  6,000원","13:45,  기생충(디지털),  6,000원","16:15,  엑스맨: 다크 피닉스(디지털),  6,000원","18:35,  기생충(디지털),  6,000원","21:05,  엑스맨: 다크 피닉스(디지털),  6,000원",,,,98
2019-06-09,01관,"09:40,  어린 의뢰인(디지털),  6,000원","11:55,  빅샤크2: 해저2만리(디지털더빙),  6,000원","13:30,  기생충(디지털),  6,000원","16:00,  기생충(디지털),  6,000원","18:30,  엑스맨: 다크 피닉스(디지털),  6,000원","20:50,  기생충(디지털),  6,000원",,,,98
2019-06-11,01관,"09:30,  맨 인 블랙: 인터내셔널(디지털)","11:45,  로켓맨(디지털)","14:10,  기생충(디지털)","16:45,  로켓맨(디지털)","19:10,  엑스맨: 다크 피닉스(디지털)",,,,,98
2019-06-13,01관,"09:40,  기생충(디지털),  6,000원","12:10,  맨 인 블랙: 인터내셔널(디지털),  6,000원","14:30,  엑스맨: 다크 피닉스(디지털),  6,000원","16:45,  빅샤크2: 해저2만리(디지털더빙),  5,000원","18:20,  맨 인 블랙: 인터내셔널(디지털),  6,000원","20:40,  기생충(디지털),  6,000원",,,,98
2019-06-14,01관,"09:30,  엑스맨: 다크 피닉스(디지털)","11:45,  맨 인 블랙: 인터내셔널(디지털),  6,000원","14:05,  기생충(디지털),  6,000원","16:35,  맨 인 블랙: 인터내셔널(디지털),  6,000원",,"21:00,  기생충(디지털),  6,000원","19:00,  시민 노무현(디지털),  6,000원",,,98
2019-06-15,01관,"09:40,  엑스맨: 다크 피닉스(디지털),  6,000원","11:55,  기생충(디지털),  6,000원","14:25,  빅샤크2: 해저2만리(디지털더빙),  6,000원","16:00,  기생충(디지털),  6,000원","18:30,  맨 인 블랙: 인터내셔널(디지털),  6,000원","20:50,  기생충(디지털),  6,000원",,,,98
2019-06-16,01관,"09:30,  엑스맨: 다크 피닉스(디지털),  6,000원","11:45,  기생충(디지털),  6,000원","14:15,  맨 인 블랙: 인터내셔널(디지털),  6,000원","16:35,  기생충(디지털),  6,000원","19:05,  맨 인 블랙: 인터내셔널(디지털),  6,000원","21:25,  엑스맨: 다크 피닉스(디지털),  6,000원",,,,98
2019-06-20,01관,"09:30,  롱 리브 더 킹: 목포 영웅(디지털)","11:50,  맨 인 블랙: 인터내셔널(디지털),  6,000원","14:05,  토이 스토리 4(디지털더빙),  6,000원","16:05,  롱 리브 더 킹: 목포 영웅(디지털),  6,000원","18:25,  토이 스토리 4(디지털),  6,000원","20:25,  기생충(디지털),  6,000원","23:00,  엑스맨: 다크 피닉스(디지털)",,,98
2019-06-21,01관,"09:40,  기생충(디지털),  6,000원",,"14:25,  롱 리브 더 킹: 목포 영웅(디지털),  6,000원","16:45,  토이 스토리 4(디지털더빙),  6,000원","18:45,  맨 인 블랙: 인터내셔널(디지털),  6,000원","21:00,  기생충(디지털),  6,000원","12:10,  맨 인 블랙: 인터내셔널(디지털),  5,000원",,,98
2019-06-22,01관,"09:40,  롱 리브 더 킹: 목포 영웅(디지털),  6,000원","12:00,  토이 스토리 4(디지털더빙),  6,000원","14:00,  맨 인 블랙: 인터내셔널(디지털),  6,000원","16:15,  기생충(디지털),  6,000원","18:45,  기생충(디지털),  6,000원","20:45,  기생충(디지털),  6,000원",,,,98
2019-06-23,01관,"09:40,  맨 인 블랙: 인터내셔널(디지털),  6,000원","11:55,  기생충(디지털),  6,000원","14:25,  토이 스토리 4(디지털),  6,000원","16:25,  롱 리브 더 킹: 목포 영웅(디지털),  6,000원","18:45,  기생충(디지털),  6,000원","21:15,  맨 인 블랙: 인터내셔널(디지털),  6,000원",,,,98
2019-06-26,01관,"09:50,  롱 리브 더 킹: 목포 영웅(디지털),  5,000원","12:10,  맨 인 블랙: 인터내셔널(디지털),  5,000원","14:25,  기생충(디지털),  5,000원","16:55,  토이 스토리 4(디지털더빙),  5,000원","18:55,  롱 리브 더 킹: 목포 영웅(디지털),  5,000원","21:15,  토이 스토리 4(디지털),  5,000원",,,,98
2019-06-27,01관,"09:40,  토이 스토리 4(디지털더빙),  6,000원","11:40,  롱 리브 더 킹: 목포 영웅(디지털),  6,000원","14:00,  토이 스토리 4(디지털더빙),  6,000원","16:00,  기생충(디지털),  6,000원","18:30,  롱 리브 더 킹: 목포 영웅(디지털),  6,000원","20:50,  롱 리브 더 킹: 목포 영웅(디지털),  6,000원",,,,98
2019-06-28,01관,"09:40,  롱 리브 더 킹: 목포 영웅(디지털),  6,000원","12:00,  기생충(디지털),  6,000원","14:30,  토이 스토리 4(디지털더빙),  6,000원","16:30,  롱 리브 더 킹: 목포 영웅(디지털),  6,000원","18:50,  토이 스토리 4(디지털),  6,000원","20:50,  롱 리브 더 킹: 목포 영웅(디지털),  6,000원",,,,98
2019-06-29,01관,,"12:10,  토이 스토리 4(디지털더빙),  6,000원","14:10,  롱 리브 더 킹: 목포 영웅(디지털),  6,000원","16:30,  기생충(디지털),  6,000원","19:00,  롱 리브 더 킹: 목포 영웅(디지털),  6,000원","21:20,  토이 스토리 4(디지털),  6,000원","10:00,  토이 스토리 4(디지털),  6,000원",,,98
2019-06-30,01관,"09:40,  롱 리브 더 킹: 목포 영웅(디지털),  6,000원","12:00,  토이 스토리 4(디지털더빙),  6,000원","14:10,  토이 스토리 4(디지털),  6,000원","16:30,  롱 리브 더 킹: 목포 영웅(디지털),  6,000원","18:50,  토이 스토리 4(디지털),  6,000원","20:50,  기생충(디지털),  6,000원",,,,98
2019-07-01,01관,"10:00,  토이 스토리 4(디지털더빙),  5,000원",,,,,,,,,98
2019-07-04,01관,"09:50,  롱 리브 더 킹: 목포 영웅(디지털),  6,000원","12:10,  토이 스토리 4(디지털더빙),  6,000원","14:10,  기생충(디지털),  6,000원","16:40,  스파이더맨: 파 프롬 홈(디지털),  6,000원",,"21:10,  스파이더맨: 파 프롬 홈(디지털),  6,000원","19:10,  토이 스토리 4(디지털더빙),  6,000원",,,98
2019-07-05,01관,"10:00,  토이 스토리 4(디지털더빙),  5,000원","12:00,  롱 리브 더 킹: 목포 영웅(디지털),  6,000원","14:20,  스파이더맨: 파 프롬 홈(디지털),  6,000원",,"18:50,  스파이더맨: 파 프롬 홈(디지털),  6,000원","21:20,  스파이더맨: 파 프롬 홈(디지털),  6,000원","16:50,  토이 스토리 4(디지털더빙),  6,000원",,,98
2019-07-06,01관,"09:50,  스파이더맨: 파 프롬 홈(디지털),  6,000원","12:20,  토이 스토리 4(디지털더빙),  6,000원","14:20,  롱 리브 더 킹: 목포 영웅(디지털),  6,000원","16:40,  스파이더맨: 파 프롬 홈(디지털),  6,000원","19:10,  토이 스토리 4(디지털),  6,000원","21:10,  스파이더맨: 파 프롬 홈(디지털),  6,000원",,,,98
2019-07-07,01관,"09:50,  스파이더맨: 파 프롬 홈(디지털),  6,000원","12:20,  롱 리브 더 킹: 목포 영웅(디지털),  6,000원","14:40,  스파이더맨: 파 프롬 홈(디지털),  6,000원","17:10,  토이 스토리 4(디지털),  6,000원","19:10,  스파이더맨: 파 프롬 홈(디지털),  6,000원","21:40,  기생충(디지털),  6,000원",,,,98
2019-07-11,01관,"10:00,  기방도령(디지털),  6,000원","12:10,  진범(디지털),  6,000원","14:20,  토이 스토리 4(디지털),  6,000원","16:20,  기방도령(디지털),  6,000원","18:30,  스파이더맨: 파 프롬 홈(디지털),  6,000원","21:00,  스파이더맨: 파 프롬 홈(디지털),  6,000원",,,,98
2019-07-12,01관,"10:00,  토이 스토리 4(디지털더빙),  6,000원","12:00,  진범(디지털),  6,000원","14:00,  기방도령(디지털),  6,000원","16:10,  스파이더맨: 파 프롬 홈(디지털),  6,000원","18:40,  스파이더맨: 파 프롬 홈(디지털),  6,000원","21:10,  스파이더맨: 파 프롬 홈(디지털),  6,000원",,,,98
2019-07-13,01관,"09:40,  진범(디지털),  6,000원","11:40,  기방도령(디지털),  6,000원","13:50,  스파이더맨: 파 프롬 홈(디지털),  6,000원","16:20,  기방도령(디지털),  6,000원","18:30,  스파이더맨: 파 프롬 홈(디지털),  6,000원","21:00,  스파이더맨: 파 프롬 홈(디지털),  6,000원",,,,98
2019-07-14,01관,"09:40,  기방도령(디지털),  6,000원","11:50,  진범(디지털),  6,000원","13:50,  스파이더맨: 파 프롬 홈(디지털),  6,000원","16:20,  스파이더맨: 파 프롬 홈(디지털),  6,000원","18:50,  스파이더맨: 파 프롬 홈(디지털),  6,000원","21:20,  기방도령(디지털),  6,000원",,,,98
2019-07-18,01관,"09:50,  기방도령(디지털),  6,000원","12:00,  진범(디지털),  6,000원","14:00,  기방도령(디지털),  6,000원","16:10,  라이온 킹(디지털더빙),  6,000원","18:30,  라이온 킹(디지털더빙),  6,000원","20:50,  라이온 킹(디지털),  6,000원",,,,98
2019-07-19,01관,"09:50,  진범(디지털),  6,000원","11:50,  기방도령(디지털),  6,000원","14:00,  라이온 킹(디지털더빙),  6,000원","16:20,  라이온 킹(디지털더빙),  6,000원","18:40,  라이온 킹(디지털),  6,000원","21:00,  라이온 킹(디지털),  6,000원",,,,98
2019-07-20,01관,"09:40,  기방도령(디지털),  6,000원","11:50,  진범(디지털),  6,000원","13:50,  라이온 킹(디지털더빙),  6,000원","16:10,  스파이더맨: 파 프롬 홈(디지털),  6,000원","18:40,  라이온 킹(디지털더빙),  6,000원","21:00,  라이온 킹(디지털),  6,000원",,,,98
2019-07-21,01관,"09:50,  진범(디지털),  6,000원","11:50,  스파이더맨: 파 프롬 홈(디지털),  6,000원","14:20,  라이온 킹(디지털더빙),  6,000원","16:40,  라이온 킹(디지털더빙),  6,000원","19:00,  라이온 킹(디지털),  6,000원","21:20,  기방도령(디지털),  6,000원",,,,98
2019-07-25,01관,"09:50,  나랏말싸미(디지털),  6,000원","12:00,  진범(디지털),  6,000원","14:00,  기방도령(디지털),  6,000원","16:10,  나랏말싸미(디지털),  6,000원","18:20,  나랏말싸미(디지털),  6,000원","20:30,  나랏말싸미(디지털),  6,000원",,,,98
2019-07-26,01관,"10:00,  나랏말싸미(디지털),  6,000원","12:10,  기방도령(디지털),  6,000원","14:20,  진범(디지털),  6,000원","16:20,  라이온 킹(디지털더빙),  6,000원","18:40,  나랏말싸미(디지털),  6,000원","20:50,  라이온 킹(디지털),  6,000원",,,,98
2019-07-27,01관,"09:50,  나랏말싸미(디지털),  6,000원","12:00,  라이온 킹(디지털더빙),  6,000원","14:20,  나랏말싸미(디지털),  6,000원","16:30,  라이온 킹(디지털),  6,000원","18:50,  나랏말싸미(디지털),  6,000원","21:00,  라이온 킹(디지털),  6,000원",,,,98
2019-07-28,01관,"10:00,  나랏말싸미(디지털),  6,000원","12:10,  라이온 킹(디지털더빙),  6,000원","14:30,  나랏말싸미(디지털),  6,000원","16:40,  라이온 킹(디지털),  6,000원","19:00,  나랏말싸미(디지털),  6,000원","21:10,  진범(디지털),  6,000원",,,,98
2019-07-31,01관,"09:50,  나랏말싸미(디지털),  5,000원","12:00,  엑시트(디지털),  5,000원","14:05,  사자(디지털),  5,000원","16:35,  엑시트(디지털),  5,000원","18:40,  나랏말싸미(디지털),  5,000원","20:50,  사자(디지털),  5,000원",,,,98
2019-08-01,01관,"09:40,  사자(디지털),  6,000원","12:10,  엑시트(디지털),  6,000원","14:15,  라이온 킹(디지털더빙),  6,000원","16:35,  마이펫의 이중생활 2(디지털더빙),  6,000원","18:20,  마이펫의 이중생활 2(디지털),  6,000원","20:05,  나랏말싸미(디지털),  6,000원","22:15,  사자(디지털),  6,000원",,,98
2019-08-02,01관,"09:40,  나랏말싸미(디지털),  6,000원","11:50,  엑시트(디지털),  6,000원","13:55,  라이온 킹(디지털더빙),  6,000원","16:15,  마이펫의 이중생활 2(디지털더빙),  6,000원","18:00,  사자(디지털),  6,000원","20:30,  마이펫의 이중생활 2(디지털),  6,000원","22:15,  사자(디지털),  6,000원",,,98
2019-08-03,01관,"09:40,  엑시트(디지털),  6,000원","11:45,  사자(디지털),  6,000원","14:15,  라이온 킹(디지털더빙),  6,000원","16:35,  나랏말싸미(디지털),  6,000원","18:45,  마이펫의 이중생활 2(디지털더빙),  6,000원","20:30,  마이펫의 이중생활 2(디지털),  6,000원","22:15,  사자(디지털),  6,000원",,,98
2019-08-04,01관,"09:40,  사자(디지털),  6,000원","12:10,  엑시트(디지털),  6,000원","14:15,  라이온 킹(디지털더빙),  6,000원","16:35,  마이펫의 이중생활 2(디지털더빙),  6,000원","18:20,  마이펫의 이중생활 2(디지털),  6,000원","20:05,  나랏말싸미(디지털),  6,000원","22:15,  사자(디지털),  6,000원",,,98
2019-08-07,01관,"19:00,  나랏말싸미(디지털),  6,000원",,,,,,,,,98
2019-08-08,01관,"09:40,  엑시트(디지털),  6,000원","11:45,  엑시트(디지털),  6,000원","13:50,  마이펫의 이중생활 2(디지털),  6,000원","15:35,  마이펫의 이중생활 2(디지털더빙),  5,000원","17:20,  봉오동 전투(디지털),  6,000원","19:55,  사자(디지털),  6,000원","22:25,  봉오동 전투(디지털),  6,000원",,,98
2019-08-09,01관,"10:00,  엑시트(디지털),  6,000원","12:05,  사자(디지털),  6,000원","14:35,  봉오동 전투(디지털),  6,000원","17:10,  엑시트(디지털),  6,000원","19:15,  봉오동 전투(디지털),  6,000원","21:50,  사자(디지털),  6,000원",,,,98
2019-08-10,01관,"09:40,  봉오동 전투(디지털),  6,000원","12:15,  라이온 킹(디지털더빙),  6,000원","14:35,  엑시트(디지털),  6,000원","16:40,  마이펫의 이중생활 2(디지털더빙),  6,000원","18:25,  사자(디지털),  6,000원","20:55,  봉오동 전투(디지털),  6,000원",,,,98
2019-08-11,01관,"09:50,  엑시트(디지털),  6,000원","11:55,  라이온 킹(디지털더빙),  6,000원","14:15,  사자(디지털),  6,000원","16:45,  마이펫의 이중생활 2(디지털더빙),  6,000원","18:30,  봉오동 전투(디지털),  6,000원","21:05,  엑시트(디지털),  6,000원",,,,98
2019-08-13,01관,"14:00,  봉오동 전투(디지털),  6,000원",,,,,,,,,98
2019-08-15,01관,"09:40,  봉오동 전투(디지털),  6,000원","12:15,  엑시트(디지털),  6,000원","14:20,  봉오동 전투(디지털),  6,000원","16:55,  엑시트(디지털),  6,000원","19:00,  봉오동 전투(디지털),  6,000원","21:35,  사자(디지털),  6,000원",,,,98
2019-08-16,01관,"09:40,  엑시트(디지털),  6,000원","11:45,  봉오동 전투(디지털),  6,000원","14:20,  엑시트(디지털),  6,000원","16:25,  사자(디지털),  6,000원","18:55,  엑시트(디지털),  6,000원","21:00,  봉오동 전투(디지털),  6,000원",,,,98
2019-08-17,01관,"09:40,  사자(디지털),  6,000원","12:10,  봉오동 전투(디지털),  6,000원","14:45,  엑시트(디지털),  6,000원","16:50,  마이펫의 이중생활 2(디지털더빙),  6,000원","18:35,  봉오동 전투(디지털),  6,000원","21:10,  엑시트(디지털),  6,000원",,,,98
2019-08-18,01관,"09:40,  봉오동 전투(디지털),  6,000원","12:15,  엑시트(디지털),  6,000원","14:20,  마이펫의 이중생활 2(디지털더빙),  6,000원","16:05,  엑시트(디지털),  6,000원","18:10,  봉오동 전투(디지털),  6,000원","20:45,  엑시트(디지털),  6,000원",,,,98
2019-08-21,01관,"09:50,  봉오동 전투(디지털),  6,000원","12:25,  광대들: 풍문조작단(디지털),  6,000원","14:35,  엑시트(디지털),  6,000원","16:40,  변신(디지털),  6,000원","18:55,  광대들: 풍문조작단(디지털),  6,000원","21:05,  변신(디지털),  6,000원",,,,98
2019-08-22,01관,"09:50,  광대들: 풍문조작단(디지털),  6,000원","12:00,  봉오동 전투(디지털),  6,000원","14:35,  변신(디지털),  6,000원","16:50,  엑시트(디지털),  6,000원","18:55,  광대들: 풍문조작단(디지털),  6,000원","21:05,  변신(디지털),  6,000원",,,,98
2019-08-23,01관,"09:40,  변신(디지털),  6,000원","11:55,  광대들: 풍문조작단(디지털),  6,000원","14:05,  엑시트(디지털),  6,000원","16:10,  봉오동 전투(디지털),  6,000원","18:45,  광대들: 풍문조작단(디지털),  6,000원","20:55,  변신(디지털),  6,000원",,,,98
2019-08-24,01관,"09:50,  광대들: 풍문조작단(디지털),  6,000원","12:00,  변신(디지털),  6,000원","14:15,  엑시트(디지털),  6,000원","16:20,  봉오동 전투(디지털),  6,000원","18:55,  변신(디지털),  6,000원","21:10,  광대들: 풍문조작단(디지털),  6,000원",,,,98
2019-08-25,01관,"09:50,  변신(디지털),  6,000원","12:05,  광대들: 풍문조작단(디지털),  6,000원","14:15,  엑시트(디지털),  6,000원","16:20,  봉오동 전투(디지털),  6,000원","18:55,  광대들: 풍문조작단(디지털),  6,000원","21:05,  변신(디지털),  6,000원",,,,98
2019-08-26,01관,"10:00,  엑시트(디지털),  6,000원",,,,,,,,,98
2019-08-28,01관,"09:50,  광대들: 풍문조작단(디지털),  5,000원","12:00,  변신(디지털),  5,000원","14:15,  유열의 음악앨범(디지털),  5,000원","16:40,  광대들: 풍문조작단(디지털),  5,000원","18:50,  유열의 음악앨범(디지털),  5,000원","21:15,  변신(디지털),  5,000원",,,,98
2019-08-29,01관,"09:50,  유열의 음악앨범(디지털),  6,000원","12:15,  변신(디지털),  6,000원","14:30,  광대들: 풍문조작단(디지털),  6,000원","16:40,  변신(디지털),  6,000원","18:55,  유열의 음악앨범(디지털),  6,000원","21:20,  광대들: 풍문조작단(디지털),  6,000원",,,,98
2019-08-30,01관,,,"14:25,  변신(디지털),  6,000원","16:40,  광대들: 풍문조작단(디지털),  6,000원","18:50,  유열의 음악앨범(디지털),  6,000원","21:15,  변신(디지털),  6,000원","09:50,  유열의 음악앨범(디지털),  6,000원","12:15,  광대들: 풍문조작단(디지털),  6,000원",,98
2019-08-31,01관,"09:50,  광대들: 풍문조작단(디지털),  6,000원","12:00,  유열의 음악앨범(디지털),  6,000원","14:25,  변신(디지털),  6,000원","16:40,  광대들: 풍문조작단(디지털),  6,000원","18:50,  유열의 음악앨범(디지털),  6,000원","21:15,  변신(디지털),  6,000원",,,,98
2019-09-01,01관,"09:40,  변신(디지털),  6,000원","11:55,  광대들: 풍문조작단(디지털),  6,000원","14:05,  유열의 음악앨범(디지털),  6,000원","16:30,  광대들: 풍문조작단(디지털),  6,000원","18:40,  유열의 음악앨범(디지털),  6,000원","21:05,  변신(디지털),  6,000원",,,,98
2019-09-05,01관,"09:40,  변신(디지털)","11:55,  유열의 음악앨범(디지털),  6,000원","14:20,  극장판 헬로카봇 : 달나라를 구해줘!(디지털),  6,000원","15:55,  극장판 헬로카봇 : 달나라를 구해줘!(디지털),  6,000원","17:30,  변신(디지털),  6,000원","19:45,  유열의 음악앨범(디지털),  6,000원","22:10,  광대들: 풍문조작단(디지털),  6,000원",,,98
2019-09-06,01관,"09:30,  유열의 음악앨범(디지털),  6,000원","11:55,  극장판 헬로카봇 : 달나라를 구해줘!(디지털),  6,000원","13:30,  유열의 음악앨범(디지털),  6,000원","15:55,  극장판 헬로카봇 : 달나라를 구해줘!(디지털),  6,000원","17:30,  유열의 음악앨범(디지털),  6,000원","19:55,  변신(디지털),  6,000원","22:10,  변신(디지털),  6,000원",,,98
2019-09-07,01관,"09:40,  변신(디지털),  6,000원","11:55,  극장판 헬로카봇 : 달나라를 구해줘!(디지털),  6,000원","13:30,  유열의 음악앨범(디지털),  6,000원","15:55,  극장판 헬로카봇 : 달나라를 구해줘!(디지털),  6,000원","17:30,  유열의 음악앨범(디지털),  6,000원","19:55,  변신(디지털),  6,000원","22:10,  광대들: 풍문조작단(디지털),  6,000원",,,98
2019-09-08,01관,"09:40,  유열의 음악앨범(디지털),  6,000원","12:05,  극장판 헬로카봇 : 달나라를 구해줘!(디지털),  6,000원","13:40,  변신(디지털),  6,000원","15:55,  광대들: 풍문조작단(디지털),  6,000원","18:05,  극장판 헬로카봇 : 달나라를 구해줘!(디지털),  6,000원","19:40,  유열의 음악앨범(디지털),  6,000원","22:05,  변신(디지털),  6,000원",,,98
2019-09-11,01관,"09:40,  타짜: 원 아이드 잭(디지털),  6,000원","12:20,  극장판 헬로카봇 : 달나라를 구해줘!(디지털),  6,000원","13:55,  타짜: 원 아이드 잭(디지털),  6,000원","16:35,  나쁜 녀석들: 더 무비(디지털),  6,000원","18:50,  나쁜 녀석들: 더 무비(디지털),  6,000원","21:05,  타짜: 원 아이드 잭(디지털),  6,000원",,,,98
2019-09-12,01관,"09:40,  타짜: 원 아이드 잭(디지털),  6,000원","12:20,  나쁜 녀석들: 더 무비(디지털),  6,000원","14:35,  타짜: 원 아이드 잭(디지털),  6,000원","17:15,  나쁜 녀석들: 더 무비(디지털),  6,000원","19:30,  타짜: 원 아이드 잭(디지털),  6,000원","22:10,  나쁜 녀석들: 더 무비(디지털),  6,000원",,,,98
2019-09-13,01관,"09:40,  나쁜 녀석들: 더 무비(디지털),  6,000원","11:55,  타짜: 원 아이드 잭(디지털),  6,000원","14:35,  나쁜 녀석들: 더 무비(디지털),  6,000원","16:50,  극장판 헬로카봇 : 달나라를 구해줘!(디지털),  6,000원","18:30,  타짜: 원 아이드 잭(디지털),  6,000원","21:10,  나쁜 녀석들: 더 무비(디지털),  6,000원",,,,98
2019-09-14,01관,"09:40,  타짜: 원 아이드 잭(디지털),  6,000원","12:20,  나쁜 녀석들: 더 무비(디지털),  6,000원","14:35,  타짜: 원 아이드 잭(디지털),  6,000원","17:15,  나쁜 녀석들: 더 무비(디지털),  6,000원","22:10,  나쁜 녀석들: 더 무비(디지털),  6,000원","19:30,  타짜: 원 아이드 잭(디지털),  6,000원",,,,98
2019-09-15,01관,"09:40,  나쁜 녀석들: 더 무비(디지털),  6,000원","11:55,  타짜: 원 아이드 잭(디지털),  6,000원","14:35,  나쁜 녀석들: 더 무비(디지털),  6,000원","16:50,  타짜: 원 아이드 잭(디지털),  6,000원","19:30,  나쁜 녀석들: 더 무비(디지털),  6,000원","21:45,  타짜: 원 아이드 잭(디지털),  6,000원",,,,98
2019-09-19,01관,"09:50,  예스터데이(디지털),  6,000원","12:05,  타짜: 원 아이드 잭(디지털),  6,000원","14:45,  나쁜 녀석들: 더 무비(디지털),  6,000원","17:00,  극장판 헬로카봇 : 달나라를 구해줘!(디지털),  6,000원","18:40,  예스터데이(디지털),  6,000원","21:00,  타짜: 원 아이드 잭(디지털),  6,000원",,,,98
2019-09-20,01관,"10:00,  예스터데이(디지털),  6,000원","12:15,  나쁜 녀석들: 더 무비(디지털),  6,000원","14:30,  타짜: 원 아이드 잭(디지털),  6,000원","17:10,  극장판 헬로카봇 : 달나라를 구해줘!(디지털),  6,000원","18:50,  예스터데이(디지털),  6,000원","21:10,  나쁜 녀석들: 더 무비(디지털),  6,000원",,,,98
2019-09-21,01관,,"12:20,  극장판 헬로카봇 : 달나라를 구해줘!(디지털),  6,000원","14:00,  예스터데이(디지털),  6,000원","16:15,  나쁜 녀석들: 더 무비(디지털),  6,000원","18:30,  예스터데이(디지털),  6,000원","20:50,  타짜: 원 아이드 잭(디지털),  6,000원","09:40,  나쁜 녀석들: 더 무비(디지털),  6,000원",,,98
2019-09-22,01관,"09:50,  나쁜 녀석들: 더 무비(디지털),  6,000원","12:05,  극장판 헬로카봇 : 달나라를 구해줘!(디지털),  6,000원","13:45,  예스터데이(디지털),  6,000원","16:00,  타짜: 원 아이드 잭(디지털),  6,000원","18:40,  예스터데이(디지털),  6,000원","21:00,  나쁜 녀석들: 더 무비(디지털),  6,000원",,,,98
2019-09-24,01관,"19:30,  예스터데이(디지털),  6,000원",,,,,,,,,98
2019-09-25,01관,"09:50,  예스터데이(디지털),  5,000원","12:10,  장사리 : 잊혀진 영웅들(디지털),  5,000원","14:15,  나쁜 녀석들: 더 무비(디지털),  5,000원","16:30,  예스터데이(디지털),  5,000원","18:50,  장사리 : 잊혀진 영웅들(디지털),  5,000원","20:55,  장사리 : 잊혀진 영웅들(디지털),  5,000원",,,,98
2019-09-26,01관,"10:00,  장사리 : 잊혀진 영웅들(디지털),  6,000원","12:05,  장사리 : 잊혀진 영웅들(디지털),  6,000원","14:10,  타짜: 원 아이드 잭(디지털),  6,000원","16:50,  마왕의 딸 이리샤(디지털),  6,000원","18:40,  나쁜 녀석들: 더 무비(디지털),  6,000원","20:55,  장사리 : 잊혀진 영웅들(디지털),  6,000원",,,,98
2019-09-27,01관,"09:40,  장사리 : 잊혀진 영웅들(디지털),  6,000원","11:45,  예스터데이(디지털)","14:00,  나쁜 녀석들: 더 무비(디지털),  6,000원","16:15,  마왕의 딸 이리샤(디지털)","18:00,  마왕의 딸 이리샤(디지털)","19:45,  장사리 : 잊혀진 영웅들(디지털),  6,000원","21:50,  예스터데이(디지털),  6,000원",,,98
2019-09-28,01관,"09:40,  예스터데이(디지털),  6,000원","12:00,  장사리 : 잊혀진 영웅들(디지털),  6,000원","14:05,  마왕의 딸 이리샤(디지털),  6,000원","15:50,  장사리 : 잊혀진 영웅들(디지털),  6,000원",,"20:10,  예스터데이(디지털),  6,000원","22:25,  장사리 : 잊혀진 영웅들(디지털),  6,000원","18:00,  장사리 : 잊혀진 영웅들(디지털),  6,000원",,98
2019-09-29,01관,"09:40,  장사리 : 잊혀진 영웅들(디지털),  6,000원","11:45,  마왕의 딸 이리샤(디지털),  6,000원","13:30,  예스터데이(디지털),  6,000원","15:45,  마왕의 딸 이리샤(디지털),  6,000원","17:30,  장사리 : 잊혀진 영웅들(디지털),  6,000원","19:35,  장사리 : 잊혀진 영웅들(디지털),  6,000원","21:40,  예스터데이(디지털),  6,000원",,,98
2019-10-02,01관,"14:30,  로망(디지털),  5,000원",,,,,,,,,98
2019-10-03,01관,"09:40,  장사리 : 잊혀진 영웅들(디지털),  6,000원","11:45,  마왕의 딸 이리샤(디지털),  6,000원","13:30,  가장 보통의 연애(디지털),  6,000원","15:40,  퍼펙트맨(디지털),  6,000원","18:00,  가장 보통의 연애(디지털),  6,000원","20:10,  퍼펙트맨(디지털),  6,000원","22:25,  예스터데이(디지털),  6,000원",,,98
2019-10-04,01관,"09:40,  퍼펙트맨(디지털),  6,000원","11:55,  가장 보통의 연애(디지털),  6,000원","14:05,  퍼펙트맨(디지털),  6,000원","16:20,  마왕의 딸 이리샤(디지털),  6,000원","18:05,  퍼펙트맨(디지털),  6,000원","20:25,  가장 보통의 연애(디지털),  6,000원","22:35,  장사리 : 잊혀진 영웅들(디지털),  6,000원",,,98
2019-10-05,01관,"09:40,  가장 보통의 연애(디지털),  6,000원","11:50,  퍼펙트맨(디지털),  6,000원","14:10,  마왕의 딸 이리샤(디지털),  6,000원","15:55,  퍼펙트맨(디지털),  6,000원","18:10,  가장 보통의 연애(디지털),  6,000원","20:20,  퍼펙트맨(디지털),  6,000원","22:35,  장사리 : 잊혀진 영웅들(디지털),  6,000원",,,98
2019-10-06,01관,"09:40,  퍼펙트맨(디지털),  6,000원","11:55,  가장 보통의 연애(디지털),  6,000원","14:05,  마왕의 딸 이리샤(디지털),  6,000원","15:50,  퍼펙트맨(디지털),  6,000원","18:10,  가장 보통의 연애(디지털),  6,000원","20:20,  퍼펙트맨(디지털),  6,000원","22:35,  장사리 : 잊혀진 영웅들(디지털),  6,000원",,,98
2019-10-09,01관,"09:50,  퍼펙트맨(디지털),  6,000원","12:10,  제미니 맨(디지털),  6,000원","14:30,  가장 보통의 연애(디지털),  6,000원","16:40,  퍼펙트맨(디지털),  6,000원","19:00,  제미니 맨(디지털),  6,000원","21:20,  가장 보통의 연애(디지털),  6,000원",,,,98
2019-10-10,01관,"09:50,  제미니 맨(디지털),  6,000원","12:10,  장사리 : 잊혀진 영웅들(디지털),  6,000원","14:15,  퍼펙트맨(디지털),  6,000원","16:30,  마왕의 딸 이리샤(디지털),  6,000원","18:15,  제미니 맨(디지털),  6,000원","20:35,  가장 보통의 연애(디지털),  6,000원",,,,98
2019-10-11,01관,"09:50,  제미니 맨(디지털)","12:10,  퍼펙트맨(디지털),  6,000원","14:25,  가장 보통의 연애(디지털),  6,000원","16:35,  퍼펙트맨(디지털),  6,000원","18:55,  제미니 맨(디지털),  6,000원","21:15,  가장 보통의 연애(디지털),  6,000원",,,,98
2019-10-12,01관,"09:40,  제미니 맨(디지털),  6,000원","12:00,  퍼펙트맨(디지털),  6,000원","14:20,  제미니 맨(디지털),  5,000원","16:40,  가장 보통의 연애(디지털),  6,000원","18:50,  제미니 맨(디지털),  6,000원","21:10,  퍼펙트맨(디지털),  6,000원",,,,98
2019-10-13,01관,"09:40,  가장 보통의 연애(디지털),  6,000원","11:50,  제미니 맨(디지털),  6,000원","14:10,  퍼펙트맨(디지털),  6,000원","16:25,  가장 보통의 연애(디지털),  6,000원","18:35,  제미니 맨(디지털),  6,000원","20:55,  퍼펙트맨(디지털),  6,000원",,,,98
2019-10-17,01관,"09:40,  두번할까요(디지털),  6,000원","11:55,  퍼펙트맨(디지털),  6,000원","14:10,  가장 보통의 연애(디지털),  6,000원","16:20,  말레피센트 2(디지털),  6,000원","18:40,  말레피센트 2(디지털),  6,000원","21:00,  제미니 맨(디지털),  6,000원",,,,98
2019-10-18,01관,"09:40,  두번할까요(디지털),  6,000원","11:55,  퍼펙트맨(디지털),  6,000원",,"16:30,  말레피센트 2(디지털),  6,000원","18:50,  말레피센트 2(디지털),  6,000원","21:10,  두번할까요(디지털),  6,000원","14:10,  말레피센트 2(디지털),  6,000원",,,98
2019-10-19,01관,"09:40,  퍼펙트맨(디지털),  6,000원","11:55,  두번할까요(디지털),  6,000원","14:10,  제미니 맨(디지털),  6,000원","16:30,  말레피센트 2(디지털),  6,000원","18:50,  말레피센트 2(디지털),  6,000원","21:10,  두번할까요(디지털),  6,000원",,,,98
2019-10-20,01관,"09:40,  두번할까요(디지털),  6,000원","11:55,  제미니 맨(디지털),  6,000원","14:15,  말레피센트 2(디지털),  6,000원","16:35,  두번할까요(디지털),  6,000원","18:50,  말레피센트 2(디지털),  6,000원","21:10,  퍼펙트맨(디지털),  6,000원",,,,98
2019-10-24,01관,,"12:00,  두번할까요(디지털)",,"16:30,  82년생 김지영(디지털),  6,000원","18:50,  82년생 김지영(디지털),  6,000원",,"09:40,  말레피센트 2(디지털),  6,000원","21:10,  말레피센트 2(디지털),  6,000원","14:15,  82년생 김지영(디지털),  6,000원",98
2019-10-25,01관,"09:50,  82년생 김지영(디지털),  6,000원","12:10,  두번할까요(디지털),  6,000원","14:25,  말레피센트 2(디지털),  6,000원",,"19:00,  말레피센트 2(디지털),  6,000원","21:20,  82년생 김지영(디지털),  6,000원","16:45,  82년생 김지영(디지털),  6,000원",,,98
2019-10-26,01관,"09:40,  말레피센트 2(디지털),  6,000원","12:00,  두번할까요(디지털),  6,000원","14:15,  말레피센트 2(디지털),  6,000원","16:35,  82년생 김지영(디지털),  6,000원","18:55,  82년생 김지영(디지털),  6,000원","21:15,  말레피센트 2(디지털),  6,000원",,,,98
2019-10-27,01관,"09:40,  82년생 김지영(디지털),  6,000원","12:00,  두번할까요(디지털),  6,000원","14:15,  말레피센트 2(디지털),  6,000원","16:35,  82년생 김지영(디지털),  6,000원","18:55,  말레피센트 2(디지털),  6,000원","21:15,  82년생 김지영(디지털),  6,000원",,,,98
2019-10-30,01관,"09:40,  82년생 김지영(디지털),  6,000원","12:00,  말레피센트 2(디지털),  5,000원","14:20,  터미네이터: 다크 페이트(디지털),  5,000원","16:55,  82년생 김지영(디지털),  5,000원","19:15,  터미네이터: 다크 페이트(디지털),  5,000원","21:50,  터미네이터: 다크 페이트(디지털),  5,000원",,,,98
2019-10-31,01관,"09:40,  터미네이터: 다크 페이트(디지털),  6,000원","12:15,  82년생 김지영(디지털),  6,000원","14:35,  말레피센트 2(디지털),  6,000원","16:55,  터미네이터: 다크 페이트(디지털),  6,000원","19:30,  터미네이터: 다크 페이트(디지털),  6,000원","22:05,  82년생 김지영(디지털),  6,000원",,,,98
