상영일자,상영관,1회,2회,3회,4회,좌석수
2016-11-14,01관,"23:00,  킹콩(필름)",,,,70
2016-11-15,01관,"22:00,  킹콩(필름)",,,,70
2016-11-21,01관,"22:00,  킹콩(필름)",,,,70
2016-11-25,01관,,"13:00,  혼자(디지털),  3,500원","16:00,  춘몽(디지털),  3,500원","19:30,  야근 대신 뜨개질(디지털),  3,500원",70
2016-11-26,01관,"10:30,  춘몽(디지털),  3,500원","13:00,  야근 대신 뜨개질(디지털),  3,500원","16:00,  혼자(디지털)","19:30,  워킹 스트리트(디지털)",70
2016-11-27,01관,"10:30,  야근 대신 뜨개질(디지털),  3,500원","13:00,  춘몽(디지털)","16:00,  워킹 스트리트(디지털),  3,500원","19:30,  혼자(디지털)",70
2016-11-29,01관,,"13:00,  워킹 스트리트(디지털)","16:00,  혼자(디지털),  3,500원","19:30,  야근 대신 뜨개질(디지털)",70
2016-11-30,01관,,"13:00,  혼자(디지털)","16:00,  워킹 스트리트(디지털)","19:30,  춘몽(디지털),  3,500원",70
2016-12-01,01관,,"13:00,  춘몽(디지털)","16:00,  야근 대신 뜨개질(디지털),  3,500원","19:30,  워킹 스트리트(디지털),  3,500원",70
2016-12-02,01관,,"13:00,  야근 대신 뜨개질(디지털)","16:00,  춘몽(디지털),  3,500원","19:30,  혼자(디지털),  3,500원",70
2016-12-03,01관,"10:30,  혼자(디지털)","13:00,  춘몽(디지털)","16:00,  야근 대신 뜨개질(디지털),  3,500원","19:30,  워킹 스트리트(디지털),  3,500원",70
2016-12-04,01관,"10:30,  야근 대신 뜨개질(디지털),  3,500원","13:00,  워킹 스트리트(디지털),  3,500원","16:00,  혼자(디지털),  3,500원","19:30,  춘몽(디지털),  3,500원",70
2016-12-06,01관,,"13:00,  야근 대신 뜨개질(디지털)","16:00,  워킹 스트리트(디지털)","19:30,  혼자(디지털),  3,500원",70
2016-12-07,01관,,"13:00,  춘몽(디지털),  3,500원","16:00,  야근 대신 뜨개질(디지털),  3,500원","19:30,  워킹 스트리트(디지털),  3,500원",70
2016-12-08,01관,,"13:00,  찡찡 막막(디지털),  3,500원","16:00,  커튼콜(디지털),  3,500원","19:30,  작은 형(디지털)",70
2016-12-09,01관,,"13:00,  작은 형(디지털)","16:00,  찡찡 막막(디지털),  3,500원","19:30,  딜쿠샤(디지털)",70
2016-12-10,01관,"10:30,  딜쿠샤(디지털)","13:00,  커튼콜(디지털),  3,500원","16:00,  작은 형(디지털)","19:30,  찡찡 막막(디지털)",70
2016-12-11,01관,"10:30,  작은 형(디지털)","13:00,  찡찡 막막(디지털)","16:00,  딜쿠샤(디지털)","19:30,  커튼콜(디지털)",70
2016-12-13,01관,,"13:00,  작은 형(디지털)","16:00,  딜쿠샤(디지털)","19:30,  커튼콜(디지털),  3,500원",70
2016-12-14,01관,,"13:00,  찡찡 막막(디지털)","16:00,  커튼콜(디지털)","19:30,  딜쿠샤(디지털),  3,500원",70
2016-12-15,01관,,"13:00,  커튼콜(디지털)","16:00,  딜쿠샤(디지털),  3,500원","19:30,  작은 형(디지털)",70
2016-12-17,01관,"10:30,  딜쿠샤(디지털)","13:00,  찡찡 막막(디지털)","16:00,  작은 형(디지털),  3,500원","19:30,  커튼콜(디지털),  3,500원",70
2016-12-18,01관,"10:30,  찡찡 막막(디지털)","13:00,  나의 살던 고향은(디지털)","16:00,  커튼콜(디지털),  3,500원","19:30,  당신자신과 당신의 것(디지털),  3,500원",70
2016-12-20,01관,,"13:00,  오 마이 파파(디지털)",,"19:30,  당신자신과 당신의 것(디지털),  3,500원",70
2016-12-21,01관,,"13:00,  나의 살던 고향은(디지털)","16:00,  시소(디지털),  3,500원","19:30,  오 마이 파파(디지털),  3,500원",70
2016-12-22,01관,,"13:00,  연애담(디지털),  3,500원","16:00,  당신자신과 당신의 것(디지털),  3,500원","19:30,  나의 살던 고향은(디지털)",70
2016-12-23,01관,,"13:00,  시소(디지털),  3,500원","16:00,  오 마이 파파(디지털)","19:30,  연애담(디지털),  3,500원",70
2016-12-24,01관,"10:30,  나의 살던 고향은(디지털),  3,500원","13:00,  당신자신과 당신의 것(디지털)","16:00,  연애담(디지털),  3,500원","19:30,  시소(디지털),  3,500원",70
2016-12-27,01관,,"13:00,  시소(디지털),  3,500원","16:00,  오 마이 파파(디지털),  3,500원","19:30,  연애담(디지털),  3,500원",70
2016-12-28,01관,,"13:00,  오 마이 파파(디지털),  3,500원","16:00,  나의 살던 고향은(디지털),  3,500원","19:30,  당신자신과 당신의 것(디지털)",70
2016-12-29,01관,,"13:00,  연애담(디지털)","16:00,  오 마이 파파(디지털),  3,500원","19:30,  나의 살던 고향은(디지털),  3,500원",70
2016-12-30,01관,,"13:00,  나의 살던 고향은(디지털)","16:00,  당신자신과 당신의 것(디지털),  3,500원","19:30,  시소(디지털),  3,500원",70
2017-01-03,01관,,"13:00,  오 마이 파파(디지털),  3,500원","16:00,  나의 살던 고향은(디지털),  3,500원","19:30,  시소(디지털),  3,500원",70
2017-01-04,01관,,"13:00,  연애담(디지털)","16:00,  당신자신과 당신의 것(디지털)","19:30,  오 마이 파파(디지털),  3,500원",70
2017-01-05,01관,,"13:00,  시소(디지털)","16:00,  테슬라 프로젝트(디지털),  3,500원","19:30,  파파좀비(디지털)",70
2017-01-06,01관,,"13:00,  파파좀비(디지털)","16:00,  시소(디지털)","19:30,  테슬라 프로젝트(디지털),  3,500원",70
2017-01-07,01관,"10:30,  연애담(디지털)","13:00,  시소(디지털),  3,500원","16:00,  테슬라 프로젝트(디지털),  3,500원","19:30,  파파좀비(디지털)",70
2017-01-08,01관,"10:30,  테슬라 프로젝트(디지털)","13:00,  파파좀비(디지털),  3,500원","16:00,  연애담(디지털)","19:30,  시소(디지털),  3,500원",70
2017-01-10,01관,,"13:00,  시소(디지털)","16:00,  파파좀비(디지털)","19:30,  테슬라 프로젝트(디지털),  3,500원",70
2017-01-11,01관,,"13:00,  테슬라 프로젝트(디지털)","16:00,  연애담(디지털),  3,500원","19:30,  파파좀비(디지털),  3,500원",70
2017-01-13,01관,,"13:00,  문영(디지털),  3,500원","16:00,  소시민(디지털),  3,500원","19:30,  휴가(디지털)",70
2017-01-14,01관,"10:30,  파파좀비(디지털)","13:00,  휴가(디지털),  3,500원","16:00,  문영(디지털),  3,500원","19:30,  소시민(디지털)",70
2017-01-15,01관,"10:30,  소시민(디지털)","13:00,  파파좀비(디지털)","16:00,  휴가(디지털)","19:30,  문영(디지털),  3,500원",70
2017-01-17,01관,,"13:00,  휴가(디지털)","16:00,  문영(디지털),  3,500원","19:30,  소시민(디지털),  3,500원",70
2017-01-18,01관,,"13:00,  소시민(디지털)","16:00,  휴가(디지털)","19:30,  문영(디지털),  3,500원",70
2017-01-19,01관,,"13:00,  문영(디지털),  3,500원","16:00,  다른 길이 있다(디지털)","19:30,  단지 세상의 끝(디지털),  3,500원",70
2017-01-20,01관,,"13:00,  단지 세상의 끝(디지털),  3,500원","16:00,  소시민(디지털)","19:30,  다른 길이 있다(디지털),  3,500원",70
2017-01-21,01관,"10:30,  다른 길이 있다(디지털),  3,500원","13:00,  소시민(디지털),  3,500원","16:00,  문영(디지털),  3,500원","19:30,  단지 세상의 끝(디지털),  3,500원",70
2017-01-22,01관,"10:30,  문영(디지털),  3,500원","13:00,  다른 길이 있다(디지털),  3,500원","16:00,  단지 세상의 끝(디지털),  3,500원","19:30,  소시민(디지털)",70
2017-01-24,01관,,"13:00,  단지 세상의 끝(디지털),  3,500원","16:00,  다른 길이 있다(디지털),  3,500원","19:30,  문영(디지털),  3,500원",70
2017-01-25,01관,,"13:00,  소시민(디지털)","16:00,  단지 세상의 끝(디지털),  3,500원","19:30,  다른 길이 있다(디지털)",70
2017-01-26,01관,,"13:00,  다른 길이 있다(디지털)","16:00,  다방의 푸른 꿈(디지털)","19:30,  매기스 플랜(디지털),  3,500원",70
2017-01-31,01관,,"13:00,  매기스 플랜(디지털),  3,500원","16:00,  다른 길이 있다(디지털),  3,500원","19:30,  다방의 푸른 꿈(디지털),  3,500원",70
2017-02-01,01관,,"13:00,  다방의 푸른 꿈(디지털)","16:00,  매기스 플랜(디지털),  3,500원","19:30,  다른 길이 있다(디지털),  3,500원",70
2017-02-02,01관,,"13:00,  매기스 플랜(디지털),  3,500원","16:00,  뚜르: 내 생애 최고의 49일(디지털)","19:30,  사랑의 시대(디지털)",70
2017-02-03,01관,,"13:00,  사랑의 시대(디지털),  3,500원","16:00,  다방의 푸른 꿈(디지털)","19:30,  뚜르: 내 생애 최고의 49일(디지털),  3,500원",70
2017-02-04,01관,"10:30,  매기스 플랜(디지털),  3,500원","13:00,  뚜르: 내 생애 최고의 49일(디지털),  3,500원","16:00,  사랑의 시대(디지털)","19:30,  다방의 푸른 꿈(디지털)",70
2017-02-05,01관,"10:30,  뚜르: 내 생애 최고의 49일(디지털),  3,500원","13:00,  매기스 플랜(디지털),  3,500원","16:00,  다방의 푸른 꿈(디지털)","19:30,  사랑의 시대(디지털),  3,500원",70
2017-02-07,01관,,"13:00,  사랑의 시대(디지털),  3,500원","16:00,  뚜르: 내 생애 최고의 49일(디지털)","19:30,  매기스 플랜(디지털),  3,500원",70
2017-02-08,01관,,"13:00,  매기스 플랜(디지털),  3,500원","16:00,  사랑의 시대(디지털),  3,500원","19:30,  뚜르: 내 생애 최고의 49일(디지털),  3,500원",70
2017-02-09,01관,,"13:00,  다방의 푸른 꿈(디지털)","16:00,  뚜르: 내 생애 최고의 49일(디지털)","19:30,  장기왕 : 가락시장 레볼루션(디지털),  3,500원",70
2017-02-10,01관,,"13:00,  장기왕 : 가락시장 레볼루션(디지털)","16:00,  다방의 푸른 꿈(디지털),  3,500원","19:30,  뚜르: 내 생애 최고의 49일(디지털),  3,500원",70
2017-02-11,01관,"10:30,  장기왕 : 가락시장 레볼루션(디지털)","13:00,  뚜르: 내 생애 최고의 49일(디지털),  3,500원","16:00,  장기왕 : 가락시장 레볼루션(디지털)","19:30,  다방의 푸른 꿈(디지털)",70
2017-02-12,01관,"10:30,  다방의 푸른 꿈(디지털)","13:00,  장기왕 : 가락시장 레볼루션(디지털),  3,500원","16:00,  뚜르: 내 생애 최고의 49일(디지털),  3,500원","19:30,  장기왕 : 가락시장 레볼루션(디지털)",70
2017-02-14,01관,,"13:00,  뚜르: 내 생애 최고의 49일(디지털),  3,500원","16:00,  장기왕 : 가락시장 레볼루션(디지털),  3,500원","19:30,  다방의 푸른 꿈(디지털)",70
2017-02-15,01관,,"13:00,  다방의 푸른 꿈(디지털),  3,500원","16:00,  뚜르: 내 생애 최고의 49일(디지털),  3,500원","19:30,  장기왕 : 가락시장 레볼루션(디지털),  3,500원",70
2017-02-16,01관,,"13:00,  뚜르: 내 생애 최고의 49일(디지털),  3,500원","16:00,  장기왕 : 가락시장 레볼루션(디지털)","19:30,  우리 손자 베스트(디지털),  3,500원",70
2017-02-17,01관,,"13:00,  우리 손자 베스트(디지털)","16:00,  뚜르: 내 생애 최고의 49일(디지털)","19:30,  장기왕 : 가락시장 레볼루션(디지털),  3,500원",70
2017-02-18,01관,"10:30,  우리 손자 베스트(디지털)","13:00,  장기왕 : 가락시장 레볼루션(디지털)","16:00,  우리 손자 베스트(디지털),  3,500원","19:30,  뚜르: 내 생애 최고의 49일(디지털),  3,500원",70
2017-02-19,01관,"10:30,  뚜르: 내 생애 최고의 49일(디지털),  3,500원","13:00,  우리 손자 베스트(디지털)","16:00,  장기왕 : 가락시장 레볼루션(디지털),  3,500원","19:30,  우리 손자 베스트(디지털),  3,500원",70
2017-02-21,01관,,"13:00,  장기왕 : 가락시장 레볼루션(디지털)","16:00,  우리 손자 베스트(디지털)","19:30,  뚜르: 내 생애 최고의 49일(디지털)",70
2017-02-22,01관,,"13:00,  뚜르: 내 생애 최고의 49일(디지털)","16:00,  장기왕 : 가락시장 레볼루션(디지털)","19:30,  우리 손자 베스트(디지털)",70
2017-02-23,01관,,"13:00,  장기왕 : 가락시장 레볼루션(디지털)","16:00,  우리 손자 베스트(디지털)","19:30,  위켄즈(디지털),  3,500원",70
2017-02-24,01관,,"13:00,  위켄즈(디지털),  3,500원","16:00,  장기왕 : 가락시장 레볼루션(디지털),  3,500원","19:30,  우리 손자 베스트(디지털),  3,500원",70
2017-02-25,01관,"10:30,  뚜르: 내 생애 최고의 49일(디지털)","13:00,  우리 손자 베스트(디지털),  3,500원","16:00,  위켄즈(디지털)","19:30,  장기왕 : 가락시장 레볼루션(디지털)",70
2017-02-26,01관,"10:30,  장기왕 : 가락시장 레볼루션(디지털)","13:00,  위켄즈(디지털)","16:00,  우리 손자 베스트(디지털),  3,500원","19:30,  뚜르: 내 생애 최고의 49일(디지털),  3,500원",70
2017-02-28,01관,,"13:00,  우리 손자 베스트(디지털)","16:00,  위켄즈(디지털),  3,500원","19:30,  뚜르: 내 생애 최고의 49일(디지털)",70
2017-03-02,01관,,"13:00,  위켄즈(디지털)","16:00,  눈발(디지털)","19:30,  녹화중이야(디지털)",70
2017-03-03,01관,,"13:00,  녹화중이야(디지털)","16:00,  위켄즈(디지털)","19:30,  눈발(디지털)",70
2017-03-04,01관,"10:30,  눈발(디지털)","13:00,  위켄즈(디지털)","16:00,  눈발(디지털),  3,500원","19:30,  녹화중이야(디지털)",70
2017-03-05,01관,"10:30,  녹화중이야(디지털)","13:00,  눈발(디지털),  3,500원","16:00,  녹화중이야(디지털)","19:30,  위켄즈(디지털),  3,500원",70
2017-03-07,01관,,"13:00,  녹화중이야(디지털)","16:00,  위켄즈(디지털)","19:30,  눈발(디지털),  3,500원",70
2017-03-08,01관,,"13:00,  눈발(디지털)","16:00,  녹화중이야(디지털),  3,500원","19:30,  위켄즈(디지털),  3,500원",70
2017-03-09,01관,,"13:00,  녹화중이야(디지털)","16:00,  눈발(디지털)","19:30,  위켄즈(디지털)",70
2017-03-10,01관,,"13:00,  위켄즈(디지털),  3,500원","16:00,  녹화중이야(디지털)","19:30,  눈발(디지털),  3,500원",70
2017-03-11,01관,"10:30,  눈발(디지털),  3,500원","13:00,  위켄즈(디지털),  3,500원","16:00,  눈발(디지털)","19:30,  녹화중이야(디지털)",70
2017-03-12,01관,"10:30,  녹화중이야(디지털)","13:00,  눈발(디지털),  3,500원","16:00,  녹화중이야(디지털),  3,500원","19:30,  위켄즈(디지털),  3,500원",70
2017-03-14,01관,,"13:00,  위켄즈(디지털)","16:00,  눈발(디지털),  3,500원","19:30,  녹화중이야(디지털)",70
2017-03-15,01관,,"13:00,  녹화중이야(디지털),  3,500원","16:00,  위켄즈(디지털),  3,500원","19:30,  눈발(디지털)",70
2017-03-16,01관,,"13:00,  눈발(디지털)","16:00,  녹화중이야(디지털)","19:30,  어폴로지(디지털)",70
2017-03-17,01관,,"13:00,  녹화중이야(디지털)","16:00,  어폴로지(디지털)","19:30,  눈발(디지털)",70
2017-03-18,01관,"10:30,  눈발(디지털),  3,500원","13:00,  어폴로지(디지털)","16:00,  녹화중이야(디지털)","19:30,  어폴로지(디지털),  3,500원",70
2017-03-19,01관,"10:00,  어폴로지(디지털),  3,500원","13:00,  눈발(디지털)","16:00,  어폴로지(디지털),  3,500원","19:30,  녹화중이야(디지털)",70
2017-03-21,01관,,"13:00,  녹화중이야(디지털),  3,500원","16:00,  눈발(디지털)","19:30,  어폴로지(디지털),  3,500원",70
2017-03-22,01관,,"13:00,  어폴로지(디지털),  3,500원","16:00,  녹화중이야(디지털)","19:30,  만담강호(디지털)",70
2017-03-23,01관,,"13:00,  만담강호(디지털),  3,500원","16:00,  어폴로지(디지털)","19:30,  밤의 해변에서 혼자(디지털),  3,500원",70
2017-03-24,01관,,"13:00,  어폴로지(디지털),  3,500원","16:00,  밤의 해변에서 혼자(디지털),  3,500원","19:30,  만담강호(디지털),  3,500원",70
2017-03-25,01관,"10:30,  만담강호(디지털),  3,500원","13:00,  밤의 해변에서 혼자(디지털)","16:00,  어폴로지(디지털)","19:30,  밤의 해변에서 혼자(디지털)",70
2017-03-26,01관,"10:30,  밤의 해변에서 혼자(디지털),  3,500원","13:00,  만담강호(디지털)","16:00,  어폴로지(디지털),  3,500원","19:30,  만담강호(디지털)",70
2017-03-28,01관,,"13:00,  밤의 해변에서 혼자(디지털),  3,500원","16:00,  만담강호(디지털),  3,500원","19:30,  어폴로지(디지털),  3,500원",70
2017-03-29,01관,,"13:00,  어폴로지(디지털)","16:00,  밤의 해변에서 혼자(디지털),  3,500원","19:30,  만담강호(디지털),  3,500원",70
2017-03-30,01관,,"13:00,  만담강호(디지털),  3,500원","16:00,  어폴로지(디지털)","19:30,  밤의 해변에서 혼자(디지털),  3,500원",70
2017-03-31,01관,,"13:00,  밤의 해변에서 혼자(디지털)","16:00,  만담강호(디지털),  3,500원","19:30,  어폴로지(디지털)",70
2017-04-01,01관,"10:30,  만담강호(디지털)","13:00,  어폴로지(디지털),  3,500원","16:00,  밤의 해변에서 혼자(디지털),  3,500원","19:30,  만담강호(디지털)",70
2017-04-02,01관,"10:30,  밤의 해변에서 혼자(디지털)","13:00,  만담강호(디지털),  3,500원","16:00,  어폴로지(디지털)","19:30,  밤의 해변에서 혼자(디지털),  3,500원",70
2017-04-04,01관,,"13:00,  밤의 해변에서 혼자(디지털)","16:00,  만담강호(디지털)","19:30,  어폴로지(디지털)",70
2017-04-05,01관,,"13:00,  어폴로지(디지털)","16:00,  밤의 해변에서 혼자(디지털),  3,500원","19:30,  만담강호(디지털)",70
2017-04-06,01관,,"13:00,  다시, 벚꽃(디지털),  3,500원","16:00,  밤의 해변에서 혼자(디지털),  3,500원","19:30,  어느 여름날 밤에(디지털),  3,500원",70
2017-04-07,01관,,"13:00,  어느 여름날 밤에(디지털)","16:00,  어폴로지(디지털)","19:30,  다시, 벚꽃(디지털)",70
2017-04-08,01관,"10:30,  만담강호(디지털)","13:00,  밤의 해변에서 혼자(디지털),  3,500원","16:00,  다시, 벚꽃(디지털),  3,500원","19:30,  어느 여름날 밤에(디지털),  3,500원",70
2017-04-09,01관,"10:30,  어느 여름날 밤에(디지털)","13:00,  다시, 벚꽃(디지털),  3,500원","16:00,  밤의 해변에서 혼자(디지털),  3,500원","19:30,  어폴로지(디지털)",70
2017-04-11,01관,,"13:00,  어느 여름날 밤에(디지털),  3,500원","16:00,  다시, 벚꽃(디지털)","19:30,  밤의 해변에서 혼자(디지털),  3,500원",70
2017-04-12,01관,,"13:00,  만담강호(디지털)","16:00,  어느 여름날 밤에(디지털),  3,500원","19:30,  다시, 벚꽃(디지털),  3,500원",70
2017-04-13,01관,,"13:00,  다시, 벚꽃(디지털)","16:00,  만담강호(디지털)","19:30,  밤의 해변에서 혼자(디지털),  3,500원",70
2017-04-14,01관,,"13:00,  밤의 해변에서 혼자(디지털),  3,500원","16:00,  어폴로지(디지털)","19:30,  어느 여름날 밤에(디지털)",70
2017-04-15,01관,"10:30,  어느 여름날 밤에(디지털)","13:00,  다시, 벚꽃(디지털)","16:00,  만담강호(디지털)","19:30,  밤의 해변에서 혼자(디지털)",70
2017-04-16,01관,"10:30,  밤의 해변에서 혼자(디지털),  3,500원","13:00,  어느 여름날 밤에(디지털)","16:00,  다시, 벚꽃(디지털),  3,500원","19:30,  어폴로지(디지털),  3,500원",70
2017-04-18,01관,,"13:00,  어느 여름날 밤에(디지털)","16:00,  다시, 벚꽃(디지털)","19:30,  어폴로지(디지털)",70
2017-04-19,01관,,"13:00,  다시, 벚꽃(디지털)","16:00,  만담강호(디지털)","19:30,  어느 여름날 밤에(디지털)",70
2017-04-20,01관,,"13:00,  밤의 해변에서 혼자(디지털)","16:00,  다시, 벚꽃(디지털)","19:30,  마리안느와 마가렛(디지털)",70
2017-04-21,01관,,"13:00,  마리안느와 마가렛(디지털),  3,500원",,,70
2017-04-22,01관,"13:00,  다시, 벚꽃(디지털),  3,500원","16:00,  마리안느와 마가렛(디지털),  3,500원","19:30,  어느 여름날 밤에(디지털)",,70
2017-04-23,01관,"13:00,  어느 여름날 밤에(디지털)","16:00,  다시, 벚꽃(디지털),  3,500원","19:30,  마리안느와 마가렛(디지털),  3,500원",,70
2017-04-25,01관,"13:00,  밤의 해변에서 혼자(디지털),  3,500원","16:00,  다시, 벚꽃(디지털),  3,500원","19:30,  마리안느와 마가렛(디지털),  3,500원",,70
2017-04-26,01관,"13:00,  마리안느와 마가렛(디지털),  3,500원","16:00,  밤의 해변에서 혼자(디지털)","19:30,  다시, 벚꽃(디지털),  3,500원",,70
2017-04-27,01관,"13:00,  마리안느와 마가렛(디지털)","16:00,  나쁜 나라(디지털),  3,500원","19:30,  업사이드 다운(디지털)",,70
2017-04-28,01관,"13:00,  나쁜 나라(디지털)","16:00,  다시, 벚꽃(디지털)","19:30,  다이빙벨(디지털)",,70
2017-04-29,01관,"13:00,  업사이드 다운(디지털)","16:00,  다이빙벨(디지털)","19:30,  마리안느와 마가렛(디지털)",,70
2017-04-30,01관,"13:00,  다이빙벨(디지털)","16:00,  다시, 벚꽃(디지털),  3,500원","19:30,  나쁜 나라(디지털)",,70
2017-05-02,01관,"13:00,  마리안느와 마가렛(디지털),  3,500원","16:00,  업사이드 다운(디지털)","19:30,  나쁜 나라(디지털)",,70
2017-05-04,01관,"13:00,  다이빙벨(디지털),  3,500원","16:00,  나쁜 나라(디지털),  3,500원","19:30,  업사이드 다운(디지털)",,70
2017-05-06,01관,"13:00,  나쁜 나라(디지털)","16:00,  업사이드 다운(디지털)","19:30,  마리안느와 마가렛(디지털),  3,500원",,70
2017-05-07,01관,"13:00,  다이빙벨(디지털),  3,500원","16:00,  나쁜 나라(디지털)","19:30,  업사이드 다운(디지털)",,70
2017-05-10,01관,"13:00,  업사이드 다운(디지털),  3,500원","16:00,  마리안느와 마가렛(디지털)","19:30,  다이빙벨(디지털)",,70
2017-05-11,01관,"13:00,  마리안느와 마가렛(디지털)","16:00,  컴, 투게더(디지털)","19:30,  길(디지털),  3,500원",,70
2017-05-12,01관,"13:00,  길(디지털)","16:00,  마리안느와 마가렛(디지털)","19:30,  컴, 투게더(디지털)",,70
2017-05-13,01관,"13:00,  컴, 투게더(디지털)","16:00,  길(디지털),  3,500원","19:30,  마리안느와 마가렛(디지털),  3,500원",,70
2017-05-14,01관,"13:00,  마리안느와 마가렛(디지털),  3,500원","16:00,  컴, 투게더(디지털),  3,500원","19:30,  길(디지털),  3,500원",,70
2017-05-16,01관,"13:00,  길(디지털),  3,500원","16:00,  마리안느와 마가렛(디지털)","19:30,  컴, 투게더(디지털),  3,500원",,70
2017-05-17,01관,"13:00,  컴, 투게더(디지털),  3,500원","16:00,  마리안느와 마가렛(디지털),  3,500원","19:30,  길(디지털),  3,500원",,70
2017-05-18,01관,"13:00,  길(디지털)","16:00,  컴, 투게더(디지털)","19:30,  마차 타고 고래고래(디지털),  3,500원",,70
2017-05-19,01관,"13:00,  마차 타고 고래고래(디지털),  3,500원","16:00,  길(디지털),  3,500원","19:30,  컴, 투게더(디지털),  3,500원",,70
2017-05-20,01관,"13:00,  컴, 투게더(디지털),  3,500원","16:00,  마리안느와 마가렛(디지털),  3,500원","19:30,  마차 타고 고래고래(디지털),  3,500원",,70
2017-05-21,01관,"13:00,  마차 타고 고래고래(디지털),  3,500원","16:00,  컴, 투게더(디지털),  3,500원","19:30,  길(디지털),  3,500원",,70
2017-05-23,01관,"13:00,  길(디지털)","16:00,  마차 타고 고래고래(디지털),  3,500원","19:30,  컴, 투게더(디지털),  3,500원",,70
2017-05-24,01관,"13:00,  마리안느와 마가렛(디지털),  3,500원","16:00,  컴, 투게더(디지털),  3,500원","19:30,  마차 타고 고래고래(디지털),  3,500원",,70
2017-05-25,01관,"13:00,  고려 아리랑: 천산의 디바(디지털),  3,500원","16:00,  쇠파리(디지털),  3,500원","19:30,  노무현입니다(디지털),  3,500원",,70
2017-05-26,01관,"13:00,  노무현입니다(디지털),  3,500원","16:00,  고려 아리랑: 천산의 디바(디지털),  3,500원","19:30,  쇠파리(디지털),  3,500원",,70
2017-05-27,01관,"13:00,  쇠파리(디지털),  3,500원","16:00,  노무현입니다(디지털),  3,500원","19:30,  고려 아리랑: 천산의 디바(디지털),  3,500원",,70
2017-05-28,01관,"13:00,  고려 아리랑: 천산의 디바(디지털),  3,500원","16:00,  쇠파리(디지털),  3,500원","19:30,  노무현입니다(디지털),  3,500원",,70
2017-05-30,01관,"13:00,  노무현입니다(디지털),  3,500원","16:00,  고려 아리랑: 천산의 디바(디지털),  3,500원","19:30,  마차 타고 고래고래(디지털),  3,500원",,70
2017-05-31,01관,"13:00,  고려 아리랑: 천산의 디바(디지털),  3,500원","16:00,  쇠파리(디지털),  3,500원","19:30,  노무현입니다(디지털),  3,500원",,70
2017-06-01,01관,"13:00,  쇠파리(디지털),  3,500원","16:00,  고려 아리랑: 천산의 디바(디지털)","19:30,  마차 타고 고래고래(디지털)",,70
2017-06-02,01관,"13:00,  고려 아리랑: 천산의 디바(디지털),  3,500원","16:00,  쇠파리(디지털)","19:30,  스틸 플라워(디지털),  3,500원",,70
2017-06-03,01관,"13:00,  그림자들의 섬(디지털),  3,500원","16:00,  설행_눈길을 걷다(디지털),  3,500원","19:30,  양치기들(디지털),  3,500원",,70
2017-06-04,01관,"13:00,  철원기행(디지털),  3,500원","16:00,  우리들(디지털),  3,500원","19:30,  쇠파리(디지털),  3,500원",,70
2017-06-07,01관,"13:00,  쇠파리(디지털)","16:00,  마차 타고 고래고래(디지털),  3,500원","19:30,  고려 아리랑: 천산의 디바(디지털),  3,500원",,70
2017-06-08,01관,"13:00,  델타 보이즈(디지털)","16:00,  바람의 춤꾼(디지털),  3,500원","19:30,  나는 고양이로소이다(디지털),  3,500원",,70
2017-06-09,01관,"13:00,  바람의 춤꾼(디지털)","16:00,  나는 고양이로소이다(디지털),  3,500원","19:30,  델타 보이즈(디지털),  3,500원",,70
2017-06-10,01관,"13:00,  나는 고양이로소이다(디지털),  3,500원","16:00,  델타 보이즈(디지털),  3,500원","19:30,  바람의 춤꾼(디지털)",,70
2017-06-11,01관,"13:00,  델타 보이즈(디지털),  3,500원","16:00,  바람의 춤꾼(디지털),  3,500원","19:30,  나는 고양이로소이다(디지털),  3,500원",,70
2017-06-13,01관,"13:00,  바람의 춤꾼(디지털),  3,500원","16:00,  나는 고양이로소이다(디지털),  3,500원","19:30,  델타 보이즈(디지털),  3,500원",,70
2017-06-14,01관,"13:00,  나는 고양이로소이다(디지털),  3,500원","16:00,  델타 보이즈(디지털)","19:30,  바람의 춤꾼(디지털)",,70
2017-06-15,01관,"13:00,  바람의 춤꾼(디지털)","16:00,  델타 보이즈(디지털),  3,500원","19:30,  용순(디지털),  3,500원",,70
2017-06-16,01관,"13:00,  델타 보이즈(디지털),  3,500원","16:00,  용순(디지털),  3,500원","19:30,  나는 고양이로소이다(디지털),  3,500원",,70
2017-06-17,01관,"13:00,  나는 고양이로소이다(디지털),  3,500원","16:00,  바람의 춤꾼(디지털),  3,500원","19:30,  용순(디지털),  3,500원",,70
2017-06-18,01관,"13:00,  용순(디지털)","16:00,  나는 고양이로소이다(디지털),  3,500원","19:30,  델타 보이즈(디지털),  3,500원",,70
2017-06-21,01관,"13:00,  용순(디지털)","16:00,  나는 고양이로소이다(디지털),  3,500원","19:30,  바람의 춤꾼(디지털),  3,500원",,70
2017-06-22,01관,"13:00,  용순(디지털),  3,500원","16:00,  바람의 춤꾼(디지털)","19:30,  파란나비효과(디지털),  3,500원",,70
2017-06-23,01관,"13:00,  나는 고양이로소이다(디지털),  3,500원","16:00,  파란나비효과(디지털),  3,500원","19:30,  용순(디지털)",,70
2017-06-24,01관,"13:00,  델타 보이즈(디지털)","16:00,  용순(디지털),  3,500원","19:30,  파란나비효과(디지털)",,70
2017-06-25,01관,"13:00,  파란나비효과(디지털)","16:00,  나는 고양이로소이다(디지털),  3,500원","19:30,  바람의 춤꾼(디지털),  3,500원",,70
2017-06-27,01관,"13:00,  용순(디지털),  3,500원","16:00,  파란나비효과(디지털),  3,500원","19:30,  나는 고양이로소이다(디지털),  3,500원",,70
2017-06-28,01관,"13:00,  파란나비효과(디지털)","16:00,  나는 고양이로소이다(디지털),  3,500원","19:30,  델타 보이즈(디지털),  3,500원",,70
2017-06-29,01관,"13:00,  파란나비효과(디지털),  3,500원","16:00,  나는 고양이로소이다(디지털)","19:30,  노후 대책 없다(디지털),  3,500원",,70
2017-06-30,01관,"13:00,  나는 고양이로소이다(디지털)","16:00,  노후 대책 없다(디지털)","19:30,  파란나비효과(디지털)",,70
2017-07-01,01관,"13:00,  바람의 춤꾼(디지털)","16:00,  파란나비효과(디지털)","19:30,  노후 대책 없다(디지털),  3,500원",,70
2017-07-02,01관,"13:00,  나는 고양이로소이다(디지털),  3,500원","16:00,  노후 대책 없다(디지털),  3,500원","19:30,  용순(디지털),  3,500원",,70
2017-07-04,01관,,"16:00,  델타 보이즈(디지털),  3,500원","19:30,  노후 대책 없다(디지털),  3,500원",,70
2017-07-05,01관,"13:00,  파란나비효과(디지털),  3,500원","16:00,  노후 대책 없다(디지털)","19:30,  나는 고양이로소이다(디지털)",,70
2017-07-06,01관,"13:00,  노후 대책 없다(디지털)","16:00,  재꽃(디지털),  3,500원","19:30,  그 후(디지털),  3,500원",,70
2017-07-07,01관,"13:00,  그 후(디지털),  3,500원","16:00,  나는 고양이로소이다(디지털)","19:30,  재꽃(디지털),  3,500원",,70
2017-07-08,01관,"13:00,  나는 고양이로소이다(디지털),  3,500원","16:00,  재꽃(디지털),  3,500원","19:30,  그 후(디지털)",,70
2017-07-09,01관,"13:00,  재꽃(디지털),  3,500원","16:00,  그 후(디지털),  3,500원","19:30,  노후 대책 없다(디지털)",,70
2017-07-11,01관,"13:00,  재꽃(디지털)","16:00,  그 후(디지털)","19:30,  나는 고양이로소이다(디지털)",,70
2017-07-12,01관,"13:00,  그 후(디지털)","16:00,  노후 대책 없다(디지털),  3,500원","19:30,  재꽃(디지털),  3,500원",,70
2017-07-13,01관,"13:00,  재꽃(디지털)","16:00,  파밍 보이즈(디지털)","19:30,  올 리브 올리브(디지털),  3,500원",,70
2017-07-14,01관,"13:00,  올 리브 올리브(디지털)","16:00,  그 후(디지털)","19:30,  파밍 보이즈(디지털),  3,500원",,70
2017-07-15,01관,"13:00,  그 후(디지털)","16:00,  파밍 보이즈(디지털),  3,500원","19:30,  올 리브 올리브(디지털)",,70
2017-07-16,01관,"13:00,  파밍 보이즈(디지털)","16:00,  올 리브 올리브(디지털)","19:30,  재꽃(디지털),  3,500원",,70
2017-07-18,01관,,"16:00,  재꽃(디지털),  3,500원","19:30,  파밍 보이즈(디지털),  3,500원",,70
2017-07-19,01관,"13:00,  올 리브 올리브(디지털),  3,500원","16:00,  파밍 보이즈(디지털),  3,500원","19:30,  그 후(디지털),  3,500원",,70
2017-07-21,01관,"13:00,  파밍 보이즈(디지털)","16:00,  재꽃(디지털)","19:30,  불온한 당신(디지털),  3,500원",,70
2017-07-22,01관,"13:00,  그 후(디지털),  3,500원","16:00,  불온한 당신(디지털),  3,500원","19:30,  파밍 보이즈(디지털)",,70
2017-07-23,01관,"13:00,  재꽃(디지털),  3,500원","16:00,  올 리브 올리브(디지털)","19:30,  불온한 당신(디지털),  3,500원",,70
2017-07-25,01관,"13:00,  올 리브 올리브(디지털)","16:00,  불온한 당신(디지털)","19:30,  파밍 보이즈(디지털),  3,500원",,70
2017-07-26,01관,"13:00,  불온한 당신(디지털),  3,500원","16:00,  파밍 보이즈(디지털)","19:30,  재꽃(디지털)",,70
2017-07-27,01관,"13:00,  재꽃(디지털)","16:00,  파밍 보이즈(디지털)","19:30,  불온한 당신(디지털),  3,500원",,70
2017-07-28,01관,"13:00,  불온한 당신(디지털),  3,500원","16:00,  올 리브 올리브(디지털)","19:30,  파밍 보이즈(디지털),  3,500원",,70
2017-07-29,01관,"13:00,  올 리브 올리브(디지털),  3,500원","16:00,  파밍 보이즈(디지털)","19:30,  불온한 당신(디지털),  3,500원",,70
2017-07-30,01관,"13:00,  불온한 당신(디지털),  3,500원","16:00,  재꽃(디지털)","19:30,  파밍 보이즈(디지털),  3,500원",,70
2017-08-01,01관,,"16:00,  불온한 당신(디지털),  3,500원","19:30,  재꽃(디지털),  3,500원",,70
2017-08-02,01관,"13:00,  파밍 보이즈(디지털),  3,500원","16:00,  재꽃(디지털)","19:30,  올 리브 올리브(디지털)",,70
2017-08-03,01관,"13:00,  불온한 당신(디지털),  3,500원","16:00,  포크레인(디지털),  3,500원","19:30,  여자들(디지털),  3,500원",,70
2017-08-04,01관,"13:00,  여자들(디지털),  3,500원","16:00,  파밍 보이즈(디지털),  3,500원","19:30,  포크레인(디지털)",,70
2017-08-05,01관,"13:00,  재꽃(디지털),  3,500원","16:00,  포크레인(디지털),  3,500원","19:30,  여자들(디지털),  3,500원",,70
2017-08-06,01관,"13:00,  포크레인(디지털)","16:00,  여자들(디지털),  3,500원","19:30,  올 리브 올리브(디지털),  3,500원",,70
2017-08-08,01관,"13:00,  여자들(디지털)","16:00,  포크레인(디지털)","19:30,  불온한 당신(디지털),  3,500원",,70
2017-08-09,01관,"13:00,  포크레인(디지털),  3,500원","16:00,  여자들(디지털),  3,500원","19:30,  파밍 보이즈(디지털),  3,500원",,70
2017-08-10,01관,"13:00,  여자들(디지털),  3,500원","16:00,  파밍 보이즈(디지털)","19:30,  포크레인(디지털),  3,500원",,70
2017-08-11,01관,"13:00,  포크레인(디지털)","16:00,  불온한 당신(디지털)","19:30,  여자들(디지털),  3,500원",,70
2017-08-12,01관,"13:00,  파밍 보이즈(디지털),  3,500원","16:00,  여자들(디지털),  3,500원","19:30,  포크레인(디지털),  3,500원",,70
2017-08-13,01관,"13:00,  여자들(디지털),  3,500원","16:00,  포크레인(디지털),  3,500원","19:30,  불온한 당신(디지털),  3,500원",,70
2017-08-16,01관,"13:00,  불온한 당신(디지털),  3,500원","16:00,  포크레인(디지털)","19:30,  여자들(디지털),  3,500원",,70
2017-08-17,01관,"13:00,  포크레인(디지털),  3,500원","16:00,  파밍 보이즈(디지털)","19:30,  공범자들(디지털),  3,500원",,70
2017-08-18,01관,"13:00,  공범자들(디지털),  3,500원","16:00,  불온한 당신(디지털)","19:30,  여자들(디지털)",,70
2017-08-19,01관,"13:00,  파밍 보이즈(디지털),  3,500원","16:00,  여자들(디지털),  3,500원","19:30,  공범자들(디지털),  3,500원",,70
2017-08-20,01관,"13:00,  불온한 당신(디지털),  3,500원","16:00,  공범자들(디지털),  3,500원","19:30,  포크레인(디지털),  3,500원",,70
2017-08-22,01관,,"16:00,  공범자들(디지털),  3,500원","19:30,  불온한 당신(디지털),  3,500원",,70
2017-08-23,01관,"13:00,  공범자들(디지털),  3,500원","16:00,  여자들(디지털)","19:30,  파밍 보이즈(디지털),  3,500원",,70
2017-08-24,01관,"13:00,  여자들(디지털)","16:00,  공범자들(디지털),  3,500원","19:30,  밤섬해적단 서울불바다(디지털),  3,500원",,70
2017-08-25,01관,"13:00,  포크레인(디지털)","16:00,  밤섬해적단 서울불바다(디지털),  3,500원","19:30,  공범자들(디지털),  3,500원",,70
2017-08-26,01관,"13:00,  공범자들(디지털),  3,500원","16:00,  포크레인(디지털),  3,500원","19:30,  밤섬해적단 서울불바다(디지털),  3,500원",,70
2017-08-27,01관,"13:00,  불온한 당신(디지털),  3,500원","16:00,  밤섬해적단 서울불바다(디지털),  3,500원","19:30,  공범자들(디지털),  3,500원",,70
2017-08-29,01관,"13:00,  공범자들(디지털),  3,500원","16:00,  밤섬해적단 서울불바다(디지털),  3,500원","19:30,  여자들(디지털)",,70
2017-08-30,01관,"13:00,  밤섬해적단 서울불바다(디지털),  3,500원","16:00,  김광석(디지털),  3,500원","19:30,  무현, 두 도시 이야기 : 파이널 컷(디지털),  3,500원",,70
2017-08-31,01관,"13:00,  김광석(디지털),  3,500원","16:00,  그럼에도 불구하고(디지털),  3,500원","19:30,  무현, 두 도시 이야기 : 파이널 컷(디지털),  3,500원",,70
2017-09-01,01관,"13:00,  그럼에도 불구하고(디지털),  3,500원","16:00,  무현, 두 도시 이야기 : 파이널 컷(디지털),  3,500원","19:30,  김광석(디지털),  3,500원",,70
2017-09-02,01관,"13:00,  무현, 두 도시 이야기 : 파이널 컷(디지털)","16:00,  공범자들(디지털),  3,500원","19:30,  그럼에도 불구하고(디지털)",,70
2017-09-03,01관,"13:00,  그럼에도 불구하고(디지털),  3,500원","16:00,  김광석(디지털),  3,500원","19:30,  밤섬해적단 서울불바다(디지털),  3,500원",,70
2017-09-05,01관,,"16:00,  밤섬해적단 서울불바다(디지털)","19:30,  그럼에도 불구하고(디지털)",,70
2017-09-06,01관,"13:00,  김광석(디지털),  3,500원","16:00,  그럼에도 불구하고(디지털),  3,500원","19:30,  무현, 두 도시 이야기 : 파이널 컷(디지털),  3,500원",,70
2017-09-07,01관,"13:00,  김광석(디지털),  3,500원","16:00,  무현, 두 도시 이야기 : 파이널 컷(디지털)","19:30,  안녕 히어로(디지털),  3,500원",,70
2017-09-08,01관,"13:00,  그럼에도 불구하고(디지털),  3,500원","16:00,  안녕 히어로(디지털)","19:30,  김광석(디지털),  3,500원",,70
2017-09-09,01관,"13:00,  밤섬해적단 서울불바다(디지털),  3,500원","16:00,  그럼에도 불구하고(디지털),  3,500원","19:30,  안녕 히어로(디지털),  3,500원",,70
2017-09-10,01관,"13:00,  무현, 두 도시 이야기 : 파이널 컷(디지털)","16:00,  안녕 히어로(디지털),  3,500원","19:30,  공범자들(디지털),  3,500원",,70
2017-09-12,01관,"13:00,  안녕 히어로(디지털),  3,500원","16:00,  밤섬해적단 서울불바다(디지털)","19:30,  김광석(디지털),  3,500원",,70
2017-09-13,01관,"13:00,  공범자들(디지털),  3,500원","16:00,  안녕 히어로(디지털),  3,500원","19:30,  그럼에도 불구하고(디지털)",,70
2017-09-14,01관,"13:00,  안녕 히어로(디지털)","16:00,  여배우는 오늘도(디지털),  3,500원","19:30,  시인의 사랑(디지털),  3,500원",,70
2017-09-15,01관,"13:00,  시인의 사랑(디지털)","16:00,  그럼에도 불구하고(디지털)","19:30,  여배우는 오늘도(디지털),  3,500원",,70
2017-09-16,01관,"13:00,  그럼에도 불구하고(디지털)","16:00,  김광석(디지털),  3,500원","19:30,  시인의 사랑(디지털),  3,500원",,70
2017-09-17,01관,"13:00,  무현, 두 도시 이야기 : 파이널 컷(디지털),  3,500원","16:00,  안녕 히어로(디지털)","19:30,  여배우는 오늘도(디지털),  3,500원",,70
2017-09-19,01관,,,"19:30,  밤섬해적단 서울불바다(디지털)",,70
2017-09-20,01관,"13:00,  여배우는 오늘도(디지털),  3,500원","16:00,  시인의 사랑(디지털),  3,500원","19:30,  공범자들(디지털),  3,500원",,70
2017-09-21,01관,"13:00,  안녕 히어로(디지털),  3,500원","16:00,  여배우는 오늘도(디지털),  3,500원","19:30,  김광석(디지털),  3,500원",,70
2017-09-22,01관,"13:00,  김광석(디지털),  3,500원","16:00,  시인의 사랑(디지털)","19:30,  공범자들(디지털),  3,500원",,70
2017-09-23,01관,"13:00,  여배우는 오늘도(디지털),  3,500원","16:00,  김광석(디지털),  3,500원","19:30,  안녕 히어로(디지털)",,70
2017-09-24,01관,"13:00,  시인의 사랑(디지털)","16:00,  공범자들(디지털),  3,500원","19:30,  그럼에도 불구하고(디지털)",,70
2017-09-26,01관,"13:00,  시인의 사랑(디지털),  3,500원","16:00,  안녕 히어로(디지털)","19:30,  무현, 두 도시 이야기 : 파이널 컷(디지털),  3,500원",,70
2017-09-27,01관,"13:00,  공범자들(디지털),  3,500원","16:00,  그럼에도 불구하고(디지털)","19:30,  여배우는 오늘도(디지털),  3,500원",,70
2017-09-28,01관,"13:00,  김광석(디지털),  3,500원","16:00,  땐뽀걸즈(디지털),  3,500원","19:30,  분장(디지털),  3,500원",,70
2017-09-29,01관,"13:00,  분장(디지털),  3,500원","16:00,  여배우는 오늘도(디지털),  3,500원","19:30,  땐뽀걸즈(디지털),  3,500원",,70
2017-09-30,01관,"13:00,  김광석(디지털),  3,500원","16:00,  분장(디지털)","19:30,  그럼에도 불구하고(디지털),  3,500원",,70
2017-10-01,01관,"13:00,  땐뽀걸즈(디지털),  3,500원","16:00,  공범자들(디지털),  3,500원","19:30,  안녕 히어로(디지털),  3,500원",,70
2017-10-07,01관,"13:00,  여배우는 오늘도(디지털),  3,500원","16:00,  김광석(디지털),  3,500원","19:30,  분장(디지털),  3,500원",,70
2017-10-08,01관,"13:00,  공범자들(디지털),  3,500원","16:00,  시인의 사랑(디지털),  3,500원","19:30,  땐뽀걸즈(디지털),  3,500원",,70
2017-10-10,01관,"13:00,  땐뽀걸즈(디지털),  3,500원","16:00,  여배우는 오늘도(디지털),  3,500원","19:30,  안녕 히어로(디지털),  3,500원",,70
2017-10-11,01관,"13:00,  시인의 사랑(디지털)","16:00,  분장(디지털),  3,500원","19:30,  김광석(디지털),  3,500원",,70
2017-10-12,01관,"13:00,  여배우는 오늘도(디지털),  3,500원","16:00,  땐뽀걸즈(디지털),  3,500원","19:30,  분장(디지털),  3,500원",,70
2017-10-13,01관,"13:00,  시인의 사랑(디지털),  3,500원","16:00,  여배우는 오늘도(디지털),  3,500원","19:30,  공범자들(디지털),  3,500원",,70
2017-10-14,01관,"13:00,  김광석(디지털),  3,500원","16:00,  공범자들(디지털),  3,500원","19:30,  여배우는 오늘도(디지털),  3,500원",,70
2017-10-15,01관,"13:00,  분장(디지털),  3,500원","16:20,  시인의 사랑(디지털),  3,500원","19:30,  땐뽀걸즈(디지털),  3,500원",,70
2017-10-17,01관,"13:00,  땐뽀걸즈(디지털),  3,500원","16:00,  분장(디지털),  3,500원","19:30,  김광석(디지털),  3,500원",,70
2017-10-18,01관,"13:00,  공범자들(디지털)","16:00,  김광석(디지털),  3,500원","19:30,  안녕 히어로(디지털),  3,500원",,70
2017-10-19,01관,"13:00,  공범자들(디지털)","16:00,  분장(디지털),  3,500원","19:30,  시인의 사랑(디지털),  3,500원",,70
2017-10-20,01관,"13:00,  김광석(디지털),  3,500원","16:00,  여배우는 오늘도(디지털),  3,500원","19:30,  분장(디지털),  3,500원",,70
2017-10-21,01관,"13:00,  시인의 사랑(디지털),  3,500원","16:00,  분장(디지털),  3,500원","19:30,  김광석(디지털),  3,500원",,70
2017-10-22,01관,"13:00,  분장(디지털)","16:00,  공범자들(디지털),  3,500원","19:30,  여배우는 오늘도(디지털),  3,500원",,70
2017-10-24,01관,"13:00,  김광석(디지털)","16:00,  시인의 사랑(디지털)","19:30,  분장(디지털),  3,500원",,70
2017-10-25,01관,"13:00,  여배우는 오늘도(디지털),  3,500원","16:00,  김광석(디지털),  3,500원","19:30,  공범자들(디지털),  3,500원",,70
2017-10-26,01관,"10:00,  모던보이(디지털),  3,500원","13:00,  풋루즈(디지털),  3,500원","16:00,  낯선 곳, 낯선 시간(디지털),  3,500원",,70
2017-10-27,01관,"10:00,  낯선 곳, 낯선 시간(디지털)","13:00,  발레 교습소(디지털),  3,500원","16:00,  댄서의 순정(디지털),  3,500원","19:30,  땐뽀걸즈(디지털),  3,500원",70
2017-10-28,01관,"10:00,  풋루즈(디지털),  3,500원","13:00,  풀 몬티(디지털),  3,500원","16:00,  땐뽀걸즈(디지털),  3,500원",,70
2017-10-29,01관,"13:00,  내 친구 정일우(디지털),  3,500원","16:00,  미스 프레지던트(디지털),  3,500원","19:30,  시인의 사랑(디지털)",,70
2017-10-31,01관,"13:00,  분장(디지털)","16:00,  내 친구 정일우(디지털),  3,500원","19:30,  미스 프레지던트(디지털),  3,500원",,70
2017-11-01,01관,"13:00,  미스 프레지던트(디지털),  3,500원","16:00,  김광석(디지털),  3,500원","19:30,  내 친구 정일우(디지털),  3,500원",,70
2017-11-02,01관,"13:00,  내 친구 정일우(디지털),  3,500원","16:00,  애정소년 잔혹사(디지털)","19:30,  그리다(디지털)",,70
2017-11-03,01관,"13:00,  그리다(디지털),  3,500원","16:00,  미스 프레지던트(디지털),  3,500원","19:30,  애정소년 잔혹사(디지털),  3,500원",,70
2017-11-04,01관,"13:00,  애정소년 잔혹사(디지털)","16:00,  내 친구 정일우(디지털),  3,500원","19:30,  그리다(디지털),  3,500원",,70
2017-11-05,01관,"13:00,  미스 프레지던트(디지털),  3,500원","16:00,  그리다(디지털)","19:30,  분장(디지털),  3,500원",,70
2017-11-07,01관,"13:00,  내 친구 정일우(디지털),  3,500원","16:00,  애정소년 잔혹사(디지털)","19:30,  여배우는 오늘도(디지털),  3,500원",,70
2017-11-08,01관,"13:00,  그리다(디지털)","16:00,  미스 프레지던트(디지털)","19:30,  김광석(디지털),  3,500원",,70
2017-11-10,01관,"13:00,  애정소년 잔혹사(디지털),  3,500원","16:00,  올드마린보이(디지털),  3,500원","19:30,  폭력의 씨앗(디지털),  3,500원",,70
2017-11-11,01관,"13:00,  폭력의 씨앗(디지털),  3,500원","16:00,  내 친구 정일우(디지털)","19:30,  올드마린보이(디지털),  3,500원",,70
2017-11-12,01관,"13:00,  올드마린보이(디지털),  3,500원","16:00,  폭력의 씨앗(디지털),  3,500원","19:30,  그리다(디지털)",,70
2017-11-14,01관,"13:00,  내 친구 정일우(디지털),  3,500원","16:00,  애정소년 잔혹사(디지털)","19:30,  폭력의 씨앗(디지털),  3,500원",,70
2017-11-15,01관,"13:00,  미스 프레지던트(디지털)","16:00,  그리다(디지털)","19:30,  올드마린보이(디지털),  3,500원",,70
2017-11-16,01관,"13:00,  그리다(디지털)","16:00,  올드마린보이(디지털)","19:30,  로마서 8:37(디지털),  3,500원",,70
2017-11-17,01관,"13:00,  폭력의 씨앗(디지털)","16:00,  로마서 8:37(디지털),  3,500원","19:30,  모범생(디지털),  3,500원",,70
2017-11-18,01관,"13:00,  로마서 8:37(디지털),  3,500원","16:00,  모범생(디지털),  3,500원","19:30,  폭력의 씨앗(디지털),  3,500원",,70
2017-11-19,01관,"13:00,  모범생(디지털),  3,500원","16:00,  올드마린보이(디지털),  3,500원","19:30,  로마서 8:37(디지털),  3,500원",,70
2017-11-21,01관,"13:00,  모범생(디지털),  3,500원","16:00,  애정소년 잔혹사(디지털),  3,500원","19:30,  내 친구 정일우(디지털),  3,500원",,70
2017-11-22,01관,"13:00,  로마서 8:37(디지털),  3,500원","16:00,  모범생(디지털),  3,500원","19:30,  미스 프레지던트(디지털),  3,500원",,70
2017-11-23,01관,"13:00,  모범생(디지털),  3,500원","16:00,  올드마린보이(디지털)","19:30,  국정교과서 516일 : 끝나지 않은 역사전쟁(디지털)",,70
2017-11-24,01관,"13:00,  폭력의 씨앗(디지털)","16:00,  국정교과서 516일 : 끝나지 않은 역사전쟁(디지털),  3,500원","19:30,  로마서 8:37(디지털),  3,500원",,70
2017-11-25,01관,"13:00,  국정교과서 516일 : 끝나지 않은 역사전쟁(디지털),  3,500원","16:00,  로마서 8:37(디지털),  3,500원","19:30,  그리다(디지털)",,70
2017-11-26,01관,"13:00,  모범생(디지털),  3,500원","16:00,  국정교과서 516일 : 끝나지 않은 역사전쟁(디지털),  3,500원","19:30,  애정소년 잔혹사(디지털),  3,500원",,70
2017-11-28,01관,,"16:00,  폭력의 씨앗(디지털)",,,70
2017-11-29,01관,"13:00,  올드마린보이(디지털)",,"19:30,  내 친구 정일우(디지털)",,70
2017-11-30,01관,"13:00,  모범생(디지털)","16:00,  올드마린보이(디지털),  3,500원","19:30,  프레스(디지털),  3,500원",,70
2017-12-01,01관,"13:00,  프레스(디지털)","16:00,  폭력의 씨앗(디지털),  3,500원","19:30,  국정교과서 516일 : 끝나지 않은 역사전쟁(디지털),  3,500원",,70
2017-12-02,01관,"13:00,  올드마린보이(디지털),  3,500원","16:00,  프레스(디지털),  3,500원","19:30,  로마서 8:37(디지털),  3,500원",,70
2017-12-03,01관,"13:00,  국정교과서 516일 : 끝나지 않은 역사전쟁(디지털)","16:00,  모범생(디지털),  3,500원","19:30,  프레스(디지털),  3,500원",,70
2017-12-05,01관,"13:00,  로마서 8:37(디지털),  3,500원","16:00,  프레스(디지털)","19:30,  폭력의 씨앗(디지털)",,70
2017-12-06,01관,"13:00,  프레스(디지털)","16:00,  국정교과서 516일 : 끝나지 않은 역사전쟁(디지털)","19:30,  모범생(디지털),  3,500원",,70
2017-12-14,01관,"13:00,  프레스(디지털)","16:00,  모범생(디지털)","19:30,  초행(디지털),  3,500원",,70
2017-12-15,01관,"13:00,  초행(디지털),  3,500원","16:00,  로마서 8:37(디지털)","19:30,  프레스(디지털)",,70
2017-12-19,01관,"13:00,  국정교과서 516일 : 끝나지 않은 역사전쟁(디지털)","16:00,  초행(디지털),  3,500원","19:30,  로마서 8:37(디지털),  3,500원",,70
2017-12-20,01관,"13:00,  초행(디지털)","16:00,  프레스(디지털),  3,500원","19:30,  모범생(디지털)",,70
2017-12-21,01관,"13:00,  국정교과서 516일 : 끝나지 않은 역사전쟁(디지털)","16:00,  프레스(디지털),  3,500원","19:30,  메리 크리스마스 미스터 모(디지털),  3,500원",,70
2017-12-22,01관,"13:00,  프레스(디지털),  3,500원","16:00,  메리 크리스마스 미스터 모(디지털),  3,500원","19:30,  초행(디지털)",,70
2017-12-23,01관,"13:00,  메리 크리스마스 미스터 모(디지털),  3,500원","16:00,  초행(디지털),  3,500원","19:30,  프레스(디지털)",,70
2017-12-24,01관,"13:00,  초행(디지털),  3,500원","16:00,  메리 크리스마스 미스터 모(디지털),  3,500원","19:30,  국정교과서 516일 : 끝나지 않은 역사전쟁(디지털)",,70
2017-12-26,01관,"13:00,  프레스(디지털)","16:00,  국정교과서 516일 : 끝나지 않은 역사전쟁(디지털)","19:30,  메리 크리스마스 미스터 모(디지털),  3,500원",,70
2017-12-27,01관,"13:00,  메리 크리스마스 미스터 모(디지털)","16:00,  초행(디지털),  3,500원","19:30,  국정교과서 516일 : 끝나지 않은 역사전쟁(디지털),  3,500원",,70
2017-12-28,01관,"13:00,  나의 연기 워크샵(디지털),  3,500원",,,,70
2017-12-29,01관,"13:00,  초행(디지털),  3,500원","16:00,  메리 크리스마스 미스터 모(디지털)","19:30,  나의 연기 워크샵(디지털)",,70
2017-12-30,01관,"13:00,  메리 크리스마스 미스터 모(디지털),  3,500원","16:00,  나의 연기 워크샵(디지털),  3,500원","19:30,  초행(디지털),  3,500원",,70
2018-01-02,01관,,"16:00,  메리 크리스마스 미스터 모(디지털),  3,500원","19:30,  프레스(디지털)",,70
2018-01-03,01관,"13:00,  프레스(디지털),  3,500원","16:00,  초행(디지털),  3,500원","19:30,  나의 연기 워크샵(디지털),  3,500원",,70
2018-01-04,01관,"13:00,  메리 크리스마스 미스터 모(디지털),  3,500원","16:00,  프레스(디지털)","19:30,  나의 연기 워크샵(디지털),  3,500원",,70
2018-01-05,01관,"13:00,  프레스(디지털)","16:00,  초행(디지털)","19:30,  메리 크리스마스 미스터 모(디지털)",,70
2018-01-06,01관,"13:00,  나의 연기 워크샵(디지털)","16:00,  메리 크리스마스 미스터 모(디지털),  3,500원","19:30,  초행(디지털),  3,500원",,70
2018-01-07,01관,"13:00,  초행(디지털),  3,500원","16:00,  나의 연기 워크샵(디지털),  3,500원","19:30,  프레스(디지털)",,70
2018-01-09,01관,"13:00,  메리 크리스마스 미스터 모(디지털)","16:00,  초행(디지털),  3,500원",,,70
2018-01-10,01관,"13:00,  나의 연기 워크샵(디지털)","16:00,  메리 크리스마스 미스터 모(디지털)","19:30,  프레스(디지털)",,70
2018-01-11,01관,"13:00,  나의 연기 워크샵(디지털)","16:00,  메리 크리스마스 미스터 모(디지털),  3,500원","19:30,  스타박'스 다방(디지털)",,70
2018-01-12,01관,"13:00,  초행(디지털)","16:00,  스타박'스 다방(디지털)","19:30,  나의 연기 워크샵(디지털)",,70
2018-01-13,01관,"13:00,  스타박'스 다방(디지털),  3,500원","16:00,  초행(디지털),  3,500원","19:30,  스타박'스 다방(디지털)",,70
2018-01-14,01관,"13:00,  나의 연기 워크샵(디지털)","16:00,  스타박'스 다방(디지털),  3,500원","19:30,  메리 크리스마스 미스터 모(디지털),  3,500원",,70
2018-01-16,01관,"13:00,  스타박'스 다방(디지털),  3,500원","16:00,  나의 연기 워크샵(디지털),  3,500원","19:30,  메리 크리스마스 미스터 모(디지털)",,70
2018-01-17,01관,"13:00,  메리 크리스마스 미스터 모(디지털)","16:00,  스타박'스 다방(디지털)","19:30,  초행(디지털),  3,500원",,70
2018-01-18,01관,"13:00,  스타박'스 다방(디지털)","16:00,  나의 연기 워크샵(디지털)","19:30,  파란입이 달린 얼굴(디지털),  3,500원",,70
2018-01-19,01관,"13:00,  파란입이 달린 얼굴(디지털),  3,500원","16:00,  메리 크리스마스 미스터 모(디지털),  3,500원","19:30,  스타박'스 다방(디지털),  3,500원",,70
2018-01-20,01관,"13:00,  나의 연기 워크샵(디지털)","16:00,  파란입이 달린 얼굴(디지털),  3,500원","19:30,  메리 크리스마스 미스터 모(디지털)",,70
2018-01-21,01관,"13:00,  파란입이 달린 얼굴(디지털)","16:00,  스타박'스 다방(디지털),  3,500원","19:30,  파란입이 달린 얼굴(디지털)",,70
2018-01-23,01관,"13:00,  스타박'스 다방(디지털),  3,500원","16:00,  파란입이 달린 얼굴(디지털)","19:30,  메리 크리스마스 미스터 모(디지털),  3,500원",,70
2018-01-24,01관,"13:00,  파란입이 달린 얼굴(디지털)","16:00,  스타박'스 다방(디지털),  3,500원","19:30,  나의 연기 워크샵(디지털),  3,500원",,70
2018-01-25,01관,"13:00,  스타박'스 다방(디지털),  3,500원","16:00,  피의 연대기(디지털),  3,500원","19:30,  반도에 살어리랏다(디지털),  3,500원",,70
2018-01-26,01관,"13:00,  반도에 살어리랏다(디지털),  3,500원","16:00,  파란입이 달린 얼굴(디지털),  3,500원","19:30,  피의 연대기(디지털),  3,500원",,70
2018-01-27,01관,"13:00,  피의 연대기(디지털),  3,500원","16:00,  반도에 살어리랏다(디지털),  3,500원","19:30,  나의 연기 워크샵(디지털)",,70
2018-01-28,01관,"13:00,  파란입이 달린 얼굴(디지털),  3,500원","16:00,  피의 연대기(디지털),  3,500원","19:30,  반도에 살어리랏다(디지털),  3,500원",,70
2018-02-01,01관,"13:00,  스타박'스 다방(디지털),  3,500원","16:00,  반도에 살어리랏다(디지털),  3,500원","19:30,  누에치던 방(디지털),  3,500원",,70
2018-02-02,01관,"13:00,  누에치던 방(디지털),  3,500원","16:00,  피의 연대기(디지털),  3,500원","19:30,  반도에 살어리랏다(디지털)",,70
2018-02-03,01관,"13:00,  반도에 살어리랏다(디지털)","16:00,  누에치던 방(디지털),  3,500원","19:30,  스타박'스 다방(디지털),  3,500원",,70
2018-02-04,01관,"13:00,  누에치던 방(디지털),  3,500원","16:00,  피의 연대기(디지털),  3,500원","19:30,  파란입이 달린 얼굴(디지털)",,70
2018-02-06,01관,"13:00,  피의 연대기(디지털),  3,500원","16:00,  파란입이 달린 얼굴(디지털),  3,500원","19:30,  누에치던 방(디지털)",,70
2018-02-07,01관,"13:00,  파란입이 달린 얼굴(디지털)","16:00,  반도에 살어리랏다(디지털),  3,500원","19:30,  피의 연대기(디지털),  3,500원",,70
2018-02-08,01관,"13:00,  누에치던 방(디지털)","16:00,  파란입이 달린 얼굴(디지털)","19:30,  B급 며느리(디지털)",,70
2018-02-09,01관,"13:00,  반도에 살어리랏다(디지털)","16:00,  B급 며느리(디지털),  3,500원","19:30,  누에치던 방(디지털)",,70
2018-02-10,01관,"13:00,  B급 며느리(디지털),  3,500원","16:00,  피의 연대기(디지털),  3,500원","19:30,  파란입이 달린 얼굴(디지털),  3,500원",,70
2018-02-11,01관,"13:00,  누에치던 방(디지털),  3,500원","16:00,  B급 며느리(디지털),  3,500원","19:30,  반도에 살어리랏다(디지털)",,70
2018-02-13,01관,"13:00,  피의 연대기(디지털)","16:00,  누에치던 방(디지털),  3,500원","19:30,  B급 며느리(디지털),  3,500원",,70
2018-02-14,01관,"13:00,  B급 며느리(디지털),  3,500원","16:00,  반도에 살어리랏다(디지털)","19:30,  피의 연대기(디지털),  3,500원",,70
2018-02-15,01관,"13:00,  포르토(디지털)","16:00,  B급 며느리(디지털),  3,500원","19:30,  원더(디지털),  3,500원",,70
2018-02-16,01관,"13:00,  원더(디지털),  3,500원","16:00,  반도에 살어리랏다(디지털),  3,500원","19:30,  누에치던 방(디지털),  3,500원",,70
2018-02-17,01관,"13:00,  B급 며느리(디지털),  3,500원","16:00,  원더(디지털),  3,500원","19:30,  포르토(디지털),  3,500원",,70
2018-02-18,01관,"13:00,  피의 연대기(디지털),  3,500원","16:00,  포르토(디지털),  3,500원","19:30,  원더(디지털),  3,500원",,70
2018-02-20,01관,"13:00,  누에치던 방(디지털)","16:00,  포르토(디지털)","19:30,  B급 며느리(디지털),  3,500원",,70
2018-02-21,01관,"13:00,  원더(디지털),  3,500원","16:00,  피의 연대기(디지털),  3,500원","19:30,  반도에 살어리랏다(디지털)",,70
2018-02-22,01관,"13:00,  B급 며느리(디지털),  3,500원","16:00,  환절기(디지털),  3,500원","19:30,  게스트하우스(디지털)",,70
2018-02-23,01관,"13:00,  원더(디지털),  3,500원","16:00,  게스트하우스(디지털),  3,500원","19:30,  환절기(디지털)",,70
2018-02-24,01관,"13:00,  환절기(디지털),  3,500원","16:00,  B급 며느리(디지털),  3,500원","19:30,  원더(디지털),  3,500원",,70
2018-02-25,01관,"13:00,  게스트하우스(디지털),  3,500원","16:00,  누에치던 방(디지털),  3,500원","19:30,  포르토(디지털),  3,500원",,70
2018-02-27,01관,"13:00,  누에치던 방(디지털)","16:00,  환절기(디지털),  3,500원","19:30,  B급 며느리(디지털),  3,500원",,70
2018-02-28,01관,,"16:00,  게스트하우스(디지털),  3,500원","19:30,  피의 연대기(디지털),  3,500원","21:00,  포르토(디지털),  3,500원",70
2018-03-01,01관,"13:00,  환절기(디지털),  3,500원","16:00,  B급 며느리(디지털),  3,500원","19:30,  포르토(디지털),  3,500원",,70
2018-03-02,01관,"13:00,  누에치던 방(디지털),  3,500원","16:00,  원더(디지털),  3,500원","19:30,  게스트하우스(디지털),  3,500원",,70
2018-03-03,01관,"13:00,  원더(디지털),  3,500원","16:00,  환절기(디지털),  3,500원","19:30,  B급 며느리(디지털),  3,500원",,70
2018-03-04,01관,"13:00,  B급 며느리(디지털),  3,500원","16:00,  게스트하우스(디지털),  3,500원","19:30,  누에치던 방(디지털),  3,500원",,70
2018-03-06,01관,"13:00,  게스트하우스(디지털)","16:00,  환절기(디지털)","19:30,  B급 며느리(디지털),  3,500원",,70
2018-03-07,01관,"13:00,  포르토(디지털),  3,500원","16:00,  게스트하우스(디지털),  3,500원","19:30,  환절기(디지털),  3,500원",,70
2018-03-08,01관,"13:00,  게스트하우스(디지털)","16:00,  바나나쏭의 기적(디지털),  3,500원","19:30,  애국청년 변희재(디지털),  3,500원",,70
2018-03-09,01관,"13:00,  애국청년 변희재(디지털),  3,500원","16:00,  환절기(디지털),  3,500원","19:30,  바나나쏭의 기적(디지털),  3,500원",,70
2018-03-10,01관,"13:00,  환절기(디지털),  3,500원","16:00,  애국청년 변희재(디지털),  3,500원","19:30,  원더(디지털),  3,500원",,70
2018-03-11,01관,"13:00,  B급 며느리(디지털),  3,500원","16:00,  바나나쏭의 기적(디지털),  3,500원","19:30,  게스트하우스(디지털),  3,500원",,70
2018-03-13,01관,"13:00,  바나나쏭의 기적(디지털)","16:00,  애국청년 변희재(디지털)","19:30,  포르토(디지털),  3,500원",,70
2018-03-14,01관,"13:00,  애국청년 변희재(디지털)",,"19:30,  B급 며느리(디지털),  3,500원",,70
2018-03-15,01관,"13:00,  바나나쏭의 기적(디지털),  3,500원","16:00,  환절기(디지털)","19:30,  엄마의 공책(디지털),  3,500원",,70
2018-03-16,01관,"13:00,  게스트하우스(디지털)","16:00,  엄마의 공책(디지털),  3,500원","19:30,  애국청년 변희재(디지털)",,70
2018-03-17,01관,"13:00,  엄마의 공책(디지털),  3,500원","16:00,  바나나쏭의 기적(디지털),  3,500원","19:30,  환절기(디지털),  3,500원",,70
2018-03-18,01관,"13:00,  애국청년 변희재(디지털),  3,500원","16:00,  게스트하우스(디지털)","19:30,  엄마의 공책(디지털)",,70
2018-03-20,01관,"13:00,  환절기(디지털)","16:00,  엄마의 공책(디지털)","19:30,  바나나쏭의 기적(디지털),  3,500원",,70
2018-03-21,01관,"13:00,  엄마의 공책(디지털),  3,500원","16:00,  애국청년 변희재(디지털)","19:30,  게스트하우스(디지털)",,70
2018-03-22,01관,"13:00,  엄마의 공책(디지털)","16:00,  소공녀(디지털),  3,500원","19:30,  운동회(디지털),  3,500원",,70
2018-03-23,01관,"13:00,  운동회(디지털)","16:00,  애국청년 변희재(디지털)","19:30,  소공녀(디지털),  3,500원",,70
2018-03-24,01관,"13:00,  소공녀(디지털),  3,500원","16:00,  바나나쏭의 기적(디지털),  3,500원","19:30,  운동회(디지털),  3,500원",,70
2018-03-25,01관,"13:00,  운동회(디지털),  3,500원","16:00,  엄마의 공책(디지털),  3,500원","19:30,  소공녀(디지털),  3,500원",,70
2018-03-27,01관,"13:00,  바나나쏭의 기적(디지털)","16:00,  소공녀(디지털),  3,500원","19:30,  애국청년 변희재(디지털),  3,500원",,70
2018-03-28,01관,"13:00,  운동회(디지털),  3,500원","16:00,  엄마의 공책(디지털),  3,500원","19:30,  바나나쏭의 기적(디지털),  3,500원",,70
2018-03-29,01관,"13:00,  소공녀(디지털),  3,500원","16:00,  운동회(디지털)","19:30,  엄마의 공책(디지털)",,70
2018-03-30,01관,"13:00,  바나나쏭의 기적(디지털)","16:00,  소공녀(디지털),  3,500원","19:30,  운동회(디지털),  3,500원",,70
2018-03-31,01관,"13:00,  애국청년 변희재(디지털),  3,500원","16:00,  바나나쏭의 기적(디지털),  3,500원","19:30,  소공녀(디지털),  3,500원",,70
2018-04-01,01관,"13:00,  엄마의 공책(디지털),  3,500원","16:00,  소공녀(디지털),  3,500원","19:30,  운동회(디지털),  3,500원",,70
2018-04-03,01관,"13:00,  운동회(디지털)","16:00,  소공녀(디지털)","19:30,  바나나쏭의 기적(디지털),  3,500원",,70
2018-04-04,01관,"13:00,  소공녀(디지털),  3,500원","16:00,  엄마의 공책(디지털)","19:30,  운동회(디지털),  3,500원",,70
2018-04-05,01관,"13:00,  운동회(디지털)","16:00,  엄마의 공책(디지털)","19:30,  소공녀(디지털),  3,500원",,70
2018-04-06,01관,"13:00,  소공녀(디지털),  3,500원","16:00,  바나나쏭의 기적(디지털)","19:30,  운동회(디지털)",,70
2018-04-07,01관,"13:00,  소공녀(디지털),  3,500원","16:00,  운동회(디지털)","19:30,  소공녀(디지털),  3,500원",,70
2018-04-08,01관,"13:00,  엄마의 공책(디지털),  3,500원","16:00,  소공녀(디지털),  3,500원","19:30,  바나나쏭의 기적(디지털)",,70
2018-04-10,01관,"13:00,  소공녀(디지털),  3,500원","16:00,  엄마의 공책(디지털)","19:30,  바나나쏭의 기적(디지털),  3,500원",,70
2018-04-11,01관,"13:00,  운동회(디지털),  3,500원","16:00,  소공녀(디지털),  3,500원","19:30,  엄마의 공책(디지털)",,70
2018-04-12,01관,"13:00,  그날, 바다(디지털),  3,500원","16:00,  눈꺼풀(디지털)","19:30,  호랑이보다 무서운 겨울손님(디지털),  3,500원",,70
2018-04-13,01관,"13:00,  호랑이보다 무서운 겨울손님(디지털),  3,500원","16:00,  그날, 바다(디지털),  3,500원","19:30,  416 프로젝트 ""공동의 기억: 트라우마""(디지털),  3,500원",,70
2018-04-14,01관,"10:30,  그날, 바다(디지털),  3,500원","13:00,  416 프로젝트 ""공동의 기억: 트라우마""(디지털),  3,500원","16:00,  눈꺼풀(디지털),  3,500원","19:30,  호랑이보다 무서운 겨울손님(디지털),  3,500원",70
2018-04-15,01관,"13:00,  눈꺼풀(디지털),  3,500원","16:00,  416 프로젝트 ""공동의 기억: 트라우마""(디지털),  3,500원","19:30,  그날, 바다(디지털),  3,500원",,70
2018-04-17,01관,"13:00,  호랑이보다 무서운 겨울손님(디지털),  3,500원","16:00,  그날, 바다(디지털),  3,500원","19:30,  눈꺼풀(디지털),  3,500원",,70
2018-04-18,01관,"13:00,  416 프로젝트 ""공동의 기억: 트라우마""(디지털)","16:00,  호랑이보다 무서운 겨울손님(디지털),  3,500원","19:30,  그날, 바다(디지털),  3,500원",,70
2018-04-19,01관,"13:00,  호랑이보다 무서운 겨울손님(디지털)","16:00,  원죄(디지털),  3,500원","19:30,  수성못(디지털),  3,500원",,70
2018-04-20,01관,"13:00,  원죄(디지털)","16:00,  수성못(디지털),  3,500원","19:30,  그날, 바다(디지털),  3,500원",,70
2018-04-21,01관,"13:00,  수성못(디지털)","16:00,  그날, 바다(디지털),  3,500원","19:30,  원죄(디지털),  3,500원",,70
2018-04-22,01관,"13:00,  원죄(디지털)","16:00,  수성못(디지털),  3,500원","19:30,  호랑이보다 무서운 겨울손님(디지털),  3,500원",,70
2018-04-24,01관,"13:00,  원죄(디지털),  3,500원","16:00,  호랑이보다 무서운 겨울손님(디지털),  3,500원","19:30,  그날, 바다(디지털),  3,500원",,70
2018-04-25,01관,"13:00,  그날, 바다(디지털),  3,500원","16:00,  수성못(디지털),  3,500원","19:30,  공유하는 사랑(필름),  1원",,70
2018-04-26,01관,"13:00,  그날, 바다(디지털),  3,500원","16:00,  호랑이보다 무서운 겨울손님(디지털)","19:30,  다시..올래(디지털)",,70
2018-04-27,01관,"13:00,  다시..올래(디지털),  3,500원","16:00,  원죄(디지털)","19:30,  수성못(디지털),  3,500원",,70
2018-04-28,01관,"13:00,  원죄(디지털),  3,500원","16:00,  다시..올래(디지털),  3,500원","19:30,  호랑이보다 무서운 겨울손님(디지털),  3,500원",,70
2018-04-29,01관,"13:00,  다시..올래(디지털),  3,500원","16:00,  그날, 바다(디지털),  3,500원","19:30,  수성못(디지털),  3,500원",,70
2018-05-01,01관,"13:00,  수성못(디지털)","16:00,  다시..올래(디지털),  3,500원","19:30,  원죄(디지털),  3,500원",,70
2018-05-02,01관,"13:00,  호랑이보다 무서운 겨울손님(디지털)","16:00,  그날, 바다(디지털),  3,500원","19:30,  다시..올래(디지털),  3,500원",,70
2018-05-03,01관,"13:00,  다시..올래(디지털),  3,500원","16:00,  매직빈(디지털더빙),  3,500원","19:30,  원더스트럭(디지털),  3,500원",,70
2018-05-04,01관,"13:00,  매직빈(디지털더빙)","16:00,  수성못(디지털)","19:30,  호랑이보다 무서운 겨울손님(디지털),  3,500원",,70
2018-05-05,01관,"10:30,  그날, 바다(디지털),  3,500원","13:00,  매직빈(디지털더빙),  3,500원","16:00,  원더스트럭(디지털),  3,500원","19:30,  다시..올래(디지털),  3,500원",70
2018-05-06,01관,"13:00,  그날, 바다(디지털),  3,500원","16:00,  매직빈(디지털더빙),  3,500원","19:30,  원더스트럭(디지털),  3,500원",,70
2018-05-08,01관,"13:00,  원더스트럭(디지털)","16:00,  매직빈(디지털더빙)","19:30,  원죄(디지털)",,70
2018-05-09,01관,"13:00,  매직빈(디지털더빙)","16:00,  다시..올래(디지털),  3,500원","19:30,  수성못(디지털),  3,500원",,70
2018-05-10,01관,"13:00,  원더스트럭(디지털),  3,500원","16:00,  매직빈(디지털더빙)","19:30,  해원(디지털),  3,500원",,70
2018-05-12,01관,"13:00,  매직빈(디지털더빙)","16:00,  원더스트럭(디지털),  3,500원","19:30,  해원(디지털),  3,500원",,70
2018-05-13,01관,"13:00,  다시..올래(디지털),  3,500원","16:00,  해원(디지털),  3,500원","19:30,  매직빈(디지털더빙)",,70
2018-05-15,01관,"13:00,  해원(디지털),  3,500원","16:00,  매직빈(디지털더빙)","18:00,  그날, 바다(디지털),  1원",,70
2018-05-16,01관,"13:00,  매직빈(디지털더빙)","16:00,  해원(디지털)","19:30,  그날, 바다(디지털),  3,500원",,70
2018-05-17,01관,"13:00,  그날, 바다(디지털)","16:00,  원더스트럭(디지털)","19:30,  오아시스 세탁소(디지털),  3,500원",,70
2018-05-18,01관,"13:00,  다시..올래(디지털),  3,500원","16:00,  오아시스 세탁소(디지털),  3,500원","19:30,  해원(디지털),  3,500원",,70
2018-05-19,01관,"13:00,  오아시스 세탁소(디지털),  3,500원","16:00,  해원(디지털)","19:30,  그날, 바다(디지털),  3,500원",,70
2018-05-20,01관,"13:00,  원더스트럭(디지털),  3,500원","16:00,  오아시스 세탁소(디지털),  3,500원","19:30,  다시..올래(디지털),  3,500원",,70
2018-05-22,01관,"13:00,  해원(디지털)","16:00,  다시..올래(디지털),  3,500원","19:30,  오아시스 세탁소(디지털),  3,500원",,70
2018-05-23,01관,"13:00,  오아시스 세탁소(디지털),  3,500원","16:00,  해원(디지털),  3,500원","19:30,  원더스트럭(디지털),  3,500원",,70
2018-05-24,01관,,,"19:30,  오목소녀(디지털),  3,500원",,70
2018-05-25,01관,,,"19:30,  오목소녀(디지털),  3,500원",,70
2018-05-26,01관,,,"19:30,  오목소녀(디지털),  3,500원",,70
2018-05-27,01관,"13:00,  오목소녀(디지털),  3,500원","16:00,  해원(디지털),  3,500원","19:30,  오아시스 세탁소(디지털)",,70
2018-05-30,01관,"13:00,  오아시스 세탁소(디지털)","16:00,  오목소녀(디지털)","19:30,  봄이 지나가고(디지털),  1원",,70
2018-05-31,01관,"13:00,  해원(디지털)","16:00,  오목소녀(디지털),  3,500원","19:30,  서산개척단(디지털)",,70
2018-06-01,01관,"13:00,  서산개척단(디지털)","16:00,  오아시스 세탁소(디지털)","19:30,  오목소녀(디지털),  3,500원",,70
2018-06-02,01관,"13:00,  오목소녀(디지털)","16:00,  서산개척단(디지털),  3,500원","19:30,  해원(디지털),  3,500원",,70
2018-06-03,01관,"13:00,  오아시스 세탁소(디지털)","16:00,  오목소녀(디지털),  3,500원","19:30,  서산개척단(디지털),  3,500원",,70
2018-06-05,01관,"13:00,  해원(디지털)","16:00,  서산개척단(디지털),  3,500원","19:30,  오목소녀(디지털)",,70
2018-06-06,01관,"13:00,  서산개척단(디지털),  3,500원","16:00,  오목소녀(디지털),  3,500원","19:30,  오아시스 세탁소(디지털),  3,500원",,70
2018-06-07,01관,"13:00,  오목소녀(디지털)","16:00,  서산개척단(디지털)","19:30,  홈(디지털),  3,500원",,70
2018-06-08,01관,"13:00,  홈(디지털)","16:00,  오목소녀(디지털)","19:30,  서산개척단(디지털),  3,500원",,70
2018-06-09,01관,"13:00,  서산개척단(디지털)","16:00,  홈(디지털)","19:30,  오아시스 세탁소(디지털)",,70
2018-06-10,01관,"13:00,  오목소녀(디지털),  3,500원","16:00,  서산개척단(디지털),  3,500원","19:30,  홈(디지털),  3,500원",,70
2018-06-12,01관,"13:00,  오아시스 세탁소(디지털)","16:00,  홈(디지털)","19:30,  서산개척단(디지털),  3,500원",,70
2018-06-13,01관,"13:00,  홈(디지털),  3,500원","16:00,  서산개척단(디지털),  3,500원","19:30,  오목소녀(디지털)",,70
2018-06-14,01관,"13:00,  오목소녀(디지털)","16:00,  홈(디지털)","19:30,  바르다가 사랑한 얼굴들(디지털),  3,500원",,70
2018-06-15,01관,"13:00,  바르다가 사랑한 얼굴들(디지털),  3,500원","16:00,  서산개척단(디지털)","19:30,  홈(디지털),  3,500원",,70
2018-06-16,01관,"13:00,  홈(디지털)","16:00,  바르다가 사랑한 얼굴들(디지털),  3,500원","19:30,  오목소녀(디지털)",,70
2018-06-17,01관,"13:00,  서산개척단(디지털)","16:00,  홈(디지털),  3,500원","19:30,  바르다가 사랑한 얼굴들(디지털),  3,500원",,70
2018-06-18,01관,"18:00,  홈(디지털),  1원",,,,70
2018-06-19,01관,"13:00,  바르다가 사랑한 얼굴들(디지털)","16:00,  오목소녀(디지털),  3,500원","19:30,  홈(디지털)",,70
2018-06-20,01관,"13:00,  홈(디지털)","16:00,  바르다가 사랑한 얼굴들(디지털)","19:30,  서산개척단(디지털)",,70
2018-06-21,01관,"13:00,  바르다가 사랑한 얼굴들(디지털)","16:00,  서산개척단(디지털),  3,500원","19:30,  튼튼이의 모험(디지털),  3,500원",,70
2018-06-22,01관,"13:00,  튼튼이의 모험(디지털),  3,500원","16:00,  홈(디지털)","19:30,  바르다가 사랑한 얼굴들(디지털),  3,500원",,70
2018-06-23,01관,"13:00,  바르다가 사랑한 얼굴들(디지털),  3,500원","16:00,  튼튼이의 모험(디지털),  3,500원","19:30,  홈(디지털),  3,500원",,70
2018-06-24,01관,"13:00,  튼튼이의 모험(디지털),  3,500원","16:00,  바르다가 사랑한 얼굴들(디지털),  3,500원","19:30,  튼튼이의 모험(디지털),  3,500원",,70
2018-06-25,01관,"19:30,  해원(디지털),  1원",,,,70
2018-06-26,01관,"13:00,  튼튼이의 모험(디지털)","16:00,  서산개척단(디지털),  3,500원","19:30,  바르다가 사랑한 얼굴들(디지털),  3,500원",,70
2018-06-27,01관,"13:00,  바르다가 사랑한 얼굴들(디지털),  3,500원","16:00,  튼튼이의 모험(디지털)","19:30,  오마르(디지털),  1원",,70
2018-06-28,01관,"13:00,  튼튼이의 모험(디지털)","16:00,  바르다가 사랑한 얼굴들(디지털),  3,500원","19:30,  너와 극장에서(디지털),  3,500원",,70
2018-06-29,01관,"13:00,  너와 극장에서(디지털),  3,500원","16:00,  홈(디지털)","19:30,  튼튼이의 모험(디지털),  3,500원",,70
2018-06-30,01관,"13:00,  튼튼이의 모험(디지털),  3,500원","16:00,  너와 극장에서(디지털),  3,500원","19:30,  홈(디지털),  3,500원",,70
2018-07-01,01관,"13:00,  바르다가 사랑한 얼굴들(디지털),  3,500원","16:00,  튼튼이의 모험(디지털),  3,500원",,,70
2018-07-02,01관,"10:30,  내 친구 정일우(디지털),  1원",,,,70
2018-07-03,01관,"13:00,  튼튼이의 모험(디지털),  3,500원","16:00,  너와 극장에서(디지털)","19:30,  바르다가 사랑한 얼굴들(디지털),  3,500원",,70
2018-07-04,01관,"13:00,  바르다가 사랑한 얼굴들(디지털),  3,500원","16:00,  튼튼이의 모험(디지털),  3,500원","19:30,  너와 극장에서(디지털),  3,500원",,70
2018-07-05,01관,"13:00,  튼튼이의 모험(디지털)","16:00,  너와 극장에서(디지털),  3,500원","19:30,  거룩한 분노(디지털),  3,500원",,70
2018-07-06,01관,"13:00,  거룩한 분노(디지털),  3,500원","16:00,  바르다가 사랑한 얼굴들(디지털),  3,500원","19:30,  너와 극장에서(디지털)",,70
2018-07-07,01관,"13:00,  너와 극장에서(디지털)","16:00,  거룩한 분노(디지털),  3,500원","19:30,  바르다가 사랑한 얼굴들(디지털),  3,500원",,70
2018-07-08,01관,"13:00,  거룩한 분노(디지털),  3,500원","16:00,  튼튼이의 모험(디지털),  3,500원","19:30,  거룩한 분노(디지털),  3,500원",,70
2018-07-10,01관,"13:00,  너와 극장에서(디지털),  3,500원","16:00,  거룩한 분노(디지털)","19:30,  튼튼이의 모험(디지털)",,70
2018-07-11,01관,"13:00,  거룩한 분노(디지털)","16:00,  너와 극장에서(디지털)","19:30,  바르다가 사랑한 얼굴들(디지털),  3,500원",,70
2018-07-12,01관,"13:00,  너와 극장에서(디지털),  3,500원","16:00,  거룩한 분노(디지털)","19:30,  시민K(디지털),  3,500원",,70
2018-07-13,01관,"13:00,  시민K(디지털)","16:00,  튼튼이의 모험(디지털)","19:30,  거룩한 분노(디지털)",,70
2018-07-14,01관,"13:00,  거룩한 분노(디지털)","16:00,  시민K(디지털),  3,500원","19:30,  너와 극장에서(디지털),  3,500원",,70
2018-07-15,01관,"13:00,  튼튼이의 모험(디지털),  3,500원","16:00,  거룩한 분노(디지털)","19:30,  시민K(디지털)",,70
2018-07-17,01관,"13:00,  시민K(디지털)","16:00,  너와 극장에서(디지털),  3,500원","19:30,  거룩한 분노(디지털),  3,500원",,70
2018-08-16,01관,"13:00,  시민K(디지털)","16:00,  박화영(디지털),  3,500원",,,70
2018-08-17,01관,"13:00,  거룩한 분노(디지털),  3,500원","16:00,  시민K(디지털),  3,500원","19:30,  박화영(디지털),  3,500원",,70
2018-08-18,01관,"13:00,  너와 극장에서(디지털),  3,500원","16:00,  박화영(디지털),  3,500원","19:30,  시민K(디지털)",,70
2018-08-19,01관,,"16:00,  거룩한 분노(디지털),  3,500원","19:30,  박화영(디지털),  3,500원",,70
2018-08-21,01관,"13:00,  시민K(디지털)","16:00,  박화영(디지털),  3,500원","19:30,  거룩한 분노(디지털),  3,500원",,70
2018-08-22,01관,"13:00,  박화영(디지털),  3,500원","16:00,  거룩한 분노(디지털)","19:30,  너와 극장에서(디지털)",,70
2018-08-23,01관,"13:00,  거룩한 분노(디지털)","16:00,  박화영(디지털),  3,500원","19:30,  카운터스(디지털)",,70
2018-08-24,01관,"13:00,  카운터스(디지털)","16:00,  시민K(디지털),  3,500원","19:30,  박화영(디지털),  3,500원",,70
2018-08-25,01관,"13:00,  박화영(디지털),  3,500원","16:00,  카운터스(디지털),  3,500원","19:30,  시민K(디지털)",,70
2018-08-26,01관,"13:00,  거룩한 분노(디지털),  3,500원","16:00,  박화영(디지털),  3,500원","19:30,  카운터스(디지털),  3,500원",,70
2018-08-28,01관,,"16:00,  박화영(디지털),  3,500원",,,70
2018-08-29,01관,"13:00,  박화영(디지털),  3,500원","16:00,  카운터스(디지털),  3,500원","19:30,  거룩한 분노(디지털)",,70
2018-08-30,01관,"13:00,  카운터스(디지털)","16:00,  22(디지털)","19:30,  오장군의 발톱(디지털),  3,500원",,70
2018-08-31,01관,"13:00,  오장군의 발톱(디지털)","16:00,  박화영(디지털),  3,500원","19:30,  22(디지털)",,70
2018-09-01,01관,"13:00,  카운터스(디지털),  3,500원","16:00,  22(디지털),  3,500원","19:30,  오장군의 발톱(디지털)",,70
2018-09-02,01관,"13:00,  박화영(디지털),  3,500원","16:00,  오장군의 발톱(디지털),  3,500원","19:30,  22(디지털)",,70
2018-09-04,01관,"13:00,  22(디지털),  3,500원","16:00,  오장군의 발톱(디지털),  3,500원","19:30,  박화영(디지털),  3,500원",,70
2018-09-05,01관,,"16:00,  22(디지털),  3,500원","19:30,  오장군의 발톱(디지털),  3,500원",,70
2018-09-06,01관,"10:30,  하이 스트렁(디지털),  3,500원",,,,70
2018-09-07,01관,"10:30,  CADFF 2018 한국중단편영화(디지털),  3,500원","13:00,  라라랜드(디지털),  3,500원","16:00,  CADFF 2018 단편경쟁본선작 1(디지털),  3,500원","19:00,  CADFF 2018 단편경쟁본선작 2(디지털),  3,500원",70
2018-09-08,01관,"10:30,  파리오페라 발레의 별, 아녜스(디지털),  3,500원",,,,70
2018-09-09,01관,"13:00,  22(디지털),  3,500원","16:00,  박화영(디지털),  3,500원",,,70
2018-09-11,01관,"13:00,  오장군의 발톱(디지털),  3,500원","16:00,  22(디지털),  3,500원","19:30,  박화영(디지털),  3,500원",,70
2018-09-12,01관,"13:00,  박화영(디지털),  3,500원",,,,70
2018-09-13,01관,"13:00,  박화영(디지털),  3,500원","16:00,  오장군의 발톱(디지털),  3,500원","19:30,  봄이가도(디지털),  3,500원",,70
2018-09-15,01관,"13:00,  22(디지털),  3,500원","16:00,  봄이가도(디지털),  3,500원","19:30,  박화영(디지털),  3,500원",,70
2018-09-16,01관,,"16:00,  박화영(디지털),  3,500원","19:30,  봄이가도(디지털),  3,500원",,70
2018-09-18,01관,,,"19:30,  박화영(디지털),  3,500원",,70
2018-09-21,01관,,"16:00,  오장군의 발톱(디지털),  3,500원","19:30,  불량가족, 행복의 맛(디지털),  3,500원",,70
2018-09-22,01관,"13:00,  봄이가도(디지털),  3,500원","16:00,  나부야 나부야(디지털),  3,500원","19:30,  박화영(디지털),  3,500원",,70
2018-09-27,01관,,"16:00,  봄이가도(디지털),  3,500원","19:30,  나부야 나부야(디지털),  3,500원",,70
2018-09-28,01관,,"16:00,  박화영(디지털),  3,500원",,,70
2018-09-29,01관,,"16:00,  나부야 나부야(디지털),  3,500원",,,70
2018-09-30,01관,"13:00,  불량가족, 행복의 맛(디지털),  3,500원","16:00,  박화영(디지털),  3,500원",,"22:30,  봄이가도(디지털),  3,500원",70
2018-10-02,01관,"13:00,  나부야 나부야(디지털),  3,500원","16:00,  불량가족, 행복의 맛(디지털),  3,500원","19:30,  박화영(디지털),  3,500원",,70
2018-10-03,01관,"13:00,  불량가족, 행복의 맛(디지털),  1원",,,,70
2018-10-04,01관,,"16:00,  봄이가도(디지털),  3,500원",,,70
2018-10-05,01관,,,"19:30,  박화영(디지털),  3,500원",,70
2018-10-06,01관,"13:00,  나부야 나부야(디지털),  3,500원","16:00,  어둔 밤(디지털),  3,500원",,,70
2018-10-07,01관,,"16:00,  봄이가도(디지털),  3,500원","19:30,  어둔 밤(디지털),  3,500원",,70
2018-10-09,01관,"13:00,  어둔 밤(디지털),  3,500원","16:00,  박화영(디지털),  3,500원","19:30,  나부야 나부야(디지털),  3,500원",,70
2018-10-13,01관,,,"19:30,  나부야 나부야(디지털),  3,500원",,70
2018-10-14,01관,,"16:00,  어둔 밤(디지털),  3,500원","19:30,  박화영(디지털),  3,500원",,70
2018-10-16,01관,,,"19:30,  어둔 밤(디지털),  3,500원",,70
2018-10-18,01관,"13:00,  춘천, 춘천(디지털),  3,500원","16:00,  살아남은 아이(디지털),  3,500원","19:30,  죄 많은 소녀(디지털),  3,500원",,70
2018-10-19,01관,,"16:00,  춘천, 춘천(디지털),  3,500원","19:30,  살아남은 아이(디지털),  3,500원",,70
2018-10-20,01관,"13:00,  죄 많은 소녀(디지털),  3,500원","16:00,  박화영(디지털),  3,500원","19:30,  춘천, 춘천(디지털),  3,500원",,70
2018-10-21,01관,"13:00,  박화영(디지털),  3,500원","16:00,  죄 많은 소녀(디지털),  3,500원","19:30,  살아남은 아이(디지털),  3,500원",,70
2018-10-23,01관,"13:00,  어둔 밤(디지털),  3,500원",,"19:30,  죄 많은 소녀(디지털),  3,500원",,70
2018-10-25,01관,"13:00,  죄 많은 소녀(디지털),  3,500원",,"19:30,  늦여름(디지털),  3,500원",,70
2018-10-26,01관,"13:00,  살아남은 아이(디지털)","16:00,  춘천, 춘천(디지털),  3,500원","19:30,  풀잎들(디지털),  3,500원",,70
2018-10-27,01관,"13:00,  춘천, 춘천(디지털),  3,500원","16:00,  풀잎들(디지털),  3,500원","19:30,  죄 많은 소녀(디지털),  3,500원",,70
2018-10-28,01관,"13:00,  풀잎들(디지털),  3,500원","16:00,  늦여름(디지털)","19:30,  살아남은 아이(디지털),  3,500원",,70
2018-10-30,01관,,,"19:30,  춘천, 춘천(디지털),  3,500원",,70
2018-10-31,01관,,"16:00,  풀잎들(디지털),  3,500원","19:30,  죄 많은 소녀(디지털),  3,500원",,70
2018-11-01,01관,"13:00,  죄 많은 소녀(디지털),  3,500원","16:00,  폴란드로 간 아이들(디지털),  3,500원","19:30,  1991, 봄(디지털),  3,500원",,70
2018-11-02,01관,"13:00,  살아남은 아이(디지털),  3,500원","16:00,  춘천, 춘천(디지털),  3,500원","19:30,  폴란드로 간 아이들(디지털),  3,500원",,70
2018-11-03,01관,,"16:00,  죄 많은 소녀(디지털),  3,500원","19:30,  풀잎들(디지털),  3,500원",,70
2018-11-04,01관,"13:00,  폴란드로 간 아이들(디지털),  3,500원","16:00,  늦여름(디지털),  3,500원",,,70
2018-11-06,01관,,,"19:30,  폴란드로 간 아이들(디지털),  3,500원",,70
2018-11-07,01관,"10:00,  폴란드로 간 아이들(디지털),  3,500원","13:00,  풀잎들(디지털),  3,500원","16:00,  1991, 봄(디지털),  3,500원","19:30,  죄 많은 소녀(디지털),  3,500원",70
2018-11-08,01관,"13:00,  풀잎들(디지털),  3,500원",,"19:30,  군산: 거위를 노래하다(디지털),  3,500원",,70
2018-11-09,01관,,,"19:30,  1991, 봄(디지털),  3,500원",,70
2018-11-10,01관,"13:00,  살아남은 아이(디지털),  3,500원","16:00,  죄 많은 소녀(디지털),  3,500원","19:30,  폴란드로 간 아이들(디지털),  3,500원",,70
2018-11-11,01관,"13:00,  1991, 봄(디지털),  3,500원","16:00,  군산: 거위를 노래하다(디지털),  3,500원","19:30,  풀잎들(디지털),  3,500원",,70
2018-11-13,01관,,,"19:30,  살아남은 아이(디지털),  3,500원",,70
2018-11-14,01관,"13:00,  폴란드로 간 아이들(디지털),  3,500원","16:00,  풀잎들(디지털),  3,500원",,,70
2018-11-15,01관,"13:00,  죄 많은 소녀(디지털),  3,500원","16:00,  폴란드로 간 아이들(디지털),  3,500원","19:30,  인어전설(디지털),  3,500원",,70
2018-11-16,01관,,"16:00,  군산: 거위를 노래하다(디지털),  3,500원","19:30,  1991, 봄(디지털),  3,500원",,70
2018-11-17,01관,"13:00,  군산: 거위를 노래하다(디지털),  3,500원","16:00,  풀잎들(디지털),  3,500원","19:30,  폴란드로 간 아이들(디지털),  3,500원",,70
2018-11-18,01관,"13:00,  1991, 봄(디지털),  3,500원","16:00,  인어전설(디지털),  3,500원","19:30,  군산: 거위를 노래하다(디지털),  3,500원",,70
2018-11-20,01관,,"16:00,  1991, 봄(디지털),  3,500원","19:30,  군산: 거위를 노래하다(디지털),  3,500원",,70
2018-11-21,01관,"13:00,  폴란드로 간 아이들(디지털),  3,500원","16:00,  죄 많은 소녀(디지털),  3,500원","19:30,  풀잎들(디지털),  3,500원",,70
2018-11-22,01관,"13:00,  폴란드로 간 아이들(디지털),  3,500원","16:00,  영주(디지털),  3,500원","19:30,  뷰티풀 데이즈(디지털),  3,500원",,70
2018-11-23,01관,"13:00,  풀잎들(디지털),  3,500원",,"19:30,  군산: 거위를 노래하다(디지털),  3,500원",,70
2018-11-24,01관,"13:00,  영주(디지털),  3,500원","16:00,  뷰티풀 데이즈(디지털),  3,500원","19:30,  폴란드로 간 아이들(디지털),  3,500원",,70
2018-11-25,01관,"13:00,  뷰티풀 데이즈(디지털),  3,500원","16:00,  군산: 거위를 노래하다(디지털),  3,500원","19:30,  영주(디지털),  3,500원",,70
2018-11-27,01관,"13:00,  인어전설(디지털),  3,500원","16:00,  폴란드로 간 아이들(디지털),  3,500원","19:30,  풀잎들(디지털),  3,500원",,70
2018-11-28,01관,"13:00,  군산: 거위를 노래하다(디지털),  3,500원","16:00,  풀잎들(디지털),  3,500원","19:30,  인어전설(디지털),  3,500원",,70
2018-11-29,01관,"13:00,  리스펙트(디지털),  3,500원",,,,70
2018-12-01,01관,"13:00,  영주(디지털),  3,500원","16:00,  리스펙트(디지털),  3,500원","19:30,  뷰티풀 데이즈(디지털),  3,500원",,70
2018-12-02,01관,"13:00,  군산: 거위를 노래하다(디지털),  3,500원","16:00,  폴란드로 간 아이들(디지털),  3,500원",,,70
2018-12-04,01관,"13:00,  폴란드로 간 아이들(디지털),  3,500원","16:00,  군산: 거위를 노래하다(디지털),  3,500원","19:30,  영주(디지털),  3,500원",,70
2018-12-05,01관,,"16:00,  뷰티풀 데이즈(디지털),  3,500원",,,70
2018-12-06,01관,"13:00,  영주(디지털),  3,500원",,"19:30,  다영씨(디지털),  3,500원",,70
2018-12-07,01관,,"16:00,  군산: 거위를 노래하다(디지털),  3,500원",,,70
2018-12-08,01관,"10:00,  폴란드로 간 아이들(디지털),  3,500원","13:00,  다영씨(디지털),  3,500원","16:00,  영주(디지털),  3,500원","19:30,  군산: 거위를 노래하다(디지털),  3,500원",70
2018-12-09,01관,"10:00,  다영씨(디지털),  3,500원","13:00,  폴란드로 간 아이들(디지털),  3,500원",,"19:30,  뷰티풀 데이즈(디지털),  3,500원",70
2018-12-10,01관,"13:00,  군산: 거위를 노래하다(디지털),  3,500원","16:00,  다영씨(디지털),  3,500원",,,70
2018-12-11,01관,,,"16:00,  뷰티풀 데이즈(디지털),  3,500원",,70
2018-12-12,01관,"13:00,  리스펙트(디지털),  3,500원","16:00,  폴란드로 간 아이들(디지털),  3,500원","19:30,  영주(디지털),  3,500원",,70
2018-12-13,01관,,,"16:00,  어른이 되면(디지털),  3,500원",,70
2018-12-14,01관,"13:00,  뷰티풀 데이즈(디지털),  3,500원",,,,70
2018-12-15,01관,,,,"19:30,  어른이 되면(디지털),  3,500원",70
2018-12-16,01관,,,"19:30,  뷰티풀 데이즈(디지털),  3,500원",,70
2018-12-17,01관,,,,"19:30,  영주(디지털),  3,500원",70
2018-12-18,01관,"13:00,  어른이 되면(디지털),  3,500원","16:00,  군산: 거위를 노래하다(디지털),  3,500원","19:30,  폴란드로 간 아이들(디지털),  3,500원",,70
2018-12-19,01관,,"13:00,  리스펙트(디지털),  3,500원",,"19:30,  다영씨(디지털),  3,500원",70
2018-12-20,01관,,,"19:30,  이차크의 행복한 바이올린(디지털),  3,500원",,70
2018-12-21,01관,"13:00,  어른이 되면(디지털),  3,500원",,"19:30,  영주(디지털),  3,500원",,70
2018-12-22,01관,,"13:00,  이차크의 행복한 바이올린(디지털),  3,500원","16:00,  어른이 되면(디지털),  3,500원",,70
2018-12-23,01관,,"13:00,  영주(디지털),  3,500원","16:00,  다영씨(디지털),  3,500원","19:30,  어른이 되면(디지털),  3,500원",70
2018-12-24,01관,"13:00,  이차크의 행복한 바이올린(디지털),  3,500원",,"19:30,  다영씨(디지털),  3,500원",,70
2018-12-26,01관,,"16:00,  이차크의 행복한 바이올린(디지털),  3,500원","19:30,  군산: 거위를 노래하다(디지털),  3,500원",,70
2018-12-27,01관,,"16:00,  어른이 되면(디지털),  3,500원","19:30,  인생 후르츠(디지털),  3,500원",,70
2018-12-28,01관,,"16:00,  다영씨(디지털),  3,500원","19:30,  이차크의 행복한 바이올린(디지털),  3,500원",,70
2018-12-29,01관,"10:00,  다영씨(디지털),  3,500원","13:00,  인생 후르츠(디지털),  3,500원","16:00,  뷰티풀 데이즈(디지털),  3,500원","19:30,  어른이 되면(디지털),  3,500원",70
2018-12-30,01관,"10:00,  이차크의 행복한 바이올린(디지털),  3,500원","13:00,  어른이 되면(디지털),  3,500원","16:00,  영주(디지털),  3,500원","19:30,  뷰티풀 데이즈(디지털),  3,500원",70
2018-12-31,01관,,"16:00,  인생 후르츠(디지털),  3,500원","19:30,  영주(디지털),  3,500원",,70
2019-01-02,01관,"13:00,  인생 후르츠(디지털),  3,500원","16:00,  어른이 되면(디지털),  3,500원",,,70
2019-01-03,01관,"13:00,  뷰티풀 데이즈(디지털),  3,500원","16:00,  이차크의 행복한 바이올린(디지털),  3,500원","19:30,  레토(디지털),  3,500원",,70
2019-01-04,01관,"13:00,  어른이 되면(디지털),  3,500원","16:00,  영주(디지털),  3,500원","19:30,  인생 후르츠(디지털),  3,500원",,70
2019-01-05,01관,"13:00,  레토(디지털),  3,500원","16:00,  뷰티풀 데이즈(디지털),  3,500원","19:30,  이차크의 행복한 바이올린(디지털),  3,500원",,70
2019-01-06,01관,,"16:00,  인생 후르츠(디지털),  3,500원",,,70
2019-01-08,01관,"13:00,  인생 후르츠(디지털),  3,500원","16:00,  레토(디지털),  3,500원",,,70
2019-01-09,01관,"13:00,  이차크의 행복한 바이올린(디지털),  3,500원","16:00,  어른이 되면(디지털),  3,500원","19:30,  레토(디지털),  3,500원",,70
2019-01-10,01관,"13:00,  레토(디지털)","16:00,  어른이 되면(디지털),  3,500원","19:30,  그린 북(디지털),  3,500원",,70
2019-01-11,01관,"13:00,  이차크의 행복한 바이올린(디지털),  3,500원","16:00,  인생 후르츠(디지털),  3,500원","19:30,  레토(디지털),  3,500원",,70
2019-01-12,01관,"13:00,  어른이 되면(디지털),  3,500원","16:00,  그린 북(디지털),  3,500원","19:30,  인생 후르츠(디지털),  3,500원",,70
2019-01-13,01관,"13:00,  레토(디지털),  3,500원","16:00,  이차크의 행복한 바이올린(디지털),  3,500원","19:30,  그린 북(디지털),  3,500원",,70
2019-01-15,01관,"13:00,  그린 북(디지털),  3,500원","16:00,  인생 후르츠(디지털),  3,500원","19:30,  어른이 되면(디지털),  3,500원",,70
2019-01-16,01관,"13:00,  인생 후르츠(디지털),  3,500원","16:00,  레토(디지털),  3,500원","19:30,  이차크의 행복한 바이올린(디지털),  3,500원",,70
2019-01-17,01관,"13:00,  그린 북(디지털),  3,500원","16:00,  인생 후르츠(디지털),  3,500원","19:30,  메이트(디지털),  3,500원",,70
2019-01-18,01관,"13:00,  레토(디지털),  3,500원","16:00,  어른이 되면(디지털)","19:30,  인생 후르츠(디지털),  3,500원",,70
2019-01-19,01관,"13:00,  이차크의 행복한 바이올린(디지털),  3,500원","16:00,  그린 북(디지털),  3,500원","19:30,  레토(디지털),  3,500원",,70
2019-01-20,01관,"13:00,  인생 후르츠(디지털),  3,500원","16:00,  메이트(디지털),  3,500원","19:30,  그린 북(디지털),  3,500원",,70
2019-01-22,01관,"13:00,  메이트(디지털),  3,500원","16:00,  레토(디지털),  3,500원","19:30,  이차크의 행복한 바이올린(디지털),  3,500원",,70
2019-01-23,01관,"13:00,  인생 후르츠(디지털),  3,500원","16:00,  그린 북(디지털),  3,500원","19:30,  레토(디지털),  3,500원",,70
2019-01-24,01관,"13:00,  인생 후르츠(디지털),  3,500원","16:00,  레토(디지털),  3,500원","19:30,  가버나움(디지털),  3,500원",,70
2019-01-25,01관,"13:00,  메이트(디지털),  3,500원","16:00,  가버나움(디지털),  3,500원","19:30,  그린 북(디지털),  3,500원",,70
2019-01-26,01관,"13:00,  가버나움(디지털),  3,500원","16:00,  인생 후르츠(디지털),  3,500원","19:30,  레토(디지털),  3,500원",,70
2019-01-27,01관,"13:00,  이차크의 행복한 바이올린(디지털),  3,500원","16:00,  그린 북(디지털),  3,500원","19:30,  메이트(디지털),  3,500원",,70
2019-01-29,01관,"13:00,  레토(디지털),  3,500원","16:00,  이차크의 행복한 바이올린(디지털),  3,500원","19:30,  가버나움(디지털),  3,500원",,70
2019-01-30,01관,"13:00,  그린 북(디지털),  3,500원","16:00,  메이트(디지털)","19:30,  인생 후르츠(디지털),  3,500원",,70
2019-01-31,01관,"13:00,  인생 후르츠(디지털),  3,500원","16:00,  이월(디지털),  3,500원","19:30,  일일시호일(디지털),  3,500원",,70
2019-02-01,01관,"13:00,  이월(디지털),  3,500원","16:00,  일일시호일(디지털),  3,500원","19:30,  그린 북(디지털),  3,500원",,70
2019-02-02,01관,"13:00,  일일시호일(디지털),  3,500원","16:00,  가버나움(디지털),  3,500원","19:30,  인생 후르츠(디지털),  3,500원",,70
2019-02-03,01관,"13:00,  레토(디지털),  3,500원","16:00,  그린 북(디지털),  3,500원","19:30,  가버나움(디지털),  3,500원",,70
2019-02-07,01관,"13:00,  이월(디지털),  3,500원","16:00,  가버나움(디지털),  3,500원","19:30,  콜드 워(디지털),  3,500원",,70
2019-02-08,01관,"13:00,  가버나움(디지털),  3,500원","16:00,  일일시호일(디지털),  3,500원","19:30,  그린 북(디지털),  3,500원",,70
2019-02-09,01관,"13:00,  콜드 워(디지털),  3,500원","16:00,  그린 북(디지털),  3,500원","19:30,  인생 후르츠(디지털),  3,500원",,70
2019-02-10,01관,"13:00,  일일시호일(디지털),  3,500원","16:00,  가버나움(디지털),  3,500원","19:30,  콜드 워(디지털),  3,500원",,70
2019-02-12,01관,"13:00,  그린 북(디지털),  3,500원","16:00,  콜드 워(디지털),  3,500원","19:30,  가버나움(디지털),  3,500원",,70
2019-02-13,01관,"13:00,  인생 후르츠(디지털),  3,500원","16:00,  이월(디지털),  3,500원","19:30,  일일시호일(디지털),  3,500원",,70
2019-02-14,01관,"13:00,  얼굴들(디지털),  3,500원","16:00,  콜드 워(디지털),  3,500원","19:30,  가버나움(디지털),  3,500원",,70
2019-02-15,01관,"13:00,  이월(디지털),  3,500원","16:00,  가버나움(디지털),  3,500원","19:30,  일일시호일(디지털),  3,500원",,70
2019-02-16,01관,"13:00,  가버나움(디지털),  3,500원","16:00,  그린 북(디지털),  3,500원","19:30,  가버나움(디지털),  3,500원",,70
2019-02-17,01관,"13:00,  이월(디지털),  3,500원","16:00,  일일시호일(디지털),  3,500원","19:30,  콜드 워(디지털),  3,500원",,70
2019-02-19,01관,"13:00,  일일시호일(디지털),  3,500원","16:00,  얼굴들(디지털),  3,500원","19:30,  가버나움(디지털),  3,500원",,70
2019-02-20,01관,"13:00,  콜드 워(디지털),  3,500원","16:00,  이월(디지털),  3,500원","19:30,  그린 북(디지털),  3,500원",,70
2019-02-21,01관,"13:00,  얼굴들(디지털)","16:00,  가버나움(디지털),  3,500원","19:30,  콜드 워(디지털),  3,500원",,70
2019-02-22,01관,"13:00,  그린 북(디지털),  3,500원","16:00,  얼굴들(디지털),  3,500원","19:30,  일일시호일(디지털),  3,500원",,70
2019-02-23,01관,"13:00,  콜드 워(디지털),  3,500원","16:00,  이월(디지털),  3,500원","19:30,  가버나움(디지털),  3,500원",,70
2019-02-24,01관,"13:00,  가버나움(디지털),  3,500원","16:00,  일일시호일(디지털),  3,500원","19:30,  그린 북(디지털),  3,500원",,70
2019-02-26,01관,"13:00,  일일시호일(디지털),  3,500원","16:00,  얼굴들(디지털),  3,500원","19:30,  가버나움(디지털),  3,500원",,70
2019-02-27,01관,"13:00,  이월(디지털)","16:00,  그린 북(디지털),  3,500원","19:30,  콜드 워(디지털),  3,500원",,70
2019-02-28,01관,"13:00,  국경의 왕(디지털),  3,500원","16:00,  칠곡 가시나들(디지털),  3,500원","19:30,  더 와이프(디지털),  3,500원",,70
2019-03-01,01관,"13:00,  얼굴들(디지털),  3,500원","16:00,  국경의 왕(디지털),  3,500원","19:30,  콜드 워(디지털),  3,500원",,70
2019-03-02,01관,"13:00,  칠곡 가시나들(디지털),  3,500원","16:00,  가버나움(디지털),  3,500원","19:30,  더 와이프(디지털),  3,500원",,70
2019-03-03,01관,"13:00,  콜드 워(디지털),  3,500원","16:00,  더 와이프(디지털),  3,500원","19:30,  가버나움(디지털),  3,500원",,70
2019-03-05,01관,"13:00,  가버나움(디지털),  3,500원","16:00,  얼굴들(디지털),  3,500원","19:30,  칠곡 가시나들(디지털),  3,500원",,70
2019-03-06,01관,"13:00,  국경의 왕(디지털),  3,500원","16:00,  콜드 워(디지털),  3,500원","19:30,  가버나움(디지털),  3,500원",,70
2019-03-07,01관,"13:00,  더 와이프(디지털),  3,500원","16:00,  가버나움(디지털),  3,500원","19:30,  내가 사는 세상(디지털),  3,500원",,70
2019-03-08,01관,"13:00,  국경의 왕(디지털),  3,500원","16:00,  내가 사는 세상(디지털),  3,500원","19:30,  칠곡 가시나들(디지털),  3,500원",,70
2019-03-09,01관,"13:00,  가버나움(디지털),  3,500원","16:00,  국경의 왕(디지털),  3,500원","19:30,  더 와이프(디지털),  3,500원",,70
2019-03-10,01관,"13:00,  내가 사는 세상(디지털),  3,500원","16:00,  칠곡 가시나들(디지털),  3,500원","19:30,  가버나움(디지털),  3,500원",,70
2019-03-12,01관,"13:00,  칠곡 가시나들(디지털),  3,500원",,"19:30,  국경의 왕(디지털),  3,500원",,70
2019-03-13,01관,"13:00,  가버나움(디지털),  3,500원","16:00,  더 와이프(디지털),  3,500원",,,70
2019-03-14,01관,"13:00,  내가 사는 세상(디지털),  3,500원",,"19:30,  히치하이크(디지털),  3,500원",,70
2019-03-15,01관,"13:00,  가버나움(디지털),  3,500원","16:00,  히치하이크(디지털),  3,500원","19:30,  더 와이프(디지털),  3,500원",,70
2019-03-16,01관,"13:00,  더 와이프(디지털),  3,500원","16:00,  가버나움(디지털),  3,500원","19:30,  칠곡 가시나들(디지털),  3,500원",,70
2019-03-17,01관,"13:00,  히치하이크(디지털)","16:00,  칠곡 가시나들(디지털),  3,500원","19:30,  내가 사는 세상(디지털),  3,500원",,70
2019-03-19,01관,"13:00,  더 와이프(디지털),  3,500원","16:00,  내가 사는 세상(디지털)","19:30,  가버나움(디지털),  3,500원",,70
2019-03-20,01관,"13:00,  칠곡 가시나들(디지털),  3,500원","16:00,  더 와이프(디지털),  3,500원","19:30,  히치하이크(디지털),  3,500원",,70
2019-03-21,01관,"13:00,  내가 사는 세상(디지털),  3,500원","16:00,  히치하이크(디지털),  3,500원","19:30,  에브리타임 룩 앳 유(디지털),  3,500원",,70
2019-03-22,01관,"13:00,  더 와이프(디지털),  3,500원","16:00,  에브리타임 룩 앳 유(디지털),  3,500원","19:30,  히치하이크(디지털),  3,500원",,70
2019-03-23,01관,"13:00,  칠곡 가시나들(디지털),  3,500원","16:00,  가버나움(디지털),  3,500원","19:30,  더 와이프(디지털),  3,500원",,70
2019-03-24,01관,"13:00,  가버나움(디지털),  3,500원","16:00,  내가 사는 세상(디지털),  3,500원","19:30,  에브리타임 룩 앳 유(디지털),  3,500원",,70
2019-03-26,01관,"13:00,  에브리타임 룩 앳 유(디지털),  3,500원","16:00,  더 와이프(디지털),  3,500원","19:30,  내가 사는 세상(디지털)",,70
2019-03-27,01관,"13:00,  히치하이크(디지털)","16:00,  칠곡 가시나들(디지털),  3,500원","19:30,  가버나움(디지털),  3,500원",,70
2019-03-28,01관,"13:00,  강변호텔(디지털),  3,500원","16:00,  원 네이션(디지털),  3,500원","19:30,  선희와 슬기(디지털),  3,500원",,70
2019-03-29,01관,"13:00,  히치하이크(디지털)","16:00,  선희와 슬기(디지털),  3,500원","19:30,  에브리타임 룩 앳 유(디지털),  3,500원",,70
2019-03-30,01관,"13:00,  선희와 슬기(디지털),  3,500원","16:00,  더 와이프(디지털),  3,500원","19:30,  강변호텔(디지털),  3,500원",,70
2019-03-31,01관,"13:00,  에브리타임 룩 앳 유(디지털),  3,500원","16:00,  히치하이크(디지털),  3,500원","19:30,  원 네이션(디지털),  3,500원",,70
2019-04-02,01관,"13:00,  더 와이프(디지털),  3,500원","16:00,  에브리타임 룩 앳 유(디지털),  3,500원","19:30,  선희와 슬기(디지털),  3,500원",,70
2019-04-03,01관,"13:00,  원 네이션(디지털),  3,500원","16:00,  강변호텔(디지털),  3,500원","19:30,  히치하이크(디지털),  3,500원",,70
2019-04-04,01관,"13:00,  파도치는 땅(디지털),  3,500원","16:00,  에브리타임 룩 앳 유(디지털),  3,500원","19:30,  콜레트(디지털),  3,500원",,70
2019-04-05,01관,"13:00,  강변호텔(디지털),  3,500원","16:00,  파도치는 땅(디지털)","19:30,  원 네이션(디지털),  3,500원",,70
2019-04-06,01관,"13:00,  에브리타임 룩 앳 유(디지털),  3,500원","16:00,  콜레트(디지털),  3,500원","19:30,  선희와 슬기(디지털),  3,500원",,70
2019-04-07,01관,"13:00,  원 네이션(디지털),  3,500원","16:00,  강변호텔(디지털),  3,500원","19:30,  파도치는 땅(디지털),  3,500원",,70
2019-04-08,01관,"13:00,  원 네이션(디지털)",,,,70
2019-04-09,01관,"13:00,  선희와 슬기(디지털),  3,500원","16:00,  원 네이션(디지털),  3,500원","19:30,  에브리타임 룩 앳 유(디지털),  3,500원",,70
2019-04-10,01관,"13:00,  콜레트(디지털),  3,500원","16:00,  선희와 슬기(디지털),  3,500원","19:30,  강변호텔(디지털),  3,500원",,70
2019-04-11,01관,"13:00,  원 네이션(디지털)",,,,70
2019-04-12,01관,"13:00,  선희와 슬기(디지털)",,,,70
2019-04-13,01관,"13:00,  콜레트(디지털),  3,500원",,,,70
2019-04-14,01관,"13:00,  파도치는 땅(디지털),  3,500원",,,,70
2019-04-16,01관,"13:00,  강변호텔(디지털),  3,500원","16:00,  선희와 슬기(디지털),  3,500원","19:30,  콜레트(디지털),  3,500원",,70
2019-04-17,01관,"13:00,  파도치는 땅(디지털)","16:00,  원 네이션(디지털),  3,500원","19:30,  강변호텔(디지털),  3,500원",,70
2019-04-18,01관,"13:00,  선희와 슬기(디지털),  3,500원","16:00,  파도치는 땅(디지털)","19:30,  뷰티플 마인드(디지털),  3,500원",,70
2019-04-19,01관,"13:00,  뷰티플 마인드(디지털)","16:00,  강변호텔(디지털),  3,500원","19:30,  콜레트(디지털),  3,500원",,70
2019-04-20,01관,"13:00,  파도치는 땅(디지털)","16:00,  콜레트(디지털),  3,500원","19:30,  원 네이션(디지털),  3,500원",,70
2019-04-21,01관,"13:00,  콜레트(디지털),  3,500원","16:00,  뷰티플 마인드(디지털),  3,500원","19:30,  강변호텔(디지털),  3,500원",,70
2019-04-23,01관,"13:00,  파도치는 땅(디지털),  3,500원","16:00,  원 네이션(디지털),  3,500원","19:30,  뷰티플 마인드(디지털),  3,500원",,70
2019-04-24,01관,"13:00,  강변호텔(디지털),  3,500원","16:00,  선희와 슬기(디지털),  3,500원","19:30,  콜레트(디지털),  3,500원",,70
2019-04-25,01관,"13:00,  안도 타다오(디지털),  3,500원","16:00,  뷰티플 마인드(디지털),  3,500원","19:30,  노무현과 바보들(디지털),  3,500원",,70
2019-04-26,01관,"13:00,  강변호텔(디지털),  3,500원","16:00,  노무현과 바보들(디지털),  3,500원","19:30,  안도 타다오(디지털),  3,500원",,70
2019-04-27,01관,"13:00,  노무현과 바보들(디지털),  3,500원","16:00,  콜레트(디지털),  3,500원","19:30,  뷰티플 마인드(디지털)",,70
2019-04-28,01관,"13:00,  뷰티플 마인드(디지털),  3,500원","16:00,  안도 타다오(디지털),  3,500원","19:30,  콜레트(디지털),  3,500원",,70
2019-04-30,01관,"13:00,  콜레트(디지털),  3,500원","16:00,  강변호텔(디지털),  3,500원","19:30,  안도 타다오(디지털),  3,500원",,70
2019-05-01,01관,"13:00,  뷰티플 마인드(디지털),  3,500원","16:00,  파도치는 땅(디지털),  3,500원","19:30,  노무현과 바보들(디지털),  3,500원",,70
2019-05-02,01관,"13:00,  안도 타다오(디지털),  3,500원","16:00,  미스 스티븐스(디지털),  3,500원","19:30,  굿바이 마이 러브NK: 붉은 청춘(디지털),  3,500원",,70
2019-05-03,01관,"13:00,  콜레트(디지털),  3,500원","16:00,  노무현과 바보들(디지털),  3,500원","19:30,  뷰티플 마인드(디지털),  3,500원",,70
2019-05-04,01관,"13:00,  노무현과 바보들(디지털),  3,500원","16:00,  굿바이 마이 러브NK: 붉은 청춘(디지털),  3,500원","19:30,  미스 스티븐스(디지털),  3,500원",,70
2019-05-05,01관,"13:00,  미스 스티븐스(디지털),  3,500원","16:00,  뷰티플 마인드(디지털),  3,500원","19:30,  안도 타다오(디지털),  3,500원",,70
2019-05-07,01관,"13:00,  굿바이 마이 러브NK: 붉은 청춘(디지털),  3,500원","16:00,  안도 타다오(디지털),  3,500원","19:30,  노무현과 바보들(디지털),  3,500원",,70
2019-05-08,01관,"13:00,  뷰티플 마인드(디지털),  3,500원","16:00,  노무현과 바보들(디지털),  3,500원","19:30,  미스 스티븐스(디지털),  3,500원",,70
2019-05-09,01관,"13:00,  굿바이 마이 러브NK: 붉은 청춘(디지털),  3,500원","16:00,  안도 타다오(디지털),  3,500원","19:30,  고양이 여행 리포트(디지털),  3,500원",,70
2019-05-10,01관,"13:00,  노무현과 바보들(디지털),  3,500원","16:00,  고양이 여행 리포트(디지털),  3,500원","19:30,  미스 스티븐스(디지털),  3,500원",,70
2019-05-11,01관,"13:00,  안도 타다오(디지털),  3,500원","16:00,  미스 스티븐스(디지털),  3,500원","19:30,  굿바이 마이 러브NK: 붉은 청춘(디지털),  3,500원",,70
2019-05-12,01관,"13:00,  고양이 여행 리포트(디지털),  3,500원","16:00,  안도 타다오(디지털),  3,500원","19:30,  노무현과 바보들(디지털),  3,500원",,70
2019-05-14,01관,"13:00,  뷰티플 마인드(디지털)","16:00,  굿바이 마이 러브NK: 붉은 청춘(디지털),  3,500원","19:30,  고양이 여행 리포트(디지털),  3,500원",,70
2019-05-15,01관,"13:00,  미스 스티븐스(디지털),  3,500원","16:00,  노무현과 바보들(디지털),  3,500원","19:30,  안도 타다오(디지털),  3,500원",,70
2019-05-16,01관,"13:00,  뷰티플 마인드(디지털),  3,500원","16:00,  안도 타다오(디지털)","19:30,  서스페리아(디지털),  3,500원",,70
2019-05-17,01관,"13:00,  노무현과 바보들(디지털),  3,500원","16:00,  미스 스티븐스(디지털),  3,500원","19:30,  굿바이 마이 러브NK: 붉은 청춘(디지털),  3,500원",,70
2019-05-18,01관,"13:00,  안도 타다오(디지털),  3,500원",,,,70
2019-05-19,01관,"13:00,  굿바이 마이 러브NK: 붉은 청춘(디지털),  3,500원","16:00,  서스페리아(디지털),  3,500원","19:30,  고양이 여행 리포트(디지털),  3,500원",,70
2019-05-20,01관,,,"19:30,  노무현과 바보들(디지털),  3,500원",,70
2019-05-21,01관,,,"19:30,  미스 스티븐스(디지털),  3,500원",,70
2019-05-22,01관,,,"19:30,  노무현과 바보들(디지털),  3,500원",,70
2019-05-23,01관,"13:00,  미스 스티븐스(디지털),  3,500원","16:00,  김군(디지털),  3,500원","19:30,  돈키호테를 죽인 사나이(디지털),  3,500원",,70
2019-05-24,01관,"13:00,  고양이 여행 리포트(디지털),  3,500원","16:00,  굿바이 마이 러브NK: 붉은 청춘(디지털)","19:30,  서스페리아(디지털),  3,500원",,70
2019-05-25,01관,"13:00,  돈키호테를 죽인 사나이(디지털),  3,500원","16:00,  미스 스티븐스(디지털),  3,500원","19:30,  김군(디지털),  3,500원",,70
2019-05-26,01관,"13:00,  서스페리아(디지털),  3,500원","16:00,  돈키호테를 죽인 사나이(디지털),  3,500원","19:30,  고양이 여행 리포트(디지털),  3,500원",,70
2019-05-28,01관,"13:00,  김군(디지털),  3,500원","16:00,  서스페리아(디지털),  3,500원","19:30,  돈키호테를 죽인 사나이(디지털),  3,500원",,70
2019-05-29,01관,"13:00,  굿바이 마이 러브NK: 붉은 청춘(디지털),  3,500원","16:00,  김군(디지털),  3,500원","19:30,  미스 스티븐스(디지털),  3,500원",,70
2019-05-30,01관,"13:00,  서스페리아(디지털)","16:00,  우리 지금 만나(디지털),  3,500원","19:30,  보희와 녹양(디지털),  3,500원",,70
2019-05-31,01관,"13:00,  돈키호테를 죽인 사나이(디지털),  3,500원","16:00,  보희와 녹양(디지털),  3,500원","19:30,  김군(디지털),  3,500원",,70
2019-06-01,01관,"13:00,  우리 지금 만나(디지털)","16:00,  서스페리아(디지털),  3,500원","19:30,  돈키호테를 죽인 사나이(디지털),  3,500원",,70
2019-06-02,01관,"13:00,  보희와 녹양(디지털),  3,500원","16:00,  김군(디지털),  3,500원","19:30,  굿바이 마이 러브NK: 붉은 청춘(디지털)",,70
2019-06-04,01관,"13:00,  김군(디지털),  3,500원","16:00,  돈키호테를 죽인 사나이(디지털),  3,500원","19:30,  서스페리아(디지털),  3,500원",,70
2019-06-05,01관,"13:00,  굿바이 마이 러브NK: 붉은 청춘(디지털),  3,500원","16:00,  보희와 녹양(디지털),  3,500원","19:30,  우리 지금 만나(디지털),  3,500원",,70
2019-06-06,01관,"13:00,  보희와 녹양(디지털),  3,500원","16:00,  김군(디지털),  3,500원","19:30,  이웃집 토토로(디지털),  3,500원",,70
2019-06-07,01관,"13:00,  돈키호테를 죽인 사나이(디지털),  3,500원","16:00,  이웃집 토토로(디지털),  3,500원","19:30,  우리 지금 만나(디지털),  3,500원",,70
2019-06-08,01관,"13:00,  우리 지금 만나(디지털),  3,500원",,"19:30,  김군(디지털),  3,500원",,70
2019-06-09,01관,"13:00,  이웃집 토토로(디지털),  3,500원","16:00,  우리 지금 만나(디지털)","19:30,  돈키호테를 죽인 사나이(디지털),  3,500원",,70
2019-06-11,01관,"13:00,  김군(디지털),  3,500원","16:00,  보희와 녹양(디지털),  3,500원","19:30,  우리 지금 만나(디지털)",,70
2019-06-12,01관,"13:00,  이웃집 토토로(디지털),  3,500원","16:00,  돈키호테를 죽인 사나이(디지털),  3,500원","19:30,  보희와 녹양(디지털),  3,500원",,70
2019-06-13,01관,"13:00,  이웃집 토토로(디지털),  3,500원","16:00,  우리 지금 만나(디지털),  3,500원","19:30,  김군(디지털)",,70
2019-06-14,01관,"13:00,  돈키호테를 죽인 사나이(디지털),  3,500원","16:00,  보희와 녹양(디지털),  3,500원","19:30,  이웃집 토토로(디지털),  3,500원",,70
2019-06-15,01관,"13:00,  이웃집 토토로(디지털더빙),  3,500원","16:00,  김군(디지털),  3,500원","19:30,  돈키호테를 죽인 사나이(디지털),  3,500원",,70
2019-06-16,01관,"13:00,  우리 지금 만나(디지털)","16:00,  이웃집 토토로(디지털더빙),  3,500원","19:30,  김군(디지털),  3,500원",,70
2019-06-18,01관,"13:00,  보희와 녹양(디지털)","16:00,  돈키호테를 죽인 사나이(디지털)","19:30,  이웃집 토토로(디지털),  3,500원",,70
2019-06-19,01관,"13:00,  김군(디지털)",,,,70
2019-06-20,01관,"13:00,  에움길(디지털)",,,,70
2019-06-21,01관,"13:00,  행복한 라짜로(디지털),  3,500원",,,,70
2019-06-22,01관,"13:00,  이웃집 토토로(디지털),  3,500원",,,,70
2019-06-23,01관,"13:00,  김군(디지털),  3,500원","16:00,  이웃집 토토로(디지털더빙),  3,500원","19:30,  행복한 라짜로(디지털),  3,500원",,70
2019-06-25,01관,"13:00,  에움길(디지털)","16:00,  행복한 라짜로(디지털),  3,500원","19:30,  우리 지금 만나(디지털),  3,500원",,70
2019-06-26,01관,"13:00,  행복한 라짜로(디지털),  3,500원","16:00,  에움길(디지털)","19:30,  이웃집 토토로(디지털),  3,500원",,70
2019-06-27,01관,"13:00,  이웃집 토토로(디지털),  3,500원","16:00,  북클럽(디지털),  3,500원","19:30,  해피엔드(디지털),  3,500원",,70
2019-06-28,01관,"13:00,  행복한 라짜로(디지털),  3,500원","16:00,  에움길(디지털),  3,500원","19:30,  김군(디지털),  3,500원",,70
2019-06-29,01관,"13:00,  해피엔드(디지털),  3,500원","16:00,  이웃집 토토로(디지털),  3,500원","19:30,  북클럽(디지털),  3,500원",,70
2019-06-30,01관,"13:00,  이웃집 토토로(디지털더빙),  3,500원","16:00,  행복한 라짜로(디지털),  3,500원","19:30,  에움길(디지털),  3,500원",,70
2019-07-02,01관,"13:00,  북클럽(디지털),  3,500원","16:00,  해피엔드(디지털),  3,500원","19:30,  이웃집 토토로(디지털),  3,500원",,70
2019-07-03,01관,"13:00,  에움길(디지털)","16:00,  북클럽(디지털),  3,500원","19:30,  행복한 라짜로(디지털),  3,500원",,70
2019-07-04,01관,"13:00,  칠드런 액트(디지털),  3,500원","16:00,  북클럽(디지털),  3,500원","19:30,  13년의 공백(디지털),  3,500원",,70
2019-07-05,01관,"13:00,  행복한 라짜로(디지털),  3,500원","16:00,  해피엔드(디지털),  3,500원","19:30,  칠드런 액트(디지털),  3,500원",,70
2019-07-06,01관,"13:00,  13년의 공백(디지털),  3,500원","16:00,  이웃집 토토로(디지털),  3,500원","19:30,  행복한 라짜로(디지털),  3,500원",,70
2019-07-07,01관,"13:00,  북클럽(디지털),  3,500원","16:00,  칠드런 액트(디지털),  3,500원","19:30,  해피엔드(디지털),  3,500원",,70
2019-07-09,01관,"13:00,  이웃집 토토로(디지털더빙)","16:00,  13년의 공백(디지털),  3,500원","19:30,  칠드런 액트(디지털),  3,500원",,70
2019-07-10,01관,"13:00,  해피엔드(디지털),  3,500원","16:00,  행복한 라짜로(디지털),  3,500원","19:30,  북클럽(디지털),  3,500원",,70
2019-07-11,01관,"13:00,  행복한 라짜로(디지털),  3,500원","16:00,  13년의 공백(디지털),  3,500원","19:30,  조(디지털),  3,500원",,70
2019-07-12,01관,"13:00,  칠드런 액트(디지털),  3,500원","16:00,  해피엔드(디지털),  3,500원","19:30,  13년의 공백(디지털),  3,500원",,70
2019-07-13,01관,"13:00,  이웃집 토토로(디지털더빙),  3,500원",,"19:30,  칠드런 액트(디지털),  3,500원",,70
2019-07-14,01관,"13:00,  13년의 공백(디지털),  3,500원","16:00,  북클럽(디지털),  3,500원","19:30,  행복한 라짜로(디지털),  3,500원",,70
2019-07-16,01관,"13:00,  조(디지털),  3,500원","16:00,  행복한 라짜로(디지털),  3,500원","19:30,  북클럽(디지털),  3,500원",,70
2019-07-17,01관,"13:00,  해피엔드(디지털),  3,500원","16:00,  조(디지털),  3,500원","19:30,  칠드런 액트(디지털),  3,500원",,70
2019-07-18,01관,"13:00,  13년의 공백(디지털),  3,500원","16:00,  북클럽(디지털),  3,500원","19:30,  수영장으로 간 남자들(디지털),  3,500원",,70
2019-07-19,01관,"13:00,  조(디지털),  3,500원","16:00,  칠드런 액트(디지털),  3,500원","19:30,  행복한 라짜로(디지털),  3,500원",,70
2019-07-20,01관,"13:00,  북클럽(디지털),  3,500원","16:00,  수영장으로 간 남자들(디지털),  3,500원","19:30,  조(디지털),  3,500원",,70
2019-07-21,01관,"13:00,  해피엔드(디지털),  3,500원","16:00,  13년의 공백(디지털),  3,500원","19:30,  칠드런 액트(디지털),  3,500원",,70
2019-07-23,01관,"13:00,  수영장으로 간 남자들(디지털),  3,500원","16:00,  조(디지털),  3,500원","19:30,  해피엔드(디지털),  3,500원",,70
2019-07-24,01관,"13:00,  칠드런 액트(디지털),  3,500원","16:00,  행복한 라짜로(디지털),  3,500원","19:30,  13년의 공백(디지털),  3,500원",,70
2019-07-25,01관,"13:00,  수영장으로 간 남자들(디지털),  3,500원","16:00,  칠드런 액트(디지털),  3,500원","19:30,  돈 워리(디지털),  3,500원",,70
2019-07-26,01관,"13:00,  조(디지털),  3,500원","16:00,  돈 워리(디지털),  3,500원","19:30,  수영장으로 간 남자들(디지털)",,70
2019-07-27,01관,"13:00,  돈 워리(디지털),  3,500원","16:00,  행복한 라짜로(디지털),  3,500원","19:30,  조(디지털),  3,500원",,70
2019-07-28,01관,"13:00,  칠드런 액트(디지털),  3,500원","16:00,  수영장으로 간 남자들(디지털),  3,500원","19:30,  돈 워리(디지털),  3,500원",,70
2019-07-30,01관,"13:00,  행복한 라짜로(디지털),  3,500원","16:00,  칠드런 액트(디지털),  3,500원","19:30,  조(디지털),  3,500원",,70
2019-07-31,01관,"13:00,  수영장으로 간 남자들(디지털),  3,500원","16:00,  조(디지털),  3,500원","19:30,  칠드런 액트(디지털),  3,500원",,70
2019-08-01,01관,"13:00,  돈 워리(디지털),  3,500원","16:00,  수영장으로 간 남자들(디지털),  3,500원","19:30,  누구나 아는 비밀(디지털),  3,500원",,70
2019-08-02,01관,"13:00,  수영장으로 간 남자들(디지털),  3,500원","16:00,  돈 워리(디지털),  3,500원","19:30,  조(디지털),  3,500원",,70
2019-08-03,01관,"13:00,  조(디지털),  3,500원","16:00,  누구나 아는 비밀(디지털),  3,500원","19:30,  돈 워리(디지털),  3,500원",,70
2019-08-04,01관,"13:00,  칠드런 액트(디지털),  3,500원","16:00,  행복한 라짜로(디지털),  3,500원","19:30,  수영장으로 간 남자들(디지털),  3,500원",,70
2019-08-06,01관,"13:00,  누구나 아는 비밀(디지털),  3,500원","16:00,  조(디지털),  3,500원","19:30,  누구나 아는 비밀(디지털),  3,500원",,70
2019-08-07,01관,"13:00,  돈 워리(디지털),  3,500원","16:00,  칠드런 액트(디지털),  3,500원","19:30,  수영장으로 간 남자들(디지털),  3,500원",,70
2019-08-08,01관,"13:00,  누구나 아는 비밀(디지털),  3,500원","16:00,  수영장으로 간 남자들(디지털),  3,500원","19:30,  지구 최후의 밤(디지털),  3,500원",,70
2019-08-09,01관,"13:00,  수영장으로 간 남자들(디지털),  3,500원","16:00,  지구 최후의 밤(디지털),  3,500원","19:30,  돈 워리(디지털),  3,500원",,70
2019-08-10,01관,"13:00,  행복한 라짜로(디지털),  3,500원",,"19:30,  수영장으로 간 남자들(디지털),  3,500원",,70
2019-08-11,01관,"13:00,  돈 워리(디지털),  3,500원","16:00,  지구 최후의 밤(디지털),  3,500원","19:30,  누구나 아는 비밀(디지털),  3,500원",,70
2019-08-13,01관,"13:00,  수영장으로 간 남자들(디지털),  3,500원","16:00,  돈 워리(디지털),  3,500원","19:30,  행복한 라짜로(디지털),  3,500원",,70
2019-08-14,01관,"13:00,  지구 최후의 밤(디지털),  3,500원","16:00,  누구나 아는 비밀(디지털),  3,500원","19:30,  돈 워리(디지털),  3,500원",,70
2019-08-15,01관,"13:00,  누구나 아는 비밀(디지털),  3,500원","16:00,  돈 워리(디지털),  3,500원","19:30,  밤의 문이 열린다(디지털),  3,500원",,70
2019-08-18,01관,"13:00,  밤의 문이 열린다(디지털),  3,500원","16:00,  주전장(디지털),  3,500원","19:30,  누구나 아는 비밀(디지털),  3,500원",,70
2019-08-20,01관,"13:00,  지구 최후의 밤(디지털)","16:00,  누구나 아는 비밀(디지털),  3,500원","19:30,  주전장(디지털),  3,500원",,70
2019-08-21,01관,"13:00,  돈 워리(디지털),  3,500원","16:00,  지구 최후의 밤(디지털),  3,500원","19:30,  밤의 문이 열린다(디지털),  3,500원",,70
2019-08-22,01관,"13:00,  누구나 아는 비밀(디지털),  3,500원","16:00,  쉘부르의 우산(디지털),  3,500원","19:30,  우리집(디지털),  3,500원",,70
2019-08-23,01관,"13:00,  밤의 문이 열린다(디지털),  3,500원","16:00,  지구 최후의 밤(디지털),  3,500원","19:30,  주전장(디지털),  3,500원",,70
2019-08-24,01관,"13:00,  주전장(디지털),  3,500원","16:00,  누구나 아는 비밀(디지털),  3,500원","19:30,  쉘부르의 우산(디지털),  3,500원",,70
2019-08-25,01관,"13:00,  우리집(디지털),  3,500원","16:00,  밤의 문이 열린다(디지털),  3,500원","19:30,  주전장(디지털),  3,500원",,70
2019-08-27,01관,"13:00,  쉘부르의 우산(디지털),  3,500원","16:00,  밤의 문이 열린다(디지털),  3,500원","19:30,  우리집(디지털),  3,500원",,70
2019-08-28,01관,"13:00,  지구 최후의 밤(디지털),  3,500원","16:00,  우리집(디지털),  3,500원",,,70
2019-08-29,01관,"13:00,  밤의 문이 열린다(디지털),  3,500원","16:00,  벌새(디지털),  3,500원","19:30,  블라인드 멜로디(디지털),  3,500원",,70
2019-08-30,01관,"13:00,  우리집(디지털),  3,500원","16:00,  쉘부르의 우산(디지털),  3,500원","19:30,  주전장(디지털),  3,500원",,70
2019-08-31,01관,"13:00,  블라인드 멜로디(디지털),  3,500원","16:00,  우리집(디지털),  3,500원","19:30,  벌새(디지털),  3,500원",,70
2019-09-03,01관,"13:00,  벌새(디지털),  3,500원","16:00,  밤의 문이 열린다(디지털),  3,500원","19:30,  쉘부르의 우산(디지털),  3,500원",,70
2019-09-04,01관,"13:00,  주전장(디지털),  3,500원","16:00,  블라인드 멜로디(디지털),  3,500원","19:30,  우리집(디지털),  3,500원",,70
2019-09-05,01관,"13:00,  쉘부르의 우산(디지털),  3,500원","16:00,  벌새(디지털),  3,500원","19:30,  틴 스피릿(디지털),  3,500원",,70
2019-09-06,01관,"13:00,  블라인드 멜로디(디지털),  3,500원","16:00,  주전장(디지털),  3,500원","19:30,  우리집(디지털),  3,500원",,70
2019-09-07,01관,"13:00,  틴 스피릿(디지털),  3,500원","16:00,  블라인드 멜로디(디지털),  3,500원","19:30,  벌새(디지털),  3,500원",,70
2019-09-08,01관,"13:00,  우리집(디지털),  3,500원","16:00,  쉘부르의 우산(디지털),  3,500원","19:30,  주전장(디지털),  3,500원",,70
2019-09-10,01관,"13:00,  벌새(디지털),  3,500원","16:00,  틴 스피릿(디지털),  3,500원","19:30,  블라인드 멜로디(디지털),  3,500원",,70
2019-09-11,01관,"13:00,  우리집(디지털),  3,500원","16:00,  벌새(디지털),  3,500원","19:30,  쉘부르의 우산(디지털),  3,500원",,70
2019-09-15,01관,"13:00,  벌새(디지털),  3,500원","16:00,  우리집(디지털),  3,500원","19:30,  틴 스피릿(디지털),  3,500원",,70
2019-09-17,01관,"13:00,  쉘부르의 우산(디지털),  3,500원","16:00,  블라인드 멜로디(디지털),  3,500원","19:30,  벌새(디지털),  3,500원",,70
2019-09-18,01관,"13:00,  블라인드 멜로디(디지털)","16:00,  틴 스피릿(디지털)","19:30,  우리집(디지털),  3,500원",,70
2019-09-19,01관,"13:00,  우리집(디지털)","16:00,  벌새(디지털),  3,500원","19:30,  비뚤어진 집(디지털),  3,500원",,70
2019-09-20,01관,"13:00,  벌새(디지털),  3,500원","16:00,  비뚤어진 집(디지털),  3,500원","19:30,  틴 스피릿(디지털),  3,500원",,70
2019-09-21,01관,"13:00,  쉘부르의 우산(디지털),  3,500원","16:00,  틴 스피릿(디지털),  3,500원","19:30,  벌새(디지털),  3,500원",,70
2019-09-22,01관,"13:00,  비뚤어진 집(디지털),  3,500원","16:00,  블라인드 멜로디(디지털),  3,500원","19:30,  우리집(디지털),  3,500원",,70
2019-09-24,01관,"13:00,  틴 스피릿(디지털),  3,500원","16:00,  우리집(디지털),  3,500원","19:30,  벌새(디지털),  3,500원",,70
2019-09-25,01관,"13:00,  블라인드 멜로디(디지털),  3,500원","16:00,  비뚤어진 집(디지털),  3,500원","19:30,  우리집(디지털),  3,500원",,70
2019-09-26,01관,"13:00,  메기(디지털),  3,500원","16:00,  벌새(디지털),  3,500원","19:30,  아워 바디(디지털),  3,500원",,70
2019-09-27,01관,"13:00,  비뚤어진 집(디지털),  3,500원","16:00,  아워 바디(디지털),  3,500원","19:30,  메기(디지털),  3,500원",,70
2019-09-28,01관,"13:00,  우리집(디지털),  3,500원","16:00,  비뚤어진 집(디지털),  3,500원","19:30,  메기(디지털),  3,500원",,70
2019-09-29,01관,"13:00,  메기(디지털),  3,500원","16:00,  아워 바디(디지털),  3,500원","19:30,  벌새(디지털),  3,500원",,70
2019-10-01,01관,"13:00,  아워 바디(디지털),  3,500원","16:00,  메기(디지털),  3,500원","19:30,  비뚤어진 집(디지털),  3,500원",,70
2019-10-02,01관,"13:00,  벌새(디지털),  3,500원","16:00,  우리집(디지털),  3,500원","19:30,  아워 바디(디지털),  3,500원",,70
2019-10-03,01관,"13:00,  메기(디지털),  3,500원","16:00,  미드소마 감독판(디지털),  3,500원","19:30,  트루 시크릿(디지털),  3,500원",,70
2019-10-04,01관,"13:00,  아워 바디(디지털),  3,500원","16:00,  메기(디지털),  3,500원","19:30,  벌새(디지털),  3,500원",,70
2019-10-05,01관,"13:00,  미드소마 감독판(디지털),  3,500원","16:00,  아워 바디(디지털),  3,500원","19:30,  메기(디지털),  3,500원",,70
2019-10-06,01관,"13:00,  벌새(디지털),  3,500원","16:00,  트루 시크릿(디지털),  3,500원","19:30,  비뚤어진 집(디지털),  3,500원",,70
2019-10-08,01관,"13:00,  트루 시크릿(디지털),  3,500원","16:00,  메기(디지털),  3,500원","19:30,  아워 바디(디지털),  3,500원",,70
2019-10-09,01관,"13:00,  비뚤어진 집(디지털),  3,500원","16:00,  벌새(디지털),  3,500원","19:30,  미드소마 감독판(디지털),  3,500원",,70
2019-10-11,01관,"13:00,  미드소마 감독판(디지털),  3,500원","16:00,  트루 시크릿(디지털)","19:30,  벌새(디지털),  3,500원",,70
2019-10-12,01관,"13:00,  메기(디지털),  3,500원","16:00,  벌새(디지털),  3,500원","19:30,  아워 바디(디지털),  3,500원",,70
2019-10-13,01관,"13:00,  벌새(디지털),  3,500원","16:00,  트루 시크릿(디지털),  3,500원","19:30,  미드소마 감독판(디지털),  3,500원",,70
2019-10-15,01관,"13:00,  벌새(디지털),  3,500원","16:00,  메기(디지털),  3,500원","19:30,  트루 시크릿(디지털),  3,500원",,70
2019-10-16,01관,"13:00,  아워 바디(디지털)","16:00,  미드소마 감독판(디지털),  3,500원","19:30,  메기(디지털),  3,500원",,70
2019-10-20,01관,"13:00,  신문기자(디지털),  3,500원","16:00,  벌새(디지털),  3,500원","19:30,  아워 바디(디지털),  3,500원",,70
2019-10-22,01관,"13:00,  미드소마 감독판(디지털)","16:00,  트루 시크릿(디지털),  3,500원","19:30,  메기(디지털),  3,500원",,70
2019-10-23,01관,"13:00,  벌새(디지털),  3,500원","16:00,  아워 바디(디지털),  3,500원","19:30,  신문기자(디지털),  3,500원",,70
2019-10-24,01관,"13:00,  메기(디지털),  3,500원","16:00,  신문기자(디지털),  3,500원","19:30,  와일드 로즈(디지털),  3,500원",,70
2019-10-25,01관,"13:00,  트루 시크릿(디지털),  3,500원","16:00,  와일드 로즈(디지털),  3,500원","19:30,  신문기자(디지털),  3,500원",,70
2019-10-26,01관,"13:00,  와일드 로즈(디지털),  3,500원","16:00,  신문기자(디지털),  3,500원","19:30,  벌새(디지털),  3,500원",,70
2019-10-27,01관,"13:00,  미드소마 감독판(디지털),  3,500원","16:00,  벌새(디지털),  3,500원","19:30,  메기(디지털),  3,500원",,70
2019-10-29,01관,"13:00,  와일드 로즈(디지털),  3,500원","16:00,  메기(디지털),  3,500원","19:30,  트루 시크릿(디지털),  3,500원",,70
2019-10-30,01관,"13:00,  신문기자(디지털),  3,500원","16:00,  미드소마 감독판(디지털),  3,500원","19:30,  벌새(디지털),  3,500원",,70
2019-10-31,01관,"13:00,  오늘, 우리(디지털),  3,500원","16:00,  와일드 로즈(디지털),  3,500원","19:30,  사선의 끝(디지털),  3,500원",,70
