cast,movieCd,movieNm,peopleNm,repRoleNm,peopleCd,sex
서도철,20148048,베테랑,황정민,배우,10090290,남자
안옥윤,20148851,암살,전지현,배우,10061467,여자
안상구,20149314,내부자들,이병헌,배우,10055626,남자
,20145503,검은 사제들,김윤석,배우,10005276,남자
,20148846,사도,송강호,배우,10037018,남자
,20134798,연평해전,김무열,배우,10004099,남자
,20148845,스물,김우빈,배우,20170901,남자
,20136068,히말라야,황정민,배우,10090290,남자
,20149570,조선명탐정 : 사라진 놉의 딸,김명민,배우,10004060,남자
공길용,20148855,극비수사,김윤석,배우,10005276,남자
,20149569,악의 연대기,손현주,배우,20111125,남자
,20156557,탐정 : 더 비기닝,권상우,배우,10002387,남자
,20157464,더 폰,손현주,배우,20111125,남자
종대,20136888,강남 1970,이민호,배우,20185376,남자
구청여직원,20140703,장수상회,박해빛나,배우,20239046,여자
홍이수,20143572,뷰티 인사이드,한효주,배우,10087820,여자
,20148188,쎄시봉,김윤석,배우,10005276,남자
,20142407,오늘의 연애,이승기,배우,10056227,남자
엄마,20149266,차이나타운,김혜수,배우,10006380,여자
,20142402,간신,주지훈,배우,10069179,남자
,20145171,대호,최민식,배우,10072251,남자
장우,20157465,그놈이다,주원,배우,20112931,남자
우수제약 임원들 2,20142855,성난 변호사,오상철,배우,20238986,남자
,20148461,살인의뢰,김상경,배우,10004396,남자
허무혁,20145504,특종: 량첸살인기,조정석,배우,20121022,남자
하재관,20156748,열정같은소리하고있네,정재영,배우,10062184,남자
,20143513,미쓰 와이프,엄정화,배우,10047352,여자
허삼관,20131262,허삼관,하정우,배우,10087253,남자
,20148841,헬머니,김수미,배우,10004748,여자
,20130566,무뢰한,김남길,배우,10003788,남자
,20136063,순수의 시대,신하균,배우,10040665,남자
,20148844,손님,류승룡,배우,10019065,남자
,20148553,내 심장을 쏴라,이민기,배우,10055447,남자
신재효,20140144,도리화가,류승룡,배우,10019065,남자
,20140193,서부전선,설경구,배우,10035772,남자
,20143511,오피스,고아성,배우,10001670,여자
차주란,20141224,경성학교: 사라진 소녀들,박보영,배우,10028667,여자
박영희,20143512,위험한 상견례 2,진세연,배우,20195689,여자
,20157501,극적인 하룻밤,윤계상,배우,10054204,남자
,20136057,소수의견,윤계상,배우,10054204,남자
유백,20130021,"협녀, 칼의 기억",이병헌,배우,10055626,남자
,20155826,치외법권,임창정,배우,10058849,남자
,20141602,소셜포비아,변요한,배우,20147110,남자
지연 ,20136869,은밀한 유혹,임수정,배우,10058646,여자
오상무,20133682,화장,안성기,배우,10043371,남자
,20149062,연애의 맛,오지호,배우,10050782,남자
,20143510,함정,마동석,배우,10021341,남자
뽀로로,20156807,뽀로로 극장판 컴퓨터 왕국 대모험,이선,배우,10055966,여자
,20142856,나의 절친 악당들,류승범,배우,10019067,남자
,20147947,워킹걸,조여정,배우,10066680,여자
박구,20145501,돌연변이,이광수,배우,20111692,남자
,20100211,다이노 타임,멜라니 그리피스,배우,10025920,여자
,20149961,미안해 사랑해 고마워,지진희,배우,10070224,남자
,20158481,퇴마: 무녀굴,김성균,배우,20127194,남자
,20141060,쓰리 썸머 나잇,김동욱,배우,10003967,남자
,20156553,비밀,성동일,배우,10035832,남자
,20151782,지금은맞고그때는틀리다,정재영,배우,10062184,남자
,20144442,조선마술사,유승호,배우,10053782,남자
,20156441,최강전사 미니특공대 : 새로운 악당의 습격,엄상현,배우,10047326,남자
,20156321,약장수,김인권,배우,10005410,남자
,20149264,춘희막이,김춘희,배우,20190130,여자
,20157587,파울볼,김성근,배우,20207146,남자
,20156281,성실한 나라의 앨리스,이정현,배우,20159352,여자
,20147803,한여름의 판타지아,김새벽,배우,20126450,여자
,20141598,타이밍,엄상현,배우,10047326,남자
,20157986,검은손,김성수,배우,10004594,남자
,20143502,어떤살인,윤소이,배우,10054355,여자
,20151582,태양을 쏴라 무삭제판,강지환,배우,10000877,남자
,20140241,고녀석 맛나겠다2 : 함께라서 행복해,엄상현,배우,10047326,남자
팬트하우스녀1,20150025,내부자들: 디 오리지널,신지수,배우,20231126,여자
해림,20159161,마돈나,서영희,배우,10035492,여자
한지순,20147130,타투,송일국,배우,10037179,남자
레이든,20153422,제 7기사단,클라이브 오웬,배우,10078252,남자
재화,20135264,돼지 같은 여자,황정음,배우,10090300,여자
,20141702,위로공단,강명자,배우,20213846,여자
전우치,20153801,"안녕, 전우치! 도술로봇대결전",김율,배우,10005311,여자
유예은,20153311,기적의 피아노,유예은,배우,20214266,여자
자영,20158701,세상끝의 사랑,한은정,배우,10087693,여자
,20157431,명량: 회오리 바다를 향하여,김한민,배우,10006204,남자
,20141612,꿈보다 해몽,유준상,배우,10053981,남자
엔지(목소리),20154323,슈퍼레이서 엔지,손무성,배우,20217146,남자
2-4 최성호 학생 아버지,20156047,나쁜 나라,최경덕,배우,20228869,남자
환,20141002,앨리스: 원더랜드에서 온 소년,홍종현,배우,20112211,남자
,20140190,사랑이 이긴다,최정원,배우,20190096,여자
,20134800,그라운드의 이방인,김근,배우,20190132,남자
김윤경 며느리 역 ,20158951,순교,임미선,배우,20230661,여자
정철,20148449,산다,박정범,배우,10029163,남자
,20148982,반짝이는 박수 소리,이상국,배우,20209247,남자
CAST,20141705,마이 페어 웨딩,김조광수,배우,10005655,남자
,20141608,거짓말,김꽃비,배우,10003756,여자
,20158682,꾸루꾸루와 친구들: 무지개 나무의 비밀,서유리,배우,20195167,여자
현배,20127568,세계일주,김정태,배우,10005617,남자
,20145202,생각보다 맑은,엄상현,배우,10047326,남자
,20148685,조류인간,김정팔,배우,20160378,남자
,20133803,망원동 인공위성,송호준,배우,20220936,남자
,20143717,오늘영화,정연주,배우,20169400,여자
,20144601,고양이 장례식,강인,배우,10005001,남자
,20141610,영도,태인호,배우,20127332,남자
,20149298,어우동: 주인 없는 꽃,백도빈,배우,10030280,남자
,20153307,어떤이의 꿈,김동완,배우,10003957,남자
상우,20124398,설해,박해진,배우,20126329,남자
여행자 ,20148631,미라클 여행기,최미라,배우,20188866,여자
,20142403,늙은 자전거,최종원,배우,10072722,남자
,20152064,필름시대사랑,박해일,배우,10029474,남자
,20163218,위선자들: 감독판,권민중,배우,10002374,여자
,20144422,아일랜드 - 시간을 훔치는 섬,오지호,배우,10050782,남자
길호,20130260,션샤인 러브,오정세,배우,10050734,남자
,20141613,살인재능,김범준,배우,20140984,남자
,20136000,레드 툼,김원규,배우,20229669,남자
,20149259,막걸스,홍아름,배우,20133993,여자
,20141583,그들이 죽었다,김상석,배우,10004413,남자
시완,20158795,해에게서 소년에게,신연우,배우,20219446,남자
,20132801,파스카,김소희,배우,20113355,여자
,20152368,인 허 플레이스,윤다경,배우,10054226,여자
,20143252,개: dog eat dog,김선빈,배우,10004518,남자
수향,20141611,들꽃,조수향,배우,20217026,여자
,20133667,폴라로이드,양범,배우,20179007,남자
,20159002,서태지밴드 콘서트투어 '콰이어트나이트',서태지,배우,10035656,남자
연,20125648,코인라커,손여은,배우,20127929,여자
설지,20156353,설지,다나,배우,20213206,여자
출연,20143726,명령불복종 교사,최혜원,배우,10072903,여자
,20158504,맛있는 택배,송기준,배우,20208747,남자
부인 역할,20152182,무서운 집,구윤희,배우,20212583,여자
내레이션,20138314,후쿠시마의 미래,김미화,배우,20208086,여자
한병도,20150941,악인은 살아 있다,박병은,배우,10028660,남자
,20125246,부곡 하와이,박명신,배우,10028600,여자
,20140191,플랑크 상수,김재욱,배우,10005508,남자
,20149299,파일 : 4022일의 사육,이종혁,배우,10057411,남자
,20152265,성난 화가 - 무삭제판,유준상,배우,10053981,남자
수연,20155042,젊은 처제,고원,배우,10001707,여자
해강,20148634,디렉터스 컷,박정표,배우,20209606,남자
,20156709,맛있는 비행,손덕기,배우,20217667,남자
퀵,20159686,색끈한 퓨전사극 심청야사,박성현,배우,20205826,남자
,20158385,착한 처제,강성필,배우,10000693,남자
,20155926,몽골리안 프린세스,정단우,배우,20120321,남자
,20161904,용주골-무삭제판,민도윤,배우,20223067,남자
,20101244,자가당착: 시대정신과 현실참여,정아영,배우,20113322,여자
,20159224,혜경궁 홍씨,김소희,배우,20113355,여자
,20143753,비치하트애솔,권현상,배우,20115762,남자
,20158463,포장마차-무삭제판,이채담,배우,20216887,여자
,20156870,새폴더2,윤설희,배우,10054331,여자
,20157155,고시원,김승민,배우,20221146,남자
,20150921,미션스쿨,이바울,배우,20126226,남자
,20153313,이바라키의 여름,김가나,배우,20229604,여자
,20113634,덫: 치명적인 유혹,유하준,배우,10054122,남자
숙경,20150604,애인,문주연,배우,20199988,여자
,20151801,미궁: 비밀애 무삭제 특별판,김민기,배우,10004180,남자
,20161882,유부녀들(무삭제),김소현,배우,20215546,여자
,20162901,내 친구의 아내 (무삭제),정태민,배우,20160204,남자
진희,20165441,나도 때론 포르노그라피의 주인공이고 싶다 : 감독판,한지은,배우,20238886,여자
,20158203,친구엄마,김영삼,배우,20221226,남자
,20148843,스피드,서준영,배우,10035605,남자
,20155744,꽃보다 처녀귀신,안재민,배우,20204727,남자
첸,20147929,메이드 인 차이나,박기웅,배우,10028507,남자
,20149491,기화,홍희용,배우,10089943,남자
,20156564,부산행,공유,배우,10001901,남자
변재욱,20145507,검사외전,황정민,배우,10090290,남자
,20159646,밀정,송강호,배우,10037018,남자
,20154910,터널,하정우,배우,10087253,남자
남기성 아들,20156250,인천상륙작전,김정철,배우,20276429,남자
,20153444,럭키,유해진,배우,10054128,남자
종구,20140194,곡성,곽도원,배우,20127192,남자
덕혜옹주,20150979,덕혜옹주,손예진,배우,10036883,여자
진회장,20161725,마스터,이병헌,배우,10055626,남자
,20144641,판도라,김남길,배우,10003788,남자
아가씨,20167301,아가씨(확장판),김민희,배우,10004236,여자
,20171164,"귀향, 끝나지 않은 이야기",박지희,배우,20248770,여자
,20154661,형,조정석,배우,20121022,남자
한도경,20153443,아수라,정우성,배우,10062025,남자
주연,20150972,굿바이 싱글,김혜수,배우,10006380,여자
김인홍,20159644,봉이 김선달,유승호,배우,10053782,남자
홍길동,20142406,탐정 홍길동: 사라진 마을,이제훈,배우,10057349,남자
최필재,20159645,특별수사: 사형수의 편지,김명민,배우,10004060,남자
윤정/소은,20142621,시간이탈자,임수정,배우,10058646,여자
윤동주,20158482,동주,강하늘,배우,20111688,남자
다은,20153741,미씽: 사라진 여자,서하늬,배우,20268129,여자
,20152371,"당신, 거기 있어줄래요",김윤석,배우,10005276,남자
일환,20158483,오빠생각,김현빈,배우,20304870,남자
강수아,20152782,"날, 보러와요",강예원,배우,20066563,여자
금위군3,20159648,"고산자, 대동여지도",김율호,배우,20278549,남자
,20150977,좋아해줘,이미연,배우,20111397,여자
철종,20163521,스플릿,유지태,배우,10054008,남자
리지원,20150968,국가대표 2,수애,배우,10037539,여자
,20068576,그날의 분위기,김정희,배우,20242106,여자
문기성,20154906,사냥,안성기,배우,10043371,남자
희주,20145396,널 기다리며,심은경,배우,10040874,여자
성민,20154905,가려진 시간,강동원,배우,10000558,남자
정소율,20145506,해어화,한효주,배우,10087820,여자
,20156559,계춘할망,윤여정,배우,10054391,여자
해관,20157466,"로봇, 소리",이성민,배우,20110148,남자
연석원,20142641,나를 잊지 말아요,정우성,배우,10062025,남자
고환,20159641,위대한 소원,류덕환,배우,10019043,남자
,20150564,혼숨,류덕환,배우,10019043,남자
,20162704,극장판 안녕 자두야,여민정,배우,20234807,여자
연홍 ,20140704,비밀은 없다,손예진,배우,10036883,여자
,20151021,순정,도경수,배우,20209526,남자
,20145502,남과 여,전도연,배우,10061252,여자
,20170247,"무현, 두 도시 이야기 : 파이널 컷",노무현,배우,10008060,남자
,20159643,글로리데이,지수,배우,20197528,남자
장성필,20150902,대배우,오달수,배우,10050151,남자
현주리 목소리 ,20166541,달빛궁궐,김서영,배우,10004461,여자
,20148460,서울역,류승룡,배우,10019065,남자
,20163041,자백,최승호,배우,20235206,남자
,20161589,죽여주는 여자,윤여정,배우,10054391,여자
,20159657,최강전사 미니특공대: 영웅의 탄생,엄상현,배우,10047326,남자
,20158242,무서운 이야기 3 : 화성에서 온 소녀,임슬옹,배우,20110341,남자
,20151022,걷기왕,심은경,배우,10040874,여자
,20162381,일사각오,이지형,배우,20233826,남자
샘 목소리,20165961,슈퍼 프렌즈,변현우,배우,10090985,남자
,20162461,다이노X 탐험대,정준하,배우,10062239,남자
,20143509,엽기적인 그녀 2,차태현,배우,10071209,남자
번개맨,20150903,번개맨,정현진,배우,20216268,남자
,20150901,올레,신하균,배우,10040665,남자
,20160472,두 남자,마동석,배우,10021341,남자
호수괴물,20162431,극장판 프랭키와 친구들: 생명의 나무,박정오,배우,20134495,남자
,20167867,그물,류승범,배우,10019067,남자
,20165042,빅뱅 메이드,권지용,배우,10069845,남자
내레이션,20161603,순종,최강희,배우,10072075,여자
김승주,20152370,잡아야 산다,김승우,배우,10004823,남자
선,20153450,우리들,최수인,배우,20213906,여자
,20155223,목숨 건 연애,하지원,배우,10087280,여자
미경,20150970,범죄의 여왕,박지영,배우,20110875,여자
,20145182,4등,박해준,배우,20161741,남자
,20158982,트릭,이정진,배우,10057320,남자
,20165981,파워배틀 와치카 미니카 배틀리그: 불꽃의 질주,엄상현,배우,10047326,남자
,20162022,대결,이주승,배우,10057434,남자
,20166127,그랜드파더,박근형,배우,10028490,남자
장학수,20160041,인천상륙작전 : 익스텐디드 에디션(확장판),이정재,배우,10057315,남자
,20163098,카이: 거울 호수의 전설,김영은,배우,20238067,여자
윤주,20159286,연애담,이상희,배우,20147107,여자
,20161722,히야,안보현,배우,20232067,남자
이혜리,20144441,섬. 사라진 사람들,박효주,배우,10029573,여자
세준,20152746,커터,최태준,배우,20133843,남자
,20169730,당신자신과 당신의 것,김주혁,배우,10005749,남자
신유화 중위 ,20152541,무수단,이지아,배우,10057553,여자
,20133071,브링 홈: 아버지의 땅,텐진 릭돌,배우,10081174,남자
,20162541,춘몽,한예리,배우,20090447,여자
최가인,20157441,멜리스,홍수아,배우,10089613,여자
강민구,20155301,두 번째 스물,김승우,배우,10004823,남자
,20162608,나의 살던 고향은,김용옥,배우,10005129,남자
,20164527,부릉! 부릉! 브루미즈: 스피더의 모험 일기,양정화,배우,20162319,여자
,20161694,"제자도 - 제자,옥한흠2",권오중,배우,10002465,남자
,20142706,시소,이동우,배우,20166980,남자
,20152369,나홀로 휴가,박혁권,배우,10029480,남자
나레이션,20162969,물숨,고희영,배우,20193079,여자
수현,20155388,초인,채서진,배우,20233666,여자
,20155390,양치기들,박종환,배우,20112032,남자
마리아,20158822,설행_눈길을 걷다,박소담,배우,20209686,여자
,20157064,커튼콜,장현성,배우,10060624,남자
엄마,20158824,프랑스 영화처럼,이영란,배우,10056645,여자
,20158359,할머니의 먼 집,박삼순,배우,20243930,여자
故 박성빈 양 아버지 ,20152402,업사이드 다운,박영우,배우,20248319,남자
,20141589,철원기행,문창길,배우,10026821,남자
,20159447,레나,박기림,배우,20227826,여자
승우,20158821,삼례,이선호,배우,20127460,남자
,20154803,우리 연애의 이력,전혜빈,배우,10061532,여자
상호,20142401,파리의 한국남자,조재현,배우,10066929,남자
재연대역,20156498,독도의 영웅들,김승헌,배우,20267635,남자
,20155391,스틸 플라워,정하담,배우,20217006,여자
지수,20150845,우리에게 떡볶이를 먹을 권리가 있다,박지수,배우,20248695,여자
,20161701,위켄즈,고동민,배우,20270569,남자
성우주,20162242,우주의 크리스마스,김지수,배우,10005820,여자
출연,20158161,소꿉놀이,서지은,배우,20146283,여자
,20163011,우리 손자 베스트,구교환,배우,20166705,남자
장효,20141591,한강블루스,봉만대,배우,10031639,남자
,20150258,홀리워킹데이,곽주현,배우,20263949,여자
윤석,20159772,수색역,맹세창,배우,10025537,남자
,20149258,작은 형,전석호,배우,20178087,남자
,20160761,돈 맛,이은미,배우,20069003,여자
,20155385,흔들리는 물결,심희섭,배우,20153620,남자
인성,20155335,두 개의 연애,김재욱,배우,10005508,남자
이재원,20161409,치킨게임,곽시양,배우,20187987,남자
,20161961,나는 증인이다,양미,배우,10089666,여자
,20140256,딜쿠샤,길용우,배우,10003464,남자
여자,20161806,비치온더비치,정가영,배우,20237286,여자
,20153316,블랙가스펠2: 소울을 찾는 여정가운데 만난 사람들,양동근,배우,10046888,남자
,20164697,하숙집 2 (무삭제),정넘쳐,배우,20208866,남자
시발놈1,20152105,"시발, 놈: 인류의 시작",손이용,배우,20190039,남자
,20154428,야근 대신 뜨개질,김민수,배우,20267615,남자
내레이션,20142221,경계,문정현,배우,10026800,남자
나비,20166128,어떻게 헤어질까,서준영,배우,10035605,남자
정은경,20158744,짐작보다 따뜻하게,이선,배우,10055966,여자
태익,20159627,사돈의 팔촌,장인섭,배우,20232726,남자
,20140723,달에 부는 바람,김예지,배우,20195668,여자
이섭,20158742,울보,장유상,배우,20189669,남자
수민,20155387,혼자,이주원,배우,20217606,남자
,20158743,눈이라도 내렸으면,강성국,배우,20236706,남자
,20165164,러브레따,예수정,배우,10049950,여자
내레이션,20162684,탐욕의 별,김의성,배우,10005383,남자
태성,20162546,워킹 스트리트,백성현,배우,10030307,남자
,20167102,휴가,고원,배우,10001707,여자
,20162970,폭력의 법칙: 나쁜 피 두 번째 이야기,김영무,배우,10004967,남자
,20166912,개인교수: 심화학습 (무삭제),허예창,배우,20214447,남자
승구,20166652,동거의 목적(무삭제판),제동화,배우,20234386,남자
,20162145,청춘학당2 기생난입야사,전현수,배우,20218390,남자
민아,20151224,하프,안용준,배우,20231106,남자
,20126669,엘 꼰도르 빠사,강예원,배우,20066563,여자
,20150982,"금지된 섹스, 달콤한 복수",송은채,배우,20190162,여자
,20161584,야한 누나들,이채담,배우,20216887,여자
,20162005,맛있는 만남,차주현,배우,20233586,여자
,20162004,야한밤 심야극장,이채담,배우,20216887,여자
,20166867,뜨거운 이웃 무삭제 감독판,이채담,배우,20216887,여자
,20158745,고백할 수 없는,배성우,배우,20136191,남자
,20153863,그빨로,서하,배우,20214466,여자
,20162581,"연애의 발동 : 상해 여자, 부산 남자",지진희,배우,10070224,남자
,20156188,블랙스톤,원태희,배우,20113882,남자
,20149496,일어서는 인간,허지원,배우,20234406,남자
,20151063,깡치,손우혁,배우,20227991,남자
인애,20158019,미스터 쿠퍼,이유영,배우,20189016,여자
,20153803,배짱이들,이인세,배우,20214367,남자
,20120111,기억의 소리,정충구,배우,20253059,남자
효주,20151181,여교사,김하늘,배우,20295875,여자
이형,20150966,사랑하기 때문에,차태현,배우,10071209,남자
,20165144,걱정말아요,정지순,배우,20160042,남자
,20145486,소시민,한수현,배우,10087533,남자
,20158526,문영 단편,김태리,배우,20201026,여자
,20163014,7년-그들이 없는 언론,강지웅,배우,20268189,남자
나찬 목소리,20163845,터닝메카드W: 블랙미러의 부활,소연,배우,20110808,여자
박태수,20151229,더 킹,조인성,배우,10066899,남자
,20151228,공조,현빈,배우,10088975,남자
수완,20157631,다른 길이 있다,김재욱,배우,10005508,남자
,20153303,다방의 푸른 꿈,김정구,배우,20300662,남자
본인,20154342,뚜르: 내 생애 최고의 49일,이윤혁,배우,20290353,남자
봉고차 남자,20179694,맛있는 워킹걸,백지훈,배우,20287412,남자
,20163019,장기왕 : 가락시장 레볼루션,정두원,배우,10061686,남자
권유,20150964,조작된 도시,지창욱,배우,20187851,남자
,20161366,"그래, 가족",이요원,배우,10056792,여자
,20166421,재심,정우,배우,10062023,남자
레이디버그,20168668,레이디버그,여민정,배우,20234807,여자
최대호,20156562,루시드 드림,고수,배우,10001656,남자
고객1,20161723,싱글라이더,진남수,배우,10070433,남자
,20150753,눈발,진영,배우,20286647,남자
,20166422,커피 메이트,윤진서,배우,10054538,여자
최종분,20158799,눈길,김영옥,배우,20220846,여자
승훈,20150971,해빙,조진웅,배우,10067353,남자
,20155381,녹화중이야,최현우,배우,20274149,남자
오인숙,20154802,아티스트: 다시 태어나다,류현경,배우,10019138,여자
,20182889,왕을 참하라 무삭제판,강연정,배우,20113282,여자
,20167905,비정규직 특수요원,강예원,배우,20066563,여자
두목/영환도수,20172601,만담강호,정지혁,배우,20274749,남자
,20179442,밤의 해변에서 혼자,김민희,배우,10004236,여자
,20167902,보통사람,손현주,배우,20111125,남자
정익호,20162181,프리즌,한석규,배우,10087518,남자
민재,20151230,원라인,임시완,배우,20171222,남자
,20169603,콜리션,이승준,배우,20199239,남자
,20161923,시간위의 집,김윤진,배우,10005297,여자
강수,20167901,어느날,김남길,배우,10003788,남자
,20172863,원스텝,박산다라,배우,20169728,여자
,20172381,"다시, 벚꽃",장범준,배우,20274649,남자
,20151227,아빠는 딸,윤제문,배우,10054493,남자
,20174164,지렁이,김정균,배우,10005548,남자
,20172641,마리안느와 마가렛,마리안느 스퇴거,배우,10022075,여자
본인,20174561,더 플랜,김어준,배우,20294287,남자
,20173301,"서서평, 천천히 평온하게",윤안나,배우,20276709,여자
,20162871,특별시민,최민식,배우,10072251,남자
예종,20161726,임금님의 사건수첩,이선균,배우,10055970,남자
,20174165,극장판 또봇: 로봇군단의 습격,하룡이,배우,20276569,남자
,20173061,슈퍼 빼꼼: 스파이 대작전,김태균,배우,20184302,남자
대호,20162722,보안관,이성민,배우,20110148,남자
법정 방청객,20156708,석조저택 살인사건,황인아,배우,20303249,여자
,20167148,"컴, 투게더",이혜은,배우,10058195,여자
,20174644,길,김혜자,배우,10006390,여자
,20164844,불한당: 나쁜 놈들의 세상,설경구,배우,10035772,남자
호빈,20167829,마차 타고 고래고래,조한선,배우,10067415,남자
,20164041,고려 아리랑: 천산의 디바,방 타마라,배우,10079136,여자
,20175021,쇠파리,김진우,배우,20162264,남자
,20174602,노무현입니다,노무현,배우,10008060,남자
소현,20160483,꿈의 제인,이민지,배우,20111089,여자
,20169348,대립군,이정재,배우,10057315,남자
수호,20170941,우리들의 일기,윤성모,배우,20196672,남자
지노(블루윌) 목소리,20175581,파워배틀 와치카: 와치가면의 역습,엄상현,배우,10047326,남자
,20176041,바람의 춤꾼,이삼헌,배우,20277571,남자
강일록,20162972,델타 보이즈,백승환,배우,20277829,남자
내래이션,20175601,나는 고양이로소이다,강민혁,배우,10000622,남자
용순,20168041,용순,이수경,배우,20195643,여자
숙희,20162343,악녀,김옥빈,배우,10005064,여자
,20177223,청춘 합창단 - 또 하나의 꿈,김태원,배우,10006125,남자
성욱,20149571,중독노래방,이문식,배우,10055401,남자
준영,20166384,하루,김명민,배우,10004060,남자
,20176766,어떤 하루,최수인,배우,20213906,여자
,20174243,직지코드,김민웅,배우,20278690,남자
장태영,20159647,리얼,김수현,배우,20140440,남자
,20178982,박열,이제훈,배우,10057349,남자
출연,20162971,노후 대책 없다,정진용,배우,20288035,남자
,20164643,재꽃,정하담,배우,20217006,여자
,20176102,그 후,권해효,배우,10002548,남자
,20178127,비스티걸스 감독판,고은아,배우,10001724,여자
아연,20162802,덫 무삭제판,이유진,배우,10056941,여자
,20160746,파밍 보이즈,권두현,배우,20291255,남자
,20177063,군함도 감독판,황정민,배우,10090290,남자
,20179323,포크레인,엄태웅,배우,10047367,남자
광주 간호사,20162869,택시운전사,이수민,배우,20289646,여자
,20164859,여자들,최시형,배우,10054143,남자
,20162442,청년경찰,박서준,배우,20211007,남자
,20179187,공범자들,이명박,배우,20281409,남자
,20151003,장산범,염정아,배우,10049852,여자
국정원 요원들,20164174,브이아이피,강소백,배우,20294389,남자
,20155483,그럼에도 불구하고,배남식,배우,20280593,남자
,20170163,밤섬해적단 서울불바다,권용만,배우,20203423,남자
,20165001,더 테이블,정유미,배우,10062071,여자
,20166132,김광석,김광석,배우,20280629,남자
,20179407,로마의 휴일,임창정,배우,10058849,남자
소년 목소리,20170003,소나기,노강민,배우,20129450,남자
병수,20154909,살인자의 기억법,설경구,배우,10035772,남자
,20169270,안녕 히어로,김현우,배우,20281129,남자
,20171923,저수지 게임,주진우,배우,20281429,남자
,20163842,사월의 끝,박지수,배우,20167120,여자
상훈,20173826,구세주: 리턴즈,최성국,배우,10072338,남자
문소리,20172642,여배우는 오늘도,문소리,배우,10026732,여자
,20178941,시인의 사랑,양익준,배우,10047036,남자
,20172964,이웃집 스타,한채영,배우,10087779,여자
,20174142,아이 캔 스피크,나문희,배우,10006877,여자
,20160503,분장,안성민,배우,20281169,남자
,20178647,땐뽀걸즈,이규호,배우,20281230,남자
설리 목소리,20171817,넛잡 2,윌 아넷,배우,10052972,남자
최명길,20165450,남한산성,이병헌,배우,10055626,남자
마석도,20172742,범죄도시,마동석,배우,10021341,남자
,20154907,희생부활자,김래원,배우,10004028,남자
,20172963,착한 형수 2 무삭제,이채담,배우,20216887,여자
임수련,20174641,가을 우체국,보아,배우,20131537,여자
김창수 ,20164424,대장 김창수,조진웅,배우,10067353,남자
재연 ,20164481,유리정원,문근영,배우,10026674,여자
전상범,20173965,그리다,서준영,배우,10035605,남자
출연,20174645,미스 프레지던트,박정희,배우,20291218,남자
,20175208,뷰티풀 투모로우,박효신,배우,10029571,남자
출연,20178461,내 친구 정일우,박문수,배우,20291062,남자
,20175484,살인자의 기억법 : 새로운 기억,설경구,배우,10035772,남자
,20174301,폭력의 씨앗,이가섭,배우,20283729,남자
,20172404,올드마린보이,박명호,배우,20282829,남자
김봉용,20177342,내게 남은 사랑을,성지루,배우,10035882,남자
,20173612,메소드,박성웅,배우,10028773,남자
,20169643,침묵,최민식,배우,10072251,남자
석봉,20172603,부라더,마동석,배우,10021341,남자
,20170386,해피뻐스데이,서갑숙,배우,10035325,여자
여자 ,20155324,소통과 거짓말,장선,배우,20217608,여자
,20174983,고향이 어디세요,김금단,배우,20300618,여자
애순,20175441,채비,고두심,배우,10001486,여자
,20161681,미옥,김혜수,배우,10006380,여자
,20168754,7호실,신하균,배우,10040665,남자
,20175047,아이엠 호프맨,임만호,배우,20285369,남자
안기섭,20173932,로마서 8:37,이현호,배우,10058133,남자
,20165748,꾼,현빈,배우,10088975,남자
,20177845,지워야 산다,허정민,배우,10088437,여자
,20174643,국정교과서 516일 : 끝나지 않은 역사전쟁,한홍구,배우,20284549,남자
,20176061,푸른노을,박인환,배우,10029093,남자
,20160522,아기와 나,이이경,배우,20124322,남자
,20173903,역모-반란의 시대,정해인,배우,20219146,남자
심덕수,20161762,반드시 잡는다,백윤식,배우,10030351,남자
,20173581,기억의 밤,강하늘,배우,20111688,남자
영일,20162986,프레스,진용욱,배우,10070602,남자
,20174199,실종2,함은정,배우,10087924,여자
,20163906,아들에게 가는 길,김은주,배우,20197008,여자
,20174663,돌아온다,김유석,배우,10005239,남자
,20174601,초행,김새벽,배우,20126450,여자
도윤,20170272,산상수훈,백서빈,배우,20136860,남자
뽀로로 목소리 ,20174846,뽀로로 극장판 공룡섬 대모험,이선,배우,10055966,여자
반만호,20166762,빈센트,홍경인,배우,10089395,남자
련희,20170442,련희와 연희,이상희,배우,20291971,여자
,20160465,메리 크리스마스 미스터 모,기주봉,배우,10003307,남자
,20170402,강철비,정우성,배우,10062025,남자
강림,20150976,신과함께-죄와 벌,하정우,배우,10087253,남자
,20170590,1987,김윤석,배우,10005276,남자
,20160477,나의 연기 워크샵,김소희,배우,20113355,여자
,20176769,광인옥한흠,옥한흠,배우,20246409,남자
박성두,20161724,스타박'스 다방,백성현,배우,10030307,남자
태성,20175830,돌아와요 부산항애(愛),성훈,배우,10035906,남자
,20174323,B급 며느리,김진영,배우,20293129,여자
김조하,20176104,그것만이 내 세상,이병헌,배우,10055626,남자
,20158358,파란입이 달린 얼굴,장리우,배우,10060144,여자
,20189525,젝스키스 에이틴,은지원,배우,10054654,남자
,20175930,피의 연대기,여경주,배우,20287912,여자
,20177473,비밥바룰라,박인환,배우,10029093,남자
,20168161,1급기밀,김상경,배우,10004396,남자
,20179163,반도에 살어리랏다,이승행,배우,20294756,남자
윤정,20166083,천화,이일화,배우,10057104,여자
,20180321,기생-꽃의 고백,장금도,배우,20299733,여자
,20169443,공동정범,이충연,배우,20314753,남자
채미희,20160484,누에치던 방,이상희,배우,20147107,여자
신석헌,20168323,염력,류승룡,배우,10019065,남자
,20168593,퍼스트 스텝,김성민,배우,20300830,남자
나찬 목소리,20189761,터닝메카드W: 반다인의 비밀 특별판,소연,배우,20190907,여자
,20179205,조선명탐정: 흡혈괴마의 비밀,김명민,배우,10004060,남자
리액션 청중,20176121,흥부: 글로 세상을 바꾼 자,김규백,배우,20302629,남자
건우,20168250,골든슬럼버,강동원,배우,10000558,남자
성민 아내,20179603,숲속의 부부,황금희,배우,20176563,여자
정우,20179263,게스트하우스,김성제,배우,20301110,남자
,20179039,퍼즐,지승현,배우,20144380,남자
,20180063,라라,정채연,배우,20299149,여자
,20162361,환절기,배종옥,배우,10030226,여자
,20189663,게이트,정려원,배우,10061694,여자
송화옹주,20150969,궁합,심은경,배우,10040874,여자
,20170841,리틀 포레스트,김태리,배우,20201026,여자
,20141708,우리는 썰매를 탄다,정승환,배우,20322859,남자
,20178781,사라진 밤,김상경,배우,10004396,남자
,20181741,예스 평창!,박용성,배우,20302349,남자
,20170422,바나나쏭의 기적,김재창,배우,20110329,남자
재영,20165444,괴물들,이원근,배우,20162795,남자
,20172244,치즈인더트랩,박해진,배우,20126329,남자
우진,20170669,지금 만나러 갑니다,소지섭,배우,10036685,남자
박영호,20177245,일진,이승용,배우,20299151,남자
애란,20164389,엄마의 공책,이주실,배우,10057435,여자
태식,20173995,타클라마칸,조성하,배우,10065946,남자
,20162983,운동회,양지웅,배우,10047087,남자
볼트 목소리,20181366,미니특공대X,엄상현,배우,10047326,남자
미소,20173962,소공녀,이솜,배우,20110323,여자
최현수,20154908,7년의 밤,류승룡,배우,10019065,남자
하준,20180804,곤지암,위하준,배우,20301569,남자
번개맨,20182021,번개맨과 신비의 섬,서홍석,배우,20302511,남자
,20181561,덕구,이순재,배우,10056199,남자
석근,20153447,바람 바람 바람,이성민,배우,20110148,남자
,20182781,아버지를 찾아서,강병호,배우,20303150,남자
,20155382,눈꺼풀,문석범,배우,10026707,남자
,20174010,호랑이보다 무서운 겨울손님,고현정,배우,10001825,여자
,20182221,스파키,제시카 비엘,배우,10063343,여자
,20165045,머니백,김무열,배우,10004099,남자
내레이션,20182352,"그날, 바다",정우성,배우,10062025,남자
,20177934,원죄,김산옥,배우,20290529,여자
환자4 역,20175046,파파 오랑후탄,김수연,배우,20319872,여자
,20174265,수성못,이세영,배우,10056083,여자
내레이션,20181603,무문관,김명수,배우,20303191,남자
효진 ,20177962,당신의 부탁,임수정,배우,10058646,여자
,20177266,나를 기억해,이유영,배우,20189016,여자
,20176101,클레어의 카메라,이자벨 위페르,배우,10057136,여자
순태,20167007,살인소설,지현우,배우,10070252,남자
유정,20131181,다시..올래,이채은,배우,10057698,여자
,20189783,챔피언,마동석,배우,10021341,남자
귀보 체육관 남자 회원,20177005,레슬러,한도진,배우,20329432,남자
내레이션,20176025,해원,김현선,배우,10006262,여자
희수,20182323,임을 위한 행진곡,김꽃비,배우,10003756,여자
준한,20161568,마중: 커피숍 난동 수다 사건,김준한,배우,20212660,남자
,20183381,5.18 힌츠페터 스토리,위르겐 힌츠페터,배우,10083208,남자
,20173202,버닝,유아인,배우,10053802,남자
,20165181,아웃도어 비긴즈,조덕제,배우,20111862,남자
원호,20179383,독전,조진웅,배우,10067353,남자
,20183502,다이빙벨 그후,이용관,배우,10056797,남자
,20183423,오목소녀,박세완,배우,20304929,여자
,20183384,서산개척단,정영철,배우,20304709,남자
,20172602,홈,이효제,배우,20217767,남자
,20173865,데자뷰,남규리,배우,10007498,여자
,20184981,남자와 여자,이상현,배우,20195572,남자
용득,20179421,참외향기,지대한,배우,10069842,남자
강대만,20178161,탐정: 리턴즈,권상우,배우,10002387,남자
미래 / 게임세계 - 다크,20184101,여중생A,김환희,배우,20235266,여자
,20175527,더 펜션,조재윤,배우,10066926,남자
충길,20174647,튼튼이의 모험,김충길,배우,20277850,남자
문정숙 사장,20172469,허스토리,김희애,배우,10006537,여자
자윤,20185341,마녀,김다미,배우,20302909,여자
,20174225,메멘토모리,황승언,배우,10090163,여자
선미,20175865,너와 극장에서,김예은,배우,20196769,여자
아디다스남,20189802,나와 봄날의 약속,김성균,배우,20127194,남자
,20185484,안나 카레니나,에카테리나 구세바,배우,10053440,여자
학수,20174369,변산,박정민,배우,20110693,남자
순식,20177534,식구,신정근,배우,10040580,남자
,20180282,속닥속닥,소주연,배우,20299549,여자
,20188042,독전: 익스텐디드 컷,조진웅,배우,10067353,남자
민수,20180803,행복의 나라,지용석,배우,20120069,남자
박화영 ,20171681,박화영,김가희,배우,20273689,여자
작스톰 목소리,20187682,해적왕 작스톰,엄상현,배우,10047326,남자
신비 목소리,20185242,신비아파트: 금빛 도깨비와 비밀의 동굴,조현정,배우,10067448,여자
임중경,20170942,인랑,강동원,배우,10000558,남자
차탄 목소리,20186501,극장판 헬로카봇 : 백악기 시대,이지현,배우,20237906,여자
,20186202,신과함께-인과 연,하정우,배우,10087253,남자
,20179101,공작,황정민,배우,10090290,남자
,20164048,22,박차순,배우,20308449,여자
오장군,20181570,오장군의 발톱,맹세창,배우,10025537,남자
상훈,20170670,목격자,이성민,배우,20110148,남자
,20174348,소성리,도금연,배우,20308409,여자
,20153446,너의 결혼식,박보영,배우,10028667,여자
,20181821,어른도감,엄태구,배우,20111842,남자
선거사무실직원4,20177537,상류사회,신현숙,배우,20315024,여자
,20188501,미친도시,한태일,배우,10087795,남자
우주,20182065,대관람차,강두,배우,20302569,남자
성철,20173732,살아남은 아이,최무성,배우,10072210,남자
,20186646,딥,최여진,배우,10072456,여자
안감독,20179123,어둔 밤,송의성,배우,20308996,남자
,20175587,나비잠,나카야마 미호,배우,10007199,여자
장영탄,20078584,맞짱,최태환,배우,10072842,남자
윤겸,20156554,물괴,김명민,배우,10004060,남자
,20189122,양아치 느와르,김병철,배우,10004305,남자
,20182279,더 블랙,김중기,배우,10005801,남자
,20183401,봄이가도,유재명,배우,20152117,남자
영희,20173734,죄 많은 소녀,전여빈,배우,20279250,여자
민태구,20177308,협상,현빈,배우,10088975,남자
박재상,20172204,명당,조승우,배우,10066380,남자
용궁수,20176122,안시성,이태진,배우,20286031,남자
,20183386,나부야 나부야,이종수,배우,20309789,남자
뽀잉 목소리,20189746,극장판 뽀잉: 슈퍼 변신의 비밀,전태열,배우,20205026,남자
지현 역,20160504,"춘천, 춘천",우지현,배우,20238466,남자
,20167903,원더풀 고스트,마동석,배우,10021341,남자
김형민,20179189,암수살인,김윤석,배우,10005276,남자
,20186663,뷰티풀 뱀파이어,정연주,배우,20169400,여자
백상아,20189067,미쓰백,한지민,배우,10087751,여자
,20184678,배반의 장미,김인권,배우,10005410,남자
,20178180,동화,서영주,배우,20125821,남자
재윤,20178190,"이,기적인 남자",박호산,배우,20291569,남자
,20181142,늦여름,임원희,배우,10058708,남자
인터뷰이,20172388,집의 시간들,김기수,배우,20319595,남자
아름,20180401,풀잎들,김민희,배우,10004236,여자
,20174981,창궐,현빈,배우,10088975,남자
,20174283,"1991, 봄",강기훈,배우,20304150,남자
이송,20189281,폴란드로 간 아이들,이송,배우,20309509,여자
,20177538,완벽한 타인,유해진,배우,10054128,남자
여자,20177981,밤치기,정가영,배우,20237286,여자
역기철,20170513,동네사람들,마동석,배우,10021341,남자
,20181086,군산: 거위를 노래하다,박해일,배우,10029474,남자
비류,20179006,여곡성,홍예리,배우,20312140,여자
,20182935,출국,이범수,배우,10055581,남자
,20174008,인어전설,전혜빈,배우,10061532,여자
,20189869,해피 투게더,박성웅,배우,10028773,남자
,20183050,번 더 스테이지: 더 무비,김남준,배우,20311775,남자
엄마,20174442,뷰티풀 데이즈,이나영,배우,20111314,여자
하나,20187303,하나식당,최정원,배우,10072699,여자
영주,20177341,영주,김향기,배우,10006228,여자
,20184481,성난황소,마동석,배우,10021341,남자
,20183495,리스펙트,더 콰이엇,배우,20311933,남자
,20177552,국가부도의 날,김혜수,배우,10006380,여자
,20154762,천당의 밤과 안개,왕빙,배우,10051539,남자
봉선화 ,20165562,소녀의 세계,노정의,배우,20208707,여자
마두상,20174264,샘,최준영,배우,20311832,남자
리우 목소리,20183745,런닝맨 : 풀룰루의 역습,김서영,배우,10004461,여자
조경민,20179230,도어락,공효진,배우,10001919,여자
,20170001,아메리카 타운,김단율,배우,20245389,남자
,20183390,다영씨,신민재,배우,20277830,남자
김율,20182981,리벤져,브루스 칸,배우,20303289,남자
,20183650,번개맨의 비밀,서홍석,배우,20302511,남자
,20184529,트와이스랜드,나연,배우,10072145,여자
,20181876,"안녕, 나의 소녀 시절이여",쏘남 왕모 스칼닷,배우,10082178,여자
,20184642,어른이 되면,장혜정,배우,20322701,여자
,20175547,스윙키즈,도경수,배우,20209526,남자
이두삼,20168773,마약왕,송강호,배우,10037018,남자
,20174244,버블 패밀리,노해숙,배우,20312292,여자
점박이 목소리,20183785,점박이 한반도의 공룡2 : 새로운 낙원,박희순,배우,10029595,남자
에이헵,20170658,PMC: 더 벙커,하정우,배우,10087253,남자
오광,20196370,로드킬,이철민,배우,20111927,남자
,20174266,여수 밤바다,정형석,배우,20276669,남자
창희,20191591,동경,주종혁,배우,20328652,남자
진욱,20199023,걸작,최진욱,배우,20323798,남자
,20179346,방문객,정호,배우,20295593,남자
소년,20178203,뿔을 가진 소년,황성균,배우,20326392,남자
,20190804,나는 원래 대전에서 로맨틱 코미디를 찍으려고 했었다,이종철,배우,20324952,남자
,20173930,검은 여름,우지현,배우,20238466,남자
,20195963,창간호,정형석,배우,20276669,남자
,20148617,포항,고관재,배우,20111892,남자
,20181301,사범,강신철,배우,20326612,남자
소은,20176026,소은이의 무릎,박세은,배우,20325074,여자
은비,20198978,갈까부다,최은비,배우,20323793,여자
,20172464,앨리스 죽이기,신은미,배우,20328273,여자
,20180361,귀신의 향기,강경준,배우,10000488,남자
,20182325,타인은 지옥이다,최보윤,배우,20309072,여자
,20194044,공포체험단 곤지암편,위하준,배우,20301569,남자
해수,20181199,계절과 계절 사이,이영진,배우,10056688,여자
,20193017,발광하는 현대사,이상원,배우,20151292,남자
유진,20176006,국경의 왕,김새벽,배우,20126450,여자
문성,20183374,파도치는 땅,박정학,배우,10029193,남자
,20197441,재혼의 기술,임원희,배우,10058708,남자
,20186707,오늘도 위위,선우선,배우,10035745,여자
,20162140,려행,강유진,배우,20328632,여자
이철이,20193669,애월,이천희,배우,10057706,남자
,20183382,예수보다 낯선,조복래,배우,20203246,남자
,20183132,사랑의 선물,문영동,배우,10026760,남자
윤정애,20174042,히치하이크,노정의,배우,20208707,여자
,20193928,나의 노래는 멀리멀리,김지희,배우,20330232,여자
,20191302,우리 지금 만나,배유람,배우,20111834,남자
,20183343,메이트,심희섭,배우,20153620,남자
민경,20173993,이월,조민경,배우,20313372,여자
강혜정,20186645,밤의 문이 열린다,한해인,배우,20327412,여자
영준,20186652,오늘도 평화로운,손이용,배우,20190039,남자
,20189803,막다른 골목의 추억,최수영,배우,20133931,여자
,20183364,내가 사는 세상,곽민규,배우,20305349,남자
,20173991,얼굴들,박종환,배우,20112032,남자
,20189647,"동물, 원",김정호,배우,20331736,남자
박대표,20186651,뷰티풀 보이스,박호산,배우,20291569,남자
,20183345,한강에게,강진아,배우,20238069,여자
내레이션,20199346,우키시마호,안재모,배우,10043626,남자
이장호,20191744,노리개: 그녀의 눈물,마동석,배우,10021341,남자
,20183727,한낮의 피크닉,권해효,배우,10002548,남자
선희,20187301,선희와 슬기,정다은,배우,20304891,여자
,20183001,옹알스,조수원,배우,10066234,남자
현재,20198829,굿바이 썸머,정제원,배우,20323372,남자
나래,20191105,나만 없어 고양이,김소희,배우,20297949,여자
수민,20183085,질투의 역사,남규리,배우,10007498,여자
,20184961,에움길,이옥선,배우,20294149,여자
보희,20181198,보희와 녹양,안지호,배우,20318852,남자
자영,20180902,아워 바디,최희서,배우,10072221,여자
,20193828,북간도의 십자가,문동환,배우,20331733,남자
,20189649,시인 할매,김막동,배우,20313315,여자
영환,20188117,강변호텔,기주봉,배우,10003307,남자
멜로디 헤라 목소리,20193013,극장판 샤이닝스타:새로운 루나퀸의 탄생!,정혜원,배우,20232465,여자
김기채,20191783,열두 번째 용의자,김상경,배우,10004396,남자
수하 목소리,20192689,별의 정원,김연우,배우,20237947,여자
강기만,20191845,난폭한 기록,정두홍,배우,10061687,남자
,20183848,수상한 이웃,오지호,배우,10050782,남자
,20181104,김군,김군,배우,20325552,남자
,20190470,이타미 준의 바다,쿠마 켄고,배우,10084111,남자
내레이션,20190725,물의 기억,김명곤,배우,10004052,남자
,20198043,아픈 만큼 사랑한다,박누가,배우,20320292,남자
엘리,20193642,캐리tv 러브콘서트 더 무비,이성인,배우,20327415,여자
이리샤 목소리,20181096,마왕의 딸 이리샤,천우희,배우,20133966,여자
,20191141,시민 노무현,노무현,배우,10008060,남자
,20188083,뷰티플 마인드,심환,배우,20323808,남자
여윤영,20181168,메기,이주영,배우,20253250,여자
서영,20183407,버티고,천우희,배우,20133966,여자
,20196881,1919유관순-그녀들의조국,이새봄,배우,20319176,여자
,20185350,칠곡 가시나들,박금분,배우,20312895,여자
금반지 목소리,20194045,극장판 반지의 비밀일기,방연지,배우,20282609,여자
병구,20184243,판소리 복서,엄태구,배우,20111842,남자
,20198912,노무현과 바보들,노무현,배우,10008060,남자
,20185124,러브 유어셀프 인 서울,김남준,배우,20311775,남자
,20190703,우리집,김나연,배우,20327452,여자
은조,20188393,"다시, 봄",이청아,배우,10057730,여자
,20166301,썬키스 패밀리,박희순,배우,10029595,남자
,20188404,암전,서예지,배우,20207266,여자
,20198597,교회오빠,이관희,배우,20110987,남자
,20190741,김복동,김복동,배우,10004346,여자
소희,20188144,0.0MHz,정은지,배우,20182415,여자
조남봉,20197092,로망,이순재,배우,10056199,남자
은희,20181103,벌새,박지후,배우,20320946,여자
,20195791,"어쩌다, 결혼",김동욱,배우,10003967,남자
티라노,20182241,"안녕, 티라노: 영원히, 함께",시영준,배우,10040160,남자
,20166602,그대 이름은 장미,유호정,배우,20111253,여자
,20198982,크게 될 놈,김해숙,배우,10006221,여자
영우,20182501,왓칭,강예원,배우,20066563,여자
,20185986,진범,송새벽,배우,10037095,남자
,20193275,브링 더 소울 : 더 무비,김남준,배우,20311775,남자
뭉치 목소리,20186324,언더독,도경수,배우,20209526,남자
,20176442,자전차왕 엄복동,정지훈,배우,10062267,남자
,20184187,언니,이시영,배우,10056359,여자
,20182585,비스트,이성민,배우,20110148,남자
트리케라 목소리,20183915,극장판 공룡메카드: 타이니소어의 섬,김서영,배우,10004461,여자
현우,20185361,두번할까요,권상우,배우,10002387,남자
준걸,20174169,기묘한 가족,정재영,배우,10062184,남자
차탄 목소리,20185478,극장판 헬로카봇: 옴파로스 섬의 비밀,이지현,배우,20237906,여자
,20185353,기방도령,이준호,배우,20067653,남자
정엽,20199448,어린 의뢰인,이동휘,배우,20186095,남자
명회,20175407,우상,한석규,배우,10087518,남자
뽀로로 목소리,20198183,뽀로로 극장판 보물섬 대모험,이선,배우,10055966,여자
재판장 김준겸,20187981,배심원들,문소리,배우,10026732,여자
Snow White,20198323,레드슈즈,클로이 모레츠,배우,20112356,여자
차탄 / 모나 한국어 목소리,20193821,극장판 헬로카봇 : 달나라를 구해줘!,이지현,배우,20237906,여자
김지영,20191029,82년생 김지영,정유미,배우,10062071,여자
,20197846,악질경찰,이선균,배우,10055970,남자
이찬우,20194456,양자물리학,박해수,배우,20305129,남자
영주,20180825,미성년,염정아,배우,10049852,여자
덕호,20185985,광대들: 풍문조작단,조진웅,배우,10067353,남자
장세출,20198453,롱 리브 더 킹: 목포 영웅,김래원,배우,10004028,남자
세종대왕,20182490,나랏말싸미,송강호,배우,10037018,남자
철수 ,20187322,"힘을 내요, 미스터 리",차승원,배우,10071140,남자
유관순,20196601,항거:유관순 이야기,고아성,배우,10001670,여자
,20180868,뺑반,공효진,배우,10001919,여자
이명준 대위,20193601,장사리 : 잊혀진 영웅들,김명민,배우,10004060,남자
용후,20180442,사자,박서준,배우,20211007,남자
장수,20184483,퍼펙트맨,설경구,배우,10035772,남자
세하,20185784,나의 특별한 형제,신하균,배우,10040665,남자
미수,20181416,유열의 음악앨범,김고은,배우,20125838,여자
판수,20176251,내안의 그놈,박성웅,배우,10028773,남자
,20184082,걸캅스,라미란,배우,10013826,여자
중수(삼촌),20184543,변신,배성우,배우,20136191,남자
도일출,20184572,타짜: 원 아이드 잭,박정민,배우,20110693,남자
정일,20183096,생일,설경구,배우,10035772,남자
,20177539,사바하,이정재,배우,10057315,남자
,20184105,말모이,유해진,배우,10054128,남자
순호,20185881,증인,정우성,배우,10062025,남자
재훈,20195920,가장 보통의 연애,김래원,배우,10004028,남자
동수,20188941,악인전,마동석,배우,10021341,남자
황해철,20184462,봉오동 전투,유해진,배우,10054128,남자
박웅철,20188750,나쁜 녀석들: 더 무비,마동석,배우,10021341,남자
조일현,20176103,돈,류준열,배우,20208626,남자
기택,20183782,기생충,송강호,배우,10037018,남자
,20184621,엑시트,조정석,배우,20121022,남자
고반장,20182530,극한직업,류승룡,배우,10019065,남자
