filmoNames,movieNm,peopleCd,peopleNm,repRoleNm
"엑시트|사바하|군함도|군함도 감독판|베테랑|베를린|평양성|부당거래|해결사|다찌마와리|감독들, 김기영을 말하다|짝패|주먹이 운다(Crying Fist)|아라한 장풍대작전|오아시스|피도 눈물도 없이|죽거나 혹은 나쁘거나|타임리스|남자니까 아시잖아요?|다찌마와리|현대인|패싸움|4월 단편 상상극장-박정민 헤는 밤|신촌좀비만화|제14회 미쟝센 단편 영화제 류승완 단편 특별전2|다섯 개의 시선|유령",베테랑,10019069,류승완,감독
"도청(가제)|암살|도둑들|전우치|중천|타짜|소년, 천국에 가다|그때 그 사람들|범죄의 재구성|눈물|간결한 여행|스미스씨 브라질에 가다",암살,10072187,최동훈,감독
남산의 부장들|마약왕|내부자들: 디 오리지널|내부자들|간첩|파괴된 사나이|누가 예수를 죽였는가?,내부자들,20111283,우민호,감독
"사바하|시간위의 집|검은 사제들|광해, 왕이 된 남자|특수본|바다|12번째 보조사제|버스|인도에서 온 말리|오오단편극장 - 이학주 배우전|어둑시니: 두려움을 먹는 자|제14회 미쟝센 단편영화제 전년도 수상작1|1월 단편 상상극장-해피 뉴 스타|제13회 미쟝센 단편영화제 심야의 절대구타 360|제13회 미쟝센 단편영화제 절대악몽1",검은 사제들,10060462,장재현,감독
"자산어보|변산|박열|대배우|동주|그날의 분위기|사도|소원|봄날의 입맞춤|평양성|구르믈 버서난 달처럼|님은 먼 곳에|궁녀|즐거운 인생|라디오 스타|도마뱀|왕의 남자|달마야, 서울 가자|황산벌|달마야 놀자|공포택시|아나키스트|키드캅",사도,10057485,이준익,감독
연평해전|비디오를 보는 남자|민들레,연평해전,10006188,김학순,감독
"드림(가제)|극한직업|레슬러|바람 바람 바람|스물|오늘의 연애|타짜-신의 손|힘내세요, 병헌씨|네버엔딩 스토리|써니|과속스캔들|냄새는 난다",스물,20125862,이병헌,감독
히말라야|해적: 바다로 간 산적|뜨거운 안녕|댄싱퀸|두 얼굴의 여친|방과후 옥상|이조여인 숙명사 청상계|순간접착제|포 더 피스 오브 올 맨카인드,히말라야,10055965,이석훈,감독
조선명탐정: 흡혈괴마의 비밀|조선명탐정 : 사라진 놉의 딸|조선명탐정 : 각시투구꽃의 비밀|올드미스다이어리,조선명탐정 : 사라진 놉의 딸,10004484,김석윤,감독
장사리 : 잊혀진 영웅들|암수살인|희생부활자|극비수사|친구 2|미운오리새끼|통증|굿바이 보이|킹콩을 들다|눈에는 눈 이에는 이|사랑|태풍|똥개|챔피언|친구|닥터 K|억수탕(3pm Paradise)|기억을 만나다,극비수사,10001931,곽경택,감독
악의 연대기|튜브|쉬리,악의 연대기,10030346,백운학,감독
탐정 : 더 비기닝|쩨쩨한 로맨스|어깨동무 ,탐정 : 더 비기닝,10005643,김정훈,감독
"더 폰|시체가 돌아왔다|황해|거북이 달린다|신기전|B형 남자친구|할머니, 나이스 샷!!",더 폰,20128476,김봉주,감독
"파이프라인|강남 1970|강남1970(무삭제판)|하울링|쌍화점|비열한 거리|말죽거리 잔혹사|결혼은, 미친짓이다|바람부는 날이면 압구정동에 가야 한다",강남 1970,20111250,유하,감독
"나쁜놈은 죽는다 무삭제 특별판|나쁜놈은 죽는다|장수상회|뷰티풀 2014|마이 웨이|태극기 휘날리며|블루|오버 더 레인보우|베사메무쵸|단적비연수|쉬리|지상만가|은행나무 침대|게임의 법칙|장미의 나날|공포특급|누가 용의 발톱을 보았는가|그래 가끔 하늘을 보자|보스턴 1947|민우씨 오는 날|제1회 안양국제청소년영화제 단편, 짧지만 길고 깊은 이야기1|그녀의 연기+민우씨오는날",장수상회,10000854,강제규,감독
PMC: 더 벙커|신과함께-인과 연|1987|신과함께-죄와 벌|브이아이피|장산범|불한당: 나쁜 놈들의 세상|보안관|아수라|덕혜옹주|아가씨|럭키|검사외전|대호|뷰티 인사이드|암살|베테랑|무뢰한|스물|빅매치|나의 독재자|타짜-신의 손|우는 남자|표적|군도: 민란의 시대|셔틀콕|남자가 사랑할 때|화이: 괴물을 삼킨 아이|감기|숨바꼭질|고령화 가족|마이 라띠마|신세계|타워|도둑들|가비|페이스메이커|마이 웨이|투혼|최종병기 활|퀵|고지전|달빛 길어올리기|평양성|페스티발|초능력자|무적자|인플루언스|악마를 보았다|아저씨|방자전|비밀애|호우시절|국가대표|마린보이|날아라 펭귄|김씨표류기|쌍화점|고고 70|신기전|아버지와 마리와 나|다찌마와리|헨젤과 그레텔|죽어도 해피엔딩|해부학 교실|그놈 목소리|언니가 간다|싸이보그지만 괜찮아|사랑 따윈 필요 없어|뚝방전설|다세포소녀|괴물|사생결단|자각몽|주리|도쿄!,뷰티 인사이드,10030267,백,VFX 슈퍼바이저
아이 캔 스피크|쎄시봉|열한시|잉투기|시라노; 연애조작단|스카우트|광식이 동생 광태|YMCA야구단|공동경비구역 JSA|섬|해가 서쪽에서 뜬다면|사랑하기 좋은 날,쎄시봉,10006261,김현석,감독
오늘의 연애|공범|내 사랑 내 곁에|그놈 목소리|너는 내 운명|죽어도 좋아|신비한 영어나라|여섯 개의 시선,오늘의 연애,10029363,박진표,감독
뺑반|차이나타운|사이코메트리|시나리오 가이드,차이나타운,20183664,한준희,감독
"허스토리|당신, 거기 있어줄래요|간신|내 아내의 모든 것|세상에서 가장 아름다운 이별|김종욱 찾기|끝과 시작|키친|서양 골동 양과자점 앤티크|열세살 수아|내 생애 가장 아름다운 일주일|이공|여고괴담 두번째 이야기|비밀과 거짓말 |창백한푸른점 |열일곱|허스토리|무서운 이야기 3 : 화성에서 온 소녀|제15회 미쟝센 단편영화제 김태용 단편 특별전 1|무서운 이야기 2|무서운 이야기|무서운 이야기2'444'",간신,10027774,민규동,감독
낙원의 밤|마녀|브이아이피|대호|신세계|혈투|부당거래|악마를 보았다,대호,10029578,박훈정,감독
그놈이다|베스트셀러|언니가 간다|야수와 미녀|주먹이 운다(Crying Fist)|목두기 비디오|릴레이,그놈이다,10054518,윤준형,감독
물괴|성난 변호사|카운트다운|눈부신 날에|얼굴값|승부,성난 변호사,10088447,허종호,감독
나쁜 녀석들: 더 무비|살인의뢰|사랑 따윈 필요 없어,살인의뢰,20188569,손용호,감독
"특종: 량첸살인기|연애의 온도|지구를 지켜라|마스크 속, 은밀한 자부심",특종: 량첸살인기,10015745,노덕,감독
열정같은소리하고있네|반창꼬|애자|고死 : 피의 중간고사|와일드 카드,열정같은소리하고있네,10061628,정기훈,감독
내안의 그놈|양아치 느와르|폭력의 법칙: 나쁜 피 두 번째 이야기|미쓰 와이프|나쁜 피|육혈포 강도단|펀치레이디|맨손으로 죽여라?|조폭마누라,미쓰 와이프,10000970,강효진,감독
"백두산|PMC: 더 벙커|클로젯|신과함께-인과 연|1987|신과함께-죄와 벌|서서평, 천천히 평온하게|싱글라이더|터널|아가씨|아가씨(확장판)|암살|허삼관|군도: 민란의 시대|롤러코스터|더 테러 라이브|베를린|577 프로젝트|러브픽션|범죄와의 전쟁: 나쁜놈들 전성시대|의뢰인|황해|평행이론|국가대표 완결판-못 다한 이야기|국가대표|보트|잘 알지도 못하면서|멋진 하루|비스티 보이즈|추격자|우리 생애 최고의 순간|숨|두 번째 사랑|구미호 가족|시간|용서받지 못한 자|잠복근무|슈퍼스타 감사용|마들렌|보스턴 1947|티파니에서 아침을",허삼관,10087253,하정우,배우
내안의 그놈|헬머니|위험한 상견례|가루지기|싸움의 기술|늦은여름|뼛살|혹성 탈출,헬머니,10040668,신한솔,감독
"화산고래|창백한 얼굴들|무뢰한|제불찰씨 이야기|나의 사랑, 나의 영화|역도산|H(에이치)|피도 눈물도 없이|킬리만자로|이재수의 난|8월의 크리스마스|초록물고기",무뢰한,10050533,오승욱,감독
나는 증인이다|순수의 시대|순수의 시대 무삭제편|블라인드|레인보우|아랑|...ing|패스오버|다섯 개의 시선,순수의 시대,20111254,안상훈,감독
손님|청춘만화,손님,20147149,김광태,감독
내 심장을 쏴라|아부의 왕|슈퍼맨이었던 사나이|타짜|내 생애 가장 아름다운 일주일|쌍둥이들|시린 귀를 감싸며,내 심장을 쏴라,10026804,문제용,감독
삼진그룹 영어토익반|도리화가|전국노래자랑|앙상블|푸른소금|퀴즈왕|아저씨|약탈자들|외출|아름다운 청년 전태일|달세계여행|네 쌍둥이 자살|적의 사과|불을 지펴라|촌철살인|이제 난 용감해질거야|인디포럼2015 특별4|Dir/Actors 3. Friends_신이수&이우정&이종필&최시형 단편,도리화가,10057407,이종필,감독
서부전선|해적: 바다로 간 산적|소수의견|5백만불의 사나이|아빠가 여자를 좋아해|7급 공무원|원스어폰어타임|삼거리극장,서부전선,10071866,천성일,제작
다만 악에서 구하소서|오피스|내가 살인범이다|아덴만의 여명(가제)|황해|작전|추격자|골목의끝,오피스,10089708,홍원찬,감독
독전: 익스텐디드 컷|독전|경성학교: 사라진 소녀들|26년|페스티발|천하장사 마돈나|아라한 장풍대작전|안녕! 유에프오|품행제로|신라의 달밤|커밍 아웃,경성학교: 사라진 소녀들,10058049,이해영,감독
위험한 상견례 2|음치 클리닉 |위험한 상견례|청담보살|아기와 나|마파도2|돈 텔 파파,위험한 상견례 2,10005932,김진영,감독
"극적인 하룻밤|라듸오 데이즈|내 사랑 십자 드라이버, 사이코드라마(단편)",극적인 하룻밤,10086669,하기호,감독
소수의견|혈의 누|피도 눈물도 없이|죽거나 혹은 나쁘거나|간첩 리철진,소수의견,10004620,김성제,감독
"해어화|협녀, 칼의 기억|천국의 아이들|사랑해, 말순씨|인어 공주|나도 아내가 있었으면 좋겠다|내 동생|2015 GSFF 배우 특별전: 김수안 |미안해, 고마워","협녀, 칼의 기억",20110989,박흥식,감독
응징자2|게이트-완결판|게이트|대결|치외법권|따라지: 비열한 거리 무삭제판|따라지 : 비열한 거리|응징자|웨딩스캔들|서유기 리턴즈|4교시 추리영역|못말리는 결혼|내사랑 싸가지|유아독존|동감,치외법권,20111176,신동엽,감독
피의 연대기|소셜포비아|이쁜 것들이 되어라|보호자|잉투기|필름|Keep Quiet|하트바이브레이터|과월 사랑세 납부고지서|8/10000|외할머니와 레슬링|9월 단편 상상극장 - 홍석재 감독 특별전|2015 GSFF-개막식|KAFA 단편 3,소셜포비아,10089518,홍석재,감독
은밀한 유혹|시크릿|세븐 데이즈,은밀한 유혹,10054464,윤재구,감독
"백두 번째 구름|녹차의 중력|화장|영화판|달빛 길어올리기|나의 사랑, 나의 영화|천년학|한국 영화의 르네상스|하류인생|오원 장승업 취화선|취화선|춘향뎐(春香傳)|창(노는계집 창)|축제|태백산맥|서편제|장군의 아들 3|개벽|장군의 아들 2|장군의 아들|아제아제 바라아제|손에 손잡고|아다다|연산일기|씨받이|티켓|길소뜸|흐르는 강물을 어찌 막으랴|불의 딸|나비 품에서 울었다|안개마을|오염된 자식들|아벤고 공수군단|우상의 눈물|만다라|짝코|깃발없는 기수|복부인|족보|내일 또 내일|신궁|상록수(常綠樹)|저 파도 위에 엄마 얼굴이|가깝고도 먼 길|임진왜란과 계월향|옥례기|낙동강은 흐르는가|맨발의 눈길|왕십리|아내|어제, 오늘 그리고 내일|왜 그랬던가|연화|속 연화|울지 않으리|아내들의 행진|증언|잡초|대추격|기생 오백화|삼국대협|명동 잔혹사|돌아온 자와 떠나야 할 자|명동 삼국지|둘째 어머니|요검|나를 더 이상 괴롭히지 마라|30년만의 대결|원한의 거리에 눈이 내린다|원한의 두 꼽추|속눈섭이 긴 여자|그 여자를 쫓아라|월하의 검|십오야|황야의 독수리|신세 좀 지자구요|번개칼|사나이 삼대|바람같은 사나이|풍운의 검객|나는 왕이다|빗속에 지다|십년세도(十年勢道)|망부석|두만강아 잘 있거라",화장,10058483,임권택,감독
연애의 맛|헬로우 마이 러브|라라 선샤인|청연|이중간첩|볼링블링|온실,연애의 맛,10004879,김아론,감독
함정|웨딩드레스|트럭|호로비츠를 위하여|MOB 2025 1편 : 전운,함정,10002567,권형진,감독
뽀로로 극장판 컴퓨터 왕국 대모험|뽀로로 극장판 슈퍼썰매 대모험|Painter,뽀로로 극장판 컴퓨터 왕국 대모험,10028920,박영균,감독
"컬러 오브 아시아 -  마스터스|나의 절친 악당들|사랑해, 리우|돈의 맛|하녀|오래된 정원|그때 그 사람들|한국 영화의 르네상스|바람난 가족|눈물|처녀들의 저녁식사|영원한 제국|뱀파이어는 우리 옆집에 산다|예쁜 찬장 하나 |구선생의 카메라|어머니|서울독립영화제 2015 특별단편 3|서울독립영화제2015  심야상영2",나의 절친 악당들,10058591,임상수,감독
공포체험단 곤지암편|천문: 하늘에 묻는다|곤지암|워킹걸|미쓰GO|외톨이|기담|무서운 이야기 2|무서운 이야기|무서운 이야기 2 '탈출'|무서운 이야기 '해와 달',워킹걸,10061758,정범식,감독
타짜: 원 아이드 잭|범죄의 여왕|굿바이 싱글|돌연변이|소셜포비아|족구왕|세이프|질식|녹색물질|고래를 본 날|인디스데이 10월 단편,돌연변이,10002458,권오광,감독
다이노 타임|엄마,다이노 타임,20167014,최윤석,감독
다이노 타임|신데렐라 2,다이노 타임,10068301,존 카프카,감독
해어화|미안해 사랑해 고마워|내 심장을 쏴라|미인도|식객|파랑주의보|베사메무쵸|쉬리|굿바이 서울 신파|세이브 미,미안해 사랑해 고마워,10061405,전윤수,감독
석조저택 살인사건|괴물들|퇴마: 무녀굴|이웃사람|시체가 돌아왔다|댄싱퀸|7광구|심야의 F.M.|하모니|해운대|색즉시공 시즌2|무서운 이야기 2|무서운 이야기2 '사고',퇴마: 무녀굴,10003489,김휘,감독
쓰리 썸머 나잇|투혼|주유소 습격사건 2|권순분여사 납치사건|공공의 적 2|귀신이 산다|불어라 봄바람|광복절 특사|신라의 달밤|선물|주유소 습격사건|투캅스 3|깡패수업|돈을 갖고 튀어라|마누라 죽이기|스무살까지만 살고 싶어요|열아홉의 절망끝에 부르는 하나의 사랑노래,쓰리 썸머 나잇,10004438,김상진,감독
엽기적인 그녀 2|비밀|내 마음의 풍금|성우는 괜찮아,비밀,20066038,박은경,감독
비밀,비밀,20204806,이동하,감독
"강변호텔|풀잎들|그 후|클레어의 카메라|밤의 해변에서 혼자|당신자신과 당신의 것|지금은맞고그때는틀리다|자유의 언덕|우리 선희|누구의 딸도 아닌 해원|토니 레인즈의 한국영화 25년|다른나라에서|북촌방향|옥희의 영화|하하하|잘 알지도 못하면서|밤과 낮|나의 사랑, 나의 영화|해변의 여인|극장전|한국 영화의 르네상스|여자는 남자의 미래다|생활의 발견|오! 수정|강원도의 힘|돼지가 우물에 빠진 날|리스트|첩첩산중|10월 단편 상상극장-홍상수 단편선|베니스 70 : 미래 재장전|어떤 방문 : 디지털 삼인삼색2009",지금은맞고그때는틀리다,10089497,홍상수,감독
조선마술사|후궁 : 제왕의 첩|연인|가을로|혈의 누|하류인생|번지점프를 하다|춘향뎐(春香傳)|창(노는계집 창)|서편제|백문백답,조선마술사,10003845,김대승,감독
미니특공대X|파워배틀 와치카: 와치가면의 역습|부릉! 부릉! 브루미즈: 스피더의 모험 일기|파워배틀 와치카 미니카 배틀리그: 불꽃의 질주|최강전사 미니특공대: 영웅의 탄생|최강전사 미니특공대 : 새로운 악당의 습격|뽀로로 극장판 슈퍼썰매 대모험,최강전사 미니특공대 : 새로운 악당의 습격,20186877,이영준,감독
약장수|사랑에도 저작권이 있나요?|시선|가시|연애의 온도|맨발의 꿈,약장수,20138384,조치언,감독
"오 마이 파파|나의 아들, 나의 어머니|춘희막이|님아, 그 강을 건너지 마오|안녕?! 오케스트라",춘희막이,20187247,박혁지,감독
"에움길|소리꾼|귀향, 끝나지 않은 이야기|귀향|파울볼|두레소리",파울볼,10066934,조정래,감독
"파울볼|사랑한다, 사랑하지 않는다|시라노; 연애조작단|멋진 하루|가을로|혈의 누",파울볼,20144559,김보경,조감독
내 연적의 모든 것|성실한 나라의 앨리스|무게|시|작은 연못|더블 클러치|우리 집에 놀러 오세요|KAFA 단편 2,성실한 나라의 앨리스,20112403,안국진,감독
한여름의 판타지아|잠 못 드는 밤|나나나 : 여배우 민낯 프로젝트|회오리 바람|저수지에서 건진 치타|꿈속에서|영재를 기다리며|히치하이킹|싸움에 들게 하지 마소서|하드보일드 초콜릿 스타일|진혼곡|학교 다녀왔습니다.|6월 수요단편극장 <한여름의 판타지아> 개봉 기념 특별전|이제 난 용감해질거야,한여름의 판타지아,10060025,장건재,감독
타이밍|애니 프란체스카,타이밍,10028546,박대열,감독
타이밍|오디션,타이밍,10027767,민경조,감독
검은손|외톨이,검은손,10029120,박재식,감독
로마의 휴일|어떤살인,어떤살인,20195674,안용훈,감독
태양을 쏴라 무삭제판|태양을 쏴라|숙희|나쁜 놈이 더 잘 잔다|도쿄택시|아내의 애인을 만나다|붉은 바캉스|붉은 바캉스 검은 웨딩,태양을 쏴라 무삭제판,10006101,김태식,감독
고녀석 맛나겠다2 : 함께라서 행복해|오세암,고녀석 맛나겠다2 : 함께라서 행복해,20191153,최경석,감독
고녀석 맛나겠다2 : 함께라서 행복해,고녀석 맛나겠다2 : 함께라서 행복해,20188032,노나카 카즈미,감독
남산의 부장들|마약왕|내부자들: 디 오리지널|내부자들|간첩|파괴된 사나이|누가 예수를 죽였는가?,내부자들: 디 오리지널,20111283,우민호,감독
물비늘|젊은이의 양지|유리정원|마돈나|명왕성|레인보우|순환선|면도를 하다|가족시네마|이제 난 용감해질거야,마돈나,10040434,신수원,감독
춘몽|그랜드파더|타투|사람을 찾습니다|말아톤|아카시아(Acacia)|클래식|일단뛰어|화이팅 패밀리 '해마 가족',타투,10055931,이서,감독
제 7기사단|폭렬닌자 고에몬|캐산,제 7기사단,10078569,키리야 카즈아키,감독
돼지 같은 여자|바람피기 좋은 날|파랑주의보|행복한 장의사,돼지 같은 여자,10060160,장문일,감독
우리를 갈라놓는 것들|교환일기|환생|려행|위로공단|위로공단 특별판|비념|형제봉 가는 길|북한산|긴 이별|숭시|꿈이 아니다|환영|잘 가시오|승리의 의지|추억록|건전비디오1-새마을노래|내 사랑 지하|태평동아리랑|SIFF2018-통일기획전 7,위로공단,20120501,임흥순,감독
"을식이는 재수 없어|안녕, 전우치! 도술로봇대결전|안녕, 전우치 스페셜","안녕, 전우치! 도술로봇대결전",20214346,김대창,감독
기적의 피아노|법정스님의 의자,기적의 피아노,10058611,임성구,감독
"기적의 피아노|스파이 파파|여름, 속삭임|그림자|개같은 날의 오후|그대안의 블루|낙타는 따로 울지 않는다",기적의 피아노,20110270,김은주,프로듀서
세상끝의 사랑|초대|얼굴 없는 미녀|로드무비,세상끝의 사랑,10005426,김인식,감독
오! 문희|명량: 회오리 바다를 향하여|퍼펙트 게임|최종병기 활|인플루언스|애자|아버지와 마리와 나|밤과 낮|마강호텔|8월의 일요일들|다섯은 너무 많아|누구나 비밀은 있다|파이란,명량: 회오리 바다를 향하여,20158266,정세교,감독
봉오동 전투|사냥|명량: 회오리 바다를 향하여|명량|최종병기 활 감독확장판|최종병기 활|핸드폰|극락도 살인사건|그렇게 김순임은 강두식을 만났다 ,명량: 회오리 바다를 향하여,10006204,김한민,감독
호랑이보다 무서운 겨울손님|꿈보다 해몽|로맨스 조|하하하|잘 알지도 못하면서|해변의 여인|극장전|A+삶|소주와 아이스크림|말로는 힘들어|주민증 갱신기간|시선 사이|인디스데이 6월 단편|6월 수요단편극장 <한여름의 판타지아> 개봉 기념 특별전|7월 단편 상상극장-김새벽의 판타지아|7월 단편 상상극장-이들이 우리의 배우다,꿈보다 해몽,10054828,이광국,감독
극장판 뽀잉: 슈퍼 변신의 비밀|슈퍼레이서 엔지,슈퍼레이서 엔지,20214806,허선,감독
에스엠타운 더 스테이지,에스엠타운 더 스테이지,20213186,배성상,감독
"나쁜 나라|진옥 언니 학교 가다|잊혀진 여전사|땅, 밥 만들기|남매와 진달래 |독립영화인 국가보안법 철폐 프로젝트",나쁜 나라,10005927,김진열,감독
시 읽는 시간|나쁜 나라|깔깔깔 희망버스|감자심포니|우렁각시|미술관 옆 동물원|달 세뇨,나쁜 나라,10056156,이수정,감독
"나의 노래: 메아리|나쁜 나라|구름다리|탐욕의 제국|대추리에 살다|길|할매꽃|불타는 필름의 연대기|대추리 전쟁|슬로브핫의 딸들|자국|416프로젝트 ""망각과 기억"" - 자국|종로, 겨울|인디피크닉2017-단편4 <시대를 비행하는 카메라>|제3회 사람사는세상영화제 공모부문1|SIFF2016-경쟁단편 2",나쁜 나라,10062151,정일건,감독
앨리스: 원더랜드에서 온 소년|심장이 뛰네,앨리스: 원더랜드에서 온 소년,20111756,허은희,감독
황제|펑정지에는 펑정지에다|사랑이 이긴다|너를 부르마|26년|터치|아! 굴업도|포도나무를 베어라|괜찮아 울지마|벌이 날다|설계자|시화공존|감각의 경로 |부엉이의 눈 |가면과 거울|노스텔지아|한국 환경영화의 흐름 단편|네마프2015 글로컬 파노라마 단편1|서울독립영화제2015 특별장편 6|한국 환경영화의 흐름 단편 3,사랑이 이긴다,10027804,민병훈,감독
"그라운드의 이방인|두 번의 결혼식과 한 번의 장례식|슬픈 전설|불꽃처럼 나비처럼|우리 학교|하나를 위하여|와니와 준하|꽃섬|엄마, 아름다운 오월|기린 휴게소|환상극장|귀 鬼",그라운드의 이방인,20068433,김명준,촬영
"중독|광인옥한흠|제자도 - 제자,옥한흠2|순교|제자, 옥한흠|나의 선택-잊혀진 가방 그 못다한 이야기|잊혀진 가방",순교,10004440,김상철,감독
파고|이 세상에 없는|춘몽|오늘영화|산다|일주일|무산일기|시|주리|두한에게|125 전승철|사경(寺景)을 헤매다|어떤 시선,산다,10029163,박정범,감독
기억의 전쟁|반짝이는 박수 소리,반짝이는 박수 소리,20188937,이길보라,감독
마이 페어 웨딩|꽃다운|화기애애|고추 말리기|재희 이야기|데이트|인디포럼2015 특별1,마이 페어 웨딩,10060679,장희선,감독
거짓말|피로|이상한 나라의 바툼바|락커룸|전병 파는 여인,거짓말,10003943,김동명,감독
꾸루꾸루와 친구들: 무지개 나무의 비밀,꾸루꾸루와 친구들: 무지개 나무의 비밀,10026803,문제대,감독
세계일주|모노폴리,세계일주,10058032,이항배,감독
잡식가족의 딜레마|어느날 그 길에서|침묵의 숲|작별|광장의 닭,잡식가족의 딜레마,10090225,황윤,감독
생각보다 맑은|26년|학교 가는 길|코피루왁|[작은영화영화제]인디애니페스트 2018 초대전|콕!애니 - [섹션1] Between : 너와 나의 사이|인디애니유랑단2014 - 성장통|동물과 함께 사는 세상 단편 |인디애니씨앗터 2월,생각보다 맑은,20180788,한지원,감독
"로마서 8:37|동주|프랑스 영화처럼|조류인간|개를 훔치는 완벽한 방법|배우는 배우다|러시안 소설|페어러브|약탈자들|좋은 배우|과대망상자들|내 노래를 들어줘|수주 인 파리|플레이 노 모어|원스 인 어 라이프타임|신연식이 수주와 파리로 간 까닭은? - 신연식 단편선|3월 단편 상상극장-여자, 남자",조류인간,10040499,신연식,감독
로드쇼|망원동 인공위성|요코하마에서의 춤 2008|[인디포럼2016] 신작03 외침과 속삭임|네마프2015 대안영화 단편,망원동 인공위성,20179028,김형주,감독
메기|오늘영화|세 마리|걸스 온 탑|플라이 투 더 스카이|연애다큐|4학년 보경이|라즈 온 에어|엄마를 찾아주세요|제12회 대단한 단편영화제 감독 특별전|포커스 한국단편3|경쟁 2 - 2016 전북독립영화제|SESIFF2016 경쟁4 다른 곳으로부터|AISFF2016 국내경쟁 1|제14회 미쟝센 단편영화제 전년도 수상작2|단편 KAFA 3|어제영화-구교환&이옥섭 감독 단편 |제13회 미쟝센 단편영화제 사랑에 관한 짧은 필름3|제31회 인천시네마테크 - 빛나는 청춘|인디포럼2014 어른들 영화|섹션 3 - 2차실습작|제 7회 여성 인권영화제-그대마음과 만나 피움,오늘영화,10056728,이옥섭,감독
반도|메기|꿈의 제인|우리 손자 베스트|오늘영화|김씨표류기|세 마리|걸스 온 탑|방과 후 티타임 리턴즈|플라이 투 더 스카이|뎀프시롤: 참회록|4학년 보경이|연애다큐|서울생활|Welcome to my home |왜 독립영화 감독들은 DVD를 주지 않는가?|거북이들|구해줘! |남매의 집|죽기직전 그들|포커스 한국단편3|인디스데이 3월 단편|SESIFF2016 경쟁4 다른 곳으로부터|경쟁 2 - 2016 전북독립영화제|AISFF2016 국내경쟁 1|제14회 미쟝센 단편영화제 전년도 수상작3|제14회 미쟝센 단편영화제 사랑에 관한 짧은 필름3|1월 단편 상상극장-해피 뉴 스타|서울독립영화제 2015 특별단편 5|11월 단편 상상극장-제9회 대단한 단편영화제 수상작 모음|2015 GSFF 단편 경쟁 4|SESIFF 2015 경쟁9 - 21세기의 섹스|BiFan2015 판타스틱 단편 걸작선 5|제16회 대구단편영화제 경쟁1|어제영화-구교환&이옥섭 감독 단편 |인디포럼2015 꿈결의 연애담|제13회 미쟝센 단편영화제 희극지왕1|서울연애,오늘영화,20166705,구교환,감독
"내일부터 우리는|아이돌 권한대행 |게임회사 여직원들|대세는 백합|오늘영화|썸남썸녀|출중한 여자|도약선생|은하해방전선|중산층 가정의 대재앙|두근두근 외주용역|두근두근 왓플|백역사|주리|두근두근 꿈의 과학|두근두근 영춘권|신자유청년|두근두근 시국선언|청소년 드라마의 이해와 실제|두근두근 배창호|두근두근 시네마떼끄|두근두근 레드카펫|졸업영화|우익청년 윤성호|나는내가의천검을쥔것처럼|이렇게는 계속할 수 없어요.|산만한 제국 |11월 수요단편극장 ""달콤 쌉싸름한 멜로 영화""|할 수 있는 자가 구하라|황금시대|시선 1318|독립영화인 국가보안법 철폐 프로젝트",오늘영화,20111376,윤성호,감독
오늘영화|튜닝|화기애애|테크노 베이컨시|누가 만들었을까? |강성옥|아무것도|무덤가|11월|김추자: 무인도|매혈|어제영화-강경태 감독 단편,오늘영화,10000489,강경태,감독
고양이 장례식|심판의날,고양이 장례식,10057421,이종훈,감독
"영하의 바람|이,기적인 남자|영도|도다리 - 리덕스|이방인들|두 얼굴의 전쟁 |계단|미싱",영도,20112554,손승웅,감독
로드킬|대가리|독고다이|일진 3|일진 2|메모리즈|일진|미스터 좀비(감독판)|휴가|외도|지렁이|위험한 중독|포장마차|젊은 처제|그리울 련|짓2: 붉은 낙타|어우동: 주인 없는 꽃 무삭제판|어우동: 주인 없는 꽃|연애의 기술|짓|연애의 기술 감독판|전망 좋은 집|전망좋은집:무삭제노출판|미스터좀비,어우동: 주인 없는 꽃,10056145,이수성,감독
"재혼의 기술|발광하는 현대사|늦여름|딥|각자의 미식|게스트하우스|실종2|어떻게 헤어질까|두 개의 연애|어떤이의 꿈|플랑크 상수|산타바바라|내가 고백을 하면|설마 그럴리가 없어|모피를 입은 비너스|돌이킬 수 없는|맛있는 인생|집 나온 남자들|채식주의자|여배우들|집행자|부산|이태원 살인사건|10억|거북이 달린다|키친|오이시맨|로맨틱 아일랜드|이리|비몽|멋진 하루|영화는 영화다|아름답다|중경|별빛 속으로|열세살 수아|아주 특별한 손님|온 더 로드, 투|거칠마루|라스트 씬|화장실, 어디에요?|도쿄!",어떤이의 꿈,10065915,조성규,감독
설해|그 남자의 책 198쪽|바보|화성으로 간 사나이|동감|귀소,설해,10005546,김정권,감독
돌아온다|필름시대사랑|미라클 여행기|영화판,미라클 여행기,20114576,허철,감독
늙은 자전거|연평해전|아이 러브 유|학교전설,늙은 자전거,10026867,문희융,각색
후쿠오카|군산: 거위를 노래하다|춘몽|필름시대사랑|경주|풍경|두만강|이리|중경|궤도|경계|망종|당시|동행|디지털 삼인삼색 2013: 풍경|주리|사실|11세|AISFF2015 아시프 랑데부: 최고의 감독 & 동행|AISFF2015 시네마 올드 앤 뉴 |AISFF2015 특별상영 & 미스터쿠퍼 |이방인들 : 디지털 삼인삼색2013,필름시대사랑,10060143,장률,감독
우키시마호|김대중 위대한 유산|위선자들: 감독판|위선자들|회초리|여고생 시집가기,위선자들: 감독판,10005961,김진홍,감독
"덫|왕초와 용가리|아빠가 돌아왔다|나의 아들, 나의 어머니|욕망의 독: 중독|시바, 인생을 던져|춤추는 숲|오래된 인력거","나의 아들, 나의 어머니",20138626,안재민,촬영
"영화광 연속살인사건|아일랜드 - 시간을 훔치는 섬|마녀의 관|기담|더 바디|소설, 영화와 만나다",아일랜드 - 시간을 훔치는 섬,20110918,박진성,감독
라스트 씬|소성리|깨어난 침묵|밀양 아리랑|밀양전|강정 인터뷰 프로젝트|나비와 바다|잔인한 계절|내사랑 제제|비엔호아|제제에게 가는 길,밀양 아리랑,20100687,박배일,감독
션샤인 러브|눈에는 눈 이에는 이|색즉시공 시즌2,션샤인 러브,20135269,조은성,감독
원스텝|살인재능|풍산개|비몽|아름답다|시간|숨|물고기,살인재능,10061439,전재홍,감독
"카운터스|무현, 두 도시 이야기|울보 권투부",울보 권투부,20281769,이일하,감독
해원|레드 툼|회색도시,레드 툼,10002241,구자환,감독
막걸스|진실게임|아빠는 보디가드|여자아리랑|복카치오 `93|복카치오 92,막걸스,10003718,김기영,감독
시민 노무현|대관람차|꿈의 제인|마차 타고 고래고래|마이 페어 웨딩|그들이 죽었다|사랑에도 저작권이 있나요?|플랑크 상수|산타바바라|그 강아지 그 고양이|고양이 소녀|별일아니다|캠퍼스 S 커플|캣데이 애프터눈,그들이 죽었다,20177441,백재호,감독
"해에게서 소년에게|지구에서 사는 법|바다 쪽으로, 한 뼘 더|나의 노래는|다섯은 너무 많아|마이 제너레이션|가물치|플래시백|닭쳐|결혼 이야기|내안의 영화",해에게서 소년에게,10043558,안슬기,감독
나의 연기 워크샵|파스카|귀향|유령 소나타|고양이 시간|열애기,파스카,10043363,안선경,감독
인 허 플레이스,인 허 플레이스,20212728,알버트 신,감독
라이브 하드|개: dog eat dog|누구나 제 명에 죽고 싶다|라이브 클럽 그레이하운드,개: dog eat dog,20183861,황욱,감독
개: dog eat dog|두근두근 내 인생|소원|미스터 고|댄싱퀸|오싹한 연애|아이들...|그랑프리|슬리핑 뷰티,개: dog eat dog,20154667,박민우,감독
바람의 언덕|재꽃|스틸 플라워|들꽃|찡찡 막막|연옥: 멜로드라마|뭘 또 그렇게까지,들꽃,20191486,박석영,감독
폴라로이드|하늘과 바다|찜|심형래의 탐정큐|각설이 품바타령,폴라로이드,10069221,주호성,감독
"노트르담 드 파리|아더왕의 전설|마술피리|오디세오|명성황후|마술피리|메피스토|호두까기 인형|1789, 바스티유의 연인들|모차르트 락 오페라|2AM SHOW|라이브 인 3D 휘성 : 잇츠 리얼",오디세오,20110332,정성복,감독
서태지밴드 콘서트투어 '콰이어트나이트'|이티피 페스티벌 08X09 서태지|서태지 8집: 398일의 기록|서태지 모아이 : 더 필름|서태지밴드 라이브 투어 <더 뫼비우스>|2008 서태지 심포니 앙코르|2008 서태지 심포니 위드 톨가 카쉬프 로열필하모닉|2004 서태지 라이브 투어 제로|이것은 서태지가 아니다!|2000-2001 서태지밴드 라이브 콘서트 ‘태지의 화’ |서태지와 아이들 ’95 다른 하늘이 열리고|서태지와 아이들 ’93 마지막 축제,서태지밴드 콘서트투어 '콰이어트나이트',10035656,서태지,배우
"코인라커|두뇌유희프로젝트, 퍼즐",코인라커,10006076,김태경,감독
"설지|씨, 베토벤|강적|맛있는 섹스 그리고 사랑",설지,10029350,박진순,감독
잘 왔다. 우리 같이 살자|명령불복종 교사|두물머리|작은 여자 큰 여자 그 사이에 낀 남자-에피소드2|핑크 팰리스|네가 알리있나?,명령불복종 교사,10035368,서동일,감독
노래방 : 화끈한 여자들|여친 언니|룸싸롱 맛있는 서비스|신혼부부의 성생활|친구엄마들|하숙집 여자들|아내의 애인 2|정사 : 아내의 친구|새오빠2|룸싸롱 여대생들|착한 엄마 2|바람난 여자들2|사촌 누나|불륜 동창회|비뇨기과 여의사들|미용실 : 특별한 서비스 2|내 아내의 언니 2|외출 2|내 학생의 엄마 2|착한 형수 2|여자들 : 섹스의 만족도|정사 : 친구의 엄마|착한 엄마 친구|착한 형수 무삭제|친구부부 : 욕망의 스와핑|내 학생의 엄마 무삭제판|바람난 여자들 무삭제판|착한 형수|내 학생의 엄마|바람난 여자들|주말부부|이웃동서|외출 무삭제|외출|맛있는 택배,맛있는 택배,20208746,기대호,시나리오(각본)
무서운 집|태양 속의 남자|무엇에 쓰는 물건인고|피조개 뭍에 오르다,무서운 집,10046918,양병간,감독
후쿠시마의 미래|순천,후쿠시마의 미래,20178633,이홍기,감독
악인은 살아 있다|악인은 너무 많다|핑크 토끼|비열한 거리|잠복근무|갈치,악인은 살아 있다,10006480,김회근,감독
부곡 하와이,부곡 하와이,20127490,하강훈,감독
"재혼의 기술|발광하는 현대사|늦여름|딥|각자의 미식|게스트하우스|실종2|어떻게 헤어질까|두 개의 연애|어떤이의 꿈|플랑크 상수|산타바바라|내가 고백을 하면|설마 그럴리가 없어|모피를 입은 비너스|돌이킬 수 없는|맛있는 인생|집 나온 남자들|채식주의자|여배우들|집행자|부산|이태원 살인사건|10억|거북이 달린다|키친|오이시맨|로맨틱 아일랜드|이리|비몽|멋진 하루|영화는 영화다|아름답다|중경|별빛 속으로|열세살 수아|아주 특별한 손님|온 더 로드, 투|거칠마루|라스트 씬|화장실, 어디에요?|도쿄!",플랑크 상수,10065915,조성규,감독
두번할까요|파일 : 4022일의 사육|황구|웨딩드레스|용의주도 미스신|아라한 장풍대작전|블루|2424,파일 : 4022일의 사육,10028999,박용집,감독
좋은 여자|숲속의 부부|성난 화가 - 무삭제판|성난 화가|마이 보이|무게|소리 없는 남자|불륜의 시대|댄스타운|애니멀 타운|모차르트 타운,성난 화가 - 무삭제판,10061231,전규환,감독
젊은 처제,젊은 처제,20215786,이세종,감독
디렉터스 컷|도다리 - 리덕스|내 마음에 불꽃이 있어|메이드인 부산 작가전,디렉터스 컷,20111118,박준범,감독
맛있는 비행,맛있는 비행,20299569,전병철,감독
아내의 동영상|색끈한 퓨전사극 심청야사|힙스터: 안개의 덫|공사중|소원택시|신암행어사,색끈한 퓨전사극 심청야사,20125414,강명진,감독
불안한 외출|걸음의 이유,불안한 외출,20173380,김철민,감독
착한 처제|야관문: 욕망의 꽃,착한 처제,20186360,강훈,감독
몽골리안 프린세스|어 맨스 월드,몽골리안 프린세스,20120321,정단우,배우
막내 형수 - 무삭제판|사돈 처녀 2|음란 과외 2 - 무삭제판|관전남|막내 형수|음란 과외 2|엄마 애인 2 - 무삭제판|엄마 애인 2|관전남 - 무삭제판|초대녀 2 - 무삭제판|어린 형수 4-무삭제판|어린 형수 4|초대녀 2|초대녀 - 무삭제판|어린 처제 - 무삭제판|초대녀|여직원의 맛|어린 처제|어린 형수 3 - 무삭제판 |어린 형수 3|아내를 바꾸다|딸의 친구 - 무삭제판|일본 엄마|딸의 친구|유혹|음란 선비 - 무삭제판|음란 과외 - 무삭제판|음란 선비|음란 과외|맛 2016: 삼시색기- 무삭제판|맛 2016: 삼시색기|새엄마|어린 형수 - 무삭제판|어린 형수|외도(무삭제판)|외도|동호회의 목적|야한 누나들|용주골-무삭제판|용주골,용주골-무삭제판,20223066,최우성,감독
"솔루션|코메디: 다 웃자고 하는 얘기|자가당착: 시대정신과 현실참여|화이트: 저주의 멜로디|방독피|고갈|은하해방전선|뇌절개술|자본당 선언: 만국의 노동자여, 축적하라!|중산층 가정의 대재앙|시간의식|철의 여인|임계밀도|자살변주|Bomb! Bomb! Bomb!|빛과 계급 |무서운 이야기 3 : 화성에서 온 소녀|[인디포럼2016] 기획전04 디지털, 눈을 뜨다 |[인디포럼2016] 기획전01 김곡, 김선 특별전|무서운 이야기|세번째 시선|무서운 이야기 3 '로드레이지'|무서운 이야기 '앰뷸런스'",자가당착: 시대정신과 현실참여,10004500,김선,감독
혜경궁 홍씨|이웃집 남자|크리스마스에 눈이 내리면|파업전야,혜경궁 홍씨,10060127,장동홍,감독
"비치하트애솔|기억의 환|7AM,슬로울리;oppositepage|스윙 다이어리|인디포럼2014 필름2|서울연애|평범한 날들|AMONG |DISTANCE|BETWEEN ",비치하트애솔,10054989,이난,감독
외도|위험한 중독 무삭제판|위험한 중독|포장마차-무삭제판|포장마차,포장마차-무삭제판,20216886,최율권희,감독
새폴더2|새폴더,새폴더2,20201928,황상원,감독
"그날, 바다|다이빙벨: 진실은 침몰하지 않습니다|다이빙벨|나의 마음은 지지 않았다|아직도 아물지 않는 상처들",다이빙벨: 진실은 침몰하지 않습니다,10043984,안해룡,감독
대통령의 7시간|다이빙벨 그후|김광석|다이빙벨: 진실은 침몰하지 않습니다|다이빙벨,다이빙벨: 진실은 침몰하지 않습니다,20191566,이상호,감독
색에 놀다|까시|고시원,고시원,20218657,이영민,감독
우리는 성북동 나무와 닮았다|우리는 성북동 나무와 닮았다(감독판)|시민K|애국청년 변희재|미션스쿨|불청객,미션스쿨,20135460,강의석,감독
이바라키의 여름,이바라키의 여름,20213586,전성호,감독
여선생2 무삭제|우리도련님 무삭제|우리 도련님|여선생2|여자친구|감금의 시간 2 무삭제|여선생 무삭제|여선생|감금의 시간 2|엄마친구2 무삭제|엄마친구 2|청춘학당2 기생난입야사|감금의 시간,감금의 시간 2 무삭제,20223386,김대성,감독
"중2라도 괜찮아|한강블루스|프랑스 영화처럼|덫: 치명적인 유혹|아티스트 봉만대|아티스트 봉만대 무삭제편|섹스, 거짓말 그리고 비디오 테이프|불꽃처럼 나비처럼|신데렐라|맛있는 섹스 그리고 사랑|아름다운 파도와 바다|연어|일심|귀공녀|이천년|양양",덫: 치명적인 유혹,10031639,봉만대,감독
"한 남자|애연|침입자|어린 아내|잠 못 이루는 섹스|금지된 섹스, 달콤한 복수 무삭제 감독판|야한밤 심야극장|금지된 섹스, 달콤한 복수|모텔|위험한 섹스|애인|조선안방 스캔들-칠거지악2|조선안방 스캔들-칠거지악|정사: 위험한 성적 유희 무삭제판|정사: 위험한 성적유희|환상|열애|열애(무삭제감독판)|환상-금지된 정사버전|두 아내|두 아내 무삭제 감독판|배꼽과 무릎사이 (무삭제 감독판)|스무살의 이중생활|맛있는 섹스, 맛있는 상상|금지된 섹스 불륜2|전망 좋은 방-밀애|맛있는불륜-택시|여인의 숨결|48시간의 일탈|금지된 섹스, 불륜2 감독판|플라스틱 섹스|몽정애 |마지막 밀애|아찔한 동거|거칠게 다루지마! 다쳐!|몽정애-감독판",애인,10056203,이숭환,감독
"나의 노예가 되어주세요 2|나의 노예가 되어주세요 3|시수옥:감금된 소녀들 파트2|시수옥:감금된 소녀들 파트1|가정교사 길들이기|유혹 : 내 아내의 비밀|인공지능 남자친구|맛색녀의 성적유희|부부교환: 바꿔서 해볼까?|동거녀의 달콤한 젤리|조건만남 : 불륜의 시작|의사와 간호사 불륜|미궁: 비밀애 무삭제 특별판|미궁: 비밀애|러브앤서울 복숭아마을 도색소동기 무삭제판|러브앤서울 복숭아마을 도색소동기|모모키야여관 포르노 촬영기|욕망의 트라이앵글|흑역사|누군가의 아내|트럭걸 나미|양키 아이돌|우리들의 격정|AV 아이돌|트럭걸마리|어린 에츠코의 고민|타나토스|에어섹스|실종, 어느날납치된소녀|여고생 간병인|트럭 운전사 나미 3 |옷장 속의 츠쿠시 짱|이케부쿠로 양키전쟁|이복자매-언니애인과의 황홀한 정사|불륜 고백 무삭제판|자매의 금지된 욕망|러브 앤 돌|힌코의 에로틱 망가|내가 원하는 남자|꽃은 밤에 피고-유리아|실화!정말있었던이야기|18禁 린코 2|18禁 린코|화끈하게 주는 젊은 애인|트럭 운전사 나미1|아오이 소라의 맛있는 사랑|나는 AV배우다 3|노예짱과 주인님군|나는 AV배우다 2|트럭 운전사 나미2|게이샤의 순정상실|음란한 게이샤|스시걸|네 이웃의 여자를 사랑하라|기네스 와이프|라멘걸|크림레몬-꿈꾼 후에 정사|여대생 살인기",미궁: 비밀애 무삭제 특별판,10066963,조조 히데오,감독
동창회의 목적 2|전망 좋은 집 3|유부녀들(무삭제)|하숙집 2|맛2 (무삭제)|유부녀들|맛2|전망 좋은 집 2|하숙집 무삭제|착한여자 (무삭제)|착한 여자|하숙집|옹녀뎐|옹녀뎐 무삭제편|맛|맛 무삭제 ,유부녀들(무삭제),20187184,경석호,기획
내 친구의 엄마 (무삭제)|내 친구의 엄마|동거의 목적|내 친구의 아내 (무삭제)|내 친구의 아내,내 친구의 아내 (무삭제),20223306,탁승오,감독
나도 때론 포르노그라피의 주인공이고 싶다 : 감독판|나도 때론 포르노그라피의 주인공이고 싶다|숙명,나도 때론 포르노그라피의 주인공이고 싶다 : 감독판,10060256,장성수,감독
특이점이 온 영화|친구엄마|뽕2014(무삭제)|뽕2014|우리들의 헤어진 여자친구|허풍|젊은 엄마|색화동|섹스 파일|하지마|성인 명작 동화|슬픈 인연|오구동색|이태원 버스|깃발을 꽂으며|야망|태극기를 꽂으며|이쁜이,친구엄마,10001904,공자관,감독
"자매의 공동묘지|몽달|열대야|애정소년 잔혹사|스타박'스 다방|어느 여름날 밤에|더티 로맨스|워킹 스트리트|나는 쓰레기다|친애하는 지도자동지께|스피드|비상구|지옥화|욕정이 활활|바비|아버지는 개다|엄마는 창녀다|트로피컬 마닐라|소설, 영화와 만나다",스피드,20111446,이상우,감독
공사중|꽃보다 처녀귀신|일탈여행: 프라이빗 아일랜드|영혼의 부활|스타: 빛나는 사랑|나를 닮은 얼굴|라라 선샤인|내부순환선|거칠마루|풀리쉬 게임|여고괴담 세번째 이야기: 여우계단|중독|재밌는 영화|아프리카|마고|신 도시인|바르도,꽃보다 처녀귀신,10072470,최영민,촬영
"인간, 공간, 시간 그리고 인간|포크레인|메이드 인 차이나|붉은 가족",메이드 인 차이나,20186557,김동후,프로듀서
구르는 수레바퀴|기화|싯 앤 고|마흔아홉번째 면회,기화,10026795,문정윤,감독
반도|염력|카이: 거울 호수의 전설|서울역|부산행|졸업반|창백한 얼굴들|화산고래|사이비|돼지의 왕|집으로|창|사랑은 단백질|지옥: 두개의 삶|지옥|콕!애니 - [섹션2] VIEW : 세상보기|연상호 감독 특별전 : 지옥의 시네마|7월 수요단편극장 “연상호 감독 특별전”|제14회 미쟝센 단편 영화제 웃는 게 웃는 게 아니야  |SICAF2015 연상호 단편선|애정만세|인디포럼2015 특별2,부산행,10049814,연상호,감독
리멤버|검사외전|군도: 민란의 시대|마이 웨이|비스티 보이즈,검사외전,10057103,이일형,감독
"인랑|밀정|라스트 스탠드|악마를 보았다|악마를 보았다 감독판|좋은 놈, 나쁜 놈, 이상한 놈 |좋은 놈, 나쁜 놈, 이상한 놈(칸버전)|감독들, 김기영을 말하다|달콤한 인생|장화, 홍련|쓰리|쓰리 메모리즈|반칙왕|커밍 아웃|조용한 가족|더 엑스|사랑의 가위바위보|선물|사랑의 힘|제13회 미쟝센 단편영화제 김지운 단편 특별전1|제13회 미쟝센 단편영화제 김지운 단편 특별전2|제13회 미쟝센 단편영화제 김지운 감독 마스터클래스|인류멸망 보고서|인류 멸망 보고서 '천상의 피조물' ",밀정,10005852,김지운,감독
"백두산|PMC: 더 벙커|클로젯|신과함께-인과 연|1987|신과함께-죄와 벌|서서평, 천천히 평온하게|싱글라이더|터널|아가씨|아가씨(확장판)|암살|허삼관|군도: 민란의 시대|롤러코스터|더 테러 라이브|베를린|577 프로젝트|러브픽션|범죄와의 전쟁: 나쁜놈들 전성시대|의뢰인|황해|평행이론|국가대표 완결판-못 다한 이야기|국가대표|보트|잘 알지도 못하면서|멋진 하루|비스티 보이즈|추격자|우리 생애 최고의 순간|숨|두 번째 사랑|구미호 가족|시간|용서받지 못한 자|잠복근무|슈퍼스타 감사용|마들렌|보스턴 1947|티파니에서 아침을",터널,10087253,김성훈,배우
인천상륙작전 : 익스텐디드 에디션(확장판)|인천상륙작전|제3의 사랑|포화속으로|사요나라 이츠카|내 머리 속의 지우개|컷 런스 딥,인천상륙작전,10057235,이재한,감독
"힘을 내요, 미스터 리|새콤달콤|럭키|남쪽으로 튀어|커플즈|야수와 미녀|올드보이|보스 상륙 작전(Boss X File)|복수는 나의 것|아무도 모른다|9시 5분",럭키,10054784,이계벽,감독
곡성|황해|추격자|汗|완벽한 도미요리,곡성,10007437,나홍진,감독
"선물|천문: 하늘에 묻는다|덕혜옹주|위험한 관계|호우시절|행복|외출|이공|봄날은 간다|킬리만자로|8월의 크리스마스|아름다운 청년 전태일|두개의 빛: 릴루미노|제 6회 제천국제음악영화제 트레일러|나, 여기있어요|나의 새 남자친구|따로 또 같이|고철을 위하여|사랑이 죄인가|MSFF2017 허진호 단편 특별전|오감도",덕혜옹주,10088463,허진호,감독
골든슬럼버|마스터|감시자들|조용한 세상|일단뛰어,마스터,10066810,조의석,감독
판도라|연가시|쏜다|강력 3반|바람의 전설|광복절 특사|라이터를 켜라|신라의 달밤|선물|주유소 습격사건,판도라,10029181,박정우,감독
"리틀 드러머 걸: 감독판 |아가씨|아가씨(확장판)|비밀은 없다|무뢰한|고진감래|설국열차|스토커|박쥐|미쓰 홍당무|싸이보그지만 괜찮아|소년, 천국에 가다|친절한 금자씨|한국 영화의 르네상스|쓰리, 몬스터 '컷'|올드보이|철없는 아내와 파란만장한 남편 그리고 태권소녀|복수는 나의 것|휴머니스트|공동경비구역 JSA|아나키스트|3인조|달은...해가 꾸는 꿈|반신반의|A Rose Reborn|V|청출어람|파란만장|믿거나 말거나, 찬드라의 경우|심판|<3월 단편 상상극장-파킹 찬스>|쓰리 몬스터|여섯 개의 시선",아가씨(확장판),10029381,박찬욱,감독
"에움길|소리꾼|귀향, 끝나지 않은 이야기|귀향|파울볼|두레소리","귀향, 끝나지 않은 이야기",10066934,조정래,감독
스텔라|형|발칙한 로맨스(가제)|맨발의 기봉이|비천무,형,10002413,권수경,감독
아수라|감기|중천|영어완전정복|무사|태양은 없다|비트|런어웨이|결혼만들기|나와 통하는 다음검색 : 빽|비명도시,아수라,10004596,김성수,감독
"범죄의 여왕|굿바이 싱글|족구왕|1999, 면회|독|연리지|두사부일체|1000만|빨리 보는 남자, 빨리 치는 여자|환상극장",굿바이 싱글,10006078,김태곤,감독
특송|봉이 김선달|그림자 살인|애인|이봐요 무얼 찾고 있나요?,봉이 김선달,10028545,박대민,감독
도어락|물괴|탐정 홍길동: 사라진 마을|족구왕,탐정 홍길동: 사라진 마을,20200534,조성희,VFX 아티스트
특별수사: 사형수의 편지|썬데이 서울|새드무비|S 다이어리|동전 모으는 소년|이발소 異氏|1979년 10월 28일 일요일 맑음,특별수사: 사형수의 편지,10002517,권종관,감독
바람의 색|시간이탈자|미스 히스테리|싸이보그 그녀|무림여대생|데이지|내 여자친구를 소개합니다|클래식|피아노 치는 대통령|중독|엽기적인 그녀|마스카라|비 오는 날 수채화2|가을여행|비 오는 날 수채화|기억이 들린다|3인 3색 러브스토리 : 사랑즐감,시간이탈자,10002002,곽재용,감독
"자산어보|변산|박열|대배우|동주|그날의 분위기|사도|소원|봄날의 입맞춤|평양성|구르믈 버서난 달처럼|님은 먼 곳에|궁녀|즐거운 인생|라디오 스타|도마뱀|왕의 남자|달마야, 서울 가자|황산벌|달마야 놀자|공포택시|아나키스트|키드캅",동주,10057485,이준익,감독
탐정: 리턴즈|미씽: 사라진 여자|타이밍|어깨 너머의 연인|해피 에로 크리스마스|...ing|고양이를 부탁해,미씽: 사라진 여자,10056602,이언희,감독
"당신, 거기 있어줄래요|결혼전야|키친|서양 골동 양과자점 앤티크|별 모양의 얼룩|로자이야기|가족시네마|무서운 이야기|무서운 이야기 '콩쥐 팥쥐'","당신, 거기 있어줄래요",10089855,홍지영,감독
증인|오빠생각|손님|연애의 맛|오늘의 연애|우아한 거짓말|완득이|내 사랑|청춘만화|하늘정원|연애소설,오빠생각,10058005,이한,감독
"오케이! 마담|날, 보러와요|안녕?! 오케스트라|폐가|스토리 오브 와인|사랑 따윈 필요 없어","날, 보러와요",10057717,이철하,감독
"고산자, 대동여지도|더 파이브|깡철이|전설의 주먹|로맨틱 헤븐|글러브|퀴즈왕|이끼|주유소 습격사건 2|용서는 없다|백야행|모던보이|신기전|강철중: 공공의 적 1-1|뜨거운 것이 좋아|싸움|궁녀|권순분여사 납치사건|지금 사랑하는 사람과 살고 있습니까?|황진이|아들|거룩한 계보|한반도|오로라 공주|공공의 적 2|혈의 누|귀신이 산다|달마야, 서울 가자|아라한 장풍대작전|바람의 전설|그녀를 믿지 마세요|실미도|천년호|거울속으로|나비|선생 김봉두|광복절 특사|밀애|재밌는 영화|공공의 적|피도 눈물도 없이|신라의 달밤|선물|불후의 명작|순애보|실락원|생과부 위자료 청구소송|올가미|투캅스 2|맥주가 애인보다 좋은 7가지 이유|손톱|마누라 죽이기|투캅스|미스터 맘마|스무살까지만 살고 싶어요|열아홉의 절망끝에 부르는 하나의 사랑노래|누가 용의 발톱을 보았는가|나는 날마다 일어선다|행복은 성적순이 아니잖아요|달콤한 신부들|춤추는 딸|주리","고산자, 대동여지도",10000783,강우석,감독
"아이돌 권한대행 |좋아해줘|출중한 여자|6년째 연애중|오래된 정원|로맨틱 무브먼트, 서울",좋아해줘,20110969,박현진,감독
"인생은 아름다워(가제)|국가부도의 날|스플릿|8월의 일요일들|극장전|그날 밤의 축제|삶은 전진하고|청춘, 외대앞|블루 디코딩",스플릿,10072117,최국희,감독
국가대표 2|미스터 고|마이 뉴 파트너|슈퍼스타 감사용|로드무비|깡패수업 3|퇴마록,국가대표 2,10005717,김종현,감독
목격자|그날의 분위기|낙타는 말했다|봉수,그날의 분위기,10065265,조규장,감독
사냥|7광구|첼로-홍미주 일가 살인사건|해피 에로 크리스마스|내츄럴시티,사냥,10056854,이우철,감독
안시성|널 기다리며|우리 동네,널 기다리며,10026501,모홍진,감독
가려진 시간|마녀|만신|잉투기|기담|친절한 금자씨|숲|하트바이브레이터|유숙자|신봉리 우리집; 흔한 이야기|선인장 |12월 수요단편극장 “그들 각자의 ‘단편’ 영화관” |12월 단편 상상극장-응답하라 1988|KAFA 단편 3|11월 단편 상상극장-엄태화|촌철살인,가려진 시간,10047368,엄태화,감독
"해어화|협녀, 칼의 기억|천국의 아이들|사랑해, 말순씨|인어 공주|나도 아내가 있었으면 좋겠다|내 동생|2015 GSFF 배우 특별전: 김수안 |미안해, 고마워",해어화,20110989,박흥식,감독
"PMC: 더 벙커|폴란드로 간 아이들|안시성|명당|마녀|챔피언|흥부: 글로 세상을 바꾼 자|대장 김창수|브이아이피|청년경찰|특별시민|리얼|프리즌|조작된 도시|사랑하기 때문에|당신, 거기 있어줄래요|가려진 시간|시발, 놈: 인류의 시작|터널|슈퍼 프렌즈|계춘할망|희생부활자|엽기적인 그녀 2|그날의 분위기|대호|특종: 량첸살인기|서부전선|협녀, 칼의 기억|쓰리 썸머 나잇|손님|극비수사|경성학교: 사라진 소녀들|내 심장을 쏴라|두근두근 내 인생|소녀괴담|황제를 위하여|표적|극장판 뛰뛰빵빵 구조대 미션: 둥둥이를 구하라!|명량|끝까지 간다|더 파이브|관상|설국열차|더 테러 라이브|잉투기|남자사용설명서|점쟁이들|간첩|두 개의 달|퍼펙트 게임|최종병기 활 감독확장판|가문의 영광4 - 가문의 수난|최종병기 활|짐승|간증|아이들...|나탈리|포화속으로|사요나라 이츠카|반가운 살인자|나는 곤경에 처했다!|천국의 우편배달부|나는 갈매기|마린보이|장례식의 멤버|리턴|작은 여자 큰 여자 그 사이에 낀 남자-에피소드2|마음이...|플라이 대디|호로비츠를 위하여|여교수의 은밀한 매력|음란서생|웰컴 투 동막골|허기|좋은 밤 되세요|웅이 이야기",계춘할망,10006001,창,편집
"로봇, 소리|작전|네번째 층 - 어느날 갑자기 두번째 이야기","로봇, 소리",10058219,이호재,감독
"나를 잊지 말아요|고스톱 살인|좋은 놈, 나쁜 놈, 이상한 놈 |달콤, 살벌한 연인|나를 잊지 말아요",나를 잊지 말아요,20065265,이윤정,감독
기방도령|위대한 소원,위대한 소원,20209287,남대중,감독
혼숨,혼숨,20246149,이두환,감독
안녕자두야 서유기 : 어쩌다 영웅 |극장판 안녕 자두야|안녕 자두야 스페셜 : 인어공주,극장판 안녕 자두야,20234506,손석우,감독
비밀은 없다|음모자|미쓰 홍당무|인터뷰|비처럼 음악처럼|아랫집|오디션|페르소나,비밀은 없다,10054739,이경미,감독
순정|내 청춘에게 고함|힘내라 YS,순정,20140739,이은희,감독
"어느날|남과 여|사랑한다, 사랑하지 않는다|멋진 하루|아주 특별한 손님|러브토크|여자, 정혜|티파니에서 아침을",남과 여,10056949,이윤기,감독
"시민 노무현|무현, 두 도시 이야기 : 파이널 컷|무현, 두 도시 이야기|품행제로|홈 비디오(Home Video)","무현, 두 도시 이야기 : 파이널 컷",20153728,전인환,감독
시동|글로리데이|캐릭터|평행이론|내 사랑 내 곁에|셀푸카메라|염|잔소리|1월 독립영화의 재발견 '벼랑 끝의 사람들'|8th SISFF <단편경쟁 02. 다시 시작하는 연인>|248회 독립영화발표회-최정열 감독 단편 展|9월 독립영화의 재발견 1 - 부제 : “가족의 초상” 단편  展,글로리데이,20112573,최정열,감독
대배우|악마를 보았다|박쥐|싸이보그지만 괜찮아|친절한 금자씨|올드보이|지구를 지켜라|쓰리 몬스터,대배우,20122507,석민우,감독
달빛궁궐|하얀물개,달빛궁궐,20240026,김현주,감독
반도|염력|카이: 거울 호수의 전설|서울역|부산행|졸업반|창백한 얼굴들|화산고래|사이비|돼지의 왕|집으로|창|사랑은 단백질|지옥: 두개의 삶|지옥|콕!애니 - [섹션2] VIEW : 세상보기|연상호 감독 특별전 : 지옥의 시네마|7월 수요단편극장 “연상호 감독 특별전”|제14회 미쟝센 단편 영화제 웃는 게 웃는 게 아니야  |SICAF2015 연상호 단편선|애정만세|인디포럼2015 특별2,서울역,10049814,연상호,감독
공범자들|7년-그들이 없는 언론|자백,자백,20235206,최승호,감독
띠띠뽀 띠띠뽀|꼬마버스 타요 5기 + 타요의 씽씽 극장 2기|띠띠뽀 띠띠뽀 시즌1 / 꼬마버스 타요 시즌5|극장판 꼬마버스 타요의 에이스 구출작전|마당을 나온 암탉|천년여우 여우비|살결|띠띠뽀 띠띠뽀|꼬마버스 타요|세 번째 소원,극장판 꼬마버스 타요의 에이스 구출작전,10019108,류정우,감독
죽여주는 여자|두근두근 내 인생|뒷담화: 감독이 미쳤어요|여배우들|다세포소녀|스캔들-조선남녀상열지사|순애보|정사|나와 통하는 다음검색 : 사랑의 기쁨|어머니의 여름|호모 비디오쿠스|한 도시 이야기,죽여주는 여자,10057210,이재용,감독
미니특공대X|파워배틀 와치카: 와치가면의 역습|부릉! 부릉! 브루미즈: 스피더의 모험 일기|파워배틀 와치카 미니카 배틀리그: 불꽃의 질주|최강전사 미니특공대: 영웅의 탄생|최강전사 미니특공대 : 새로운 악당의 습격|뽀로로 극장판 슈퍼썰매 대모험,최강전사 미니특공대: 영웅의 탄생,20186877,이영준,감독
"허스토리|당신, 거기 있어줄래요|간신|내 아내의 모든 것|세상에서 가장 아름다운 이별|김종욱 찾기|끝과 시작|키친|서양 골동 양과자점 앤티크|열세살 수아|내 생애 가장 아름다운 일주일|이공|여고괴담 두번째 이야기|비밀과 거짓말 |창백한푸른점 |열일곱|허스토리|무서운 이야기 3 : 화성에서 온 소녀|제15회 미쟝센 단편영화제 김태용 단편 특별전 1|무서운 이야기 2|무서운 이야기|무서운 이야기2'444'",무서운 이야기 3 : 화성에서 온 소녀,10027774,민규동,감독
"코메디: 다 웃자고 하는 얘기|솔루션|자가당착: 시대정신과 현실참여|화이트: 저주의 멜로디|방독피|고갈|뇌절개술|자본당 선언: 만국의 노동자여, 축적하라!|중산층 가정의 대재앙|시간의식|철의 여인|자살변주|임계밀도|Bomb! Bomb! Bomb!|빛과 계급 |무서운 이야기 3 : 화성에서 온 소녀|[인디포럼2016] 기획전01 김곡, 김선 특별전|[인디포럼2016] 기획전04 디지털, 눈을 뜨다 |무서운 이야기|무서운 이야기 3 '기계령'|무서운 이야기 '앰뷸런스'",무서운 이야기 3 : 화성에서 온 소녀,10003598,김곡,감독
나와 봄날의 약속|내 심장을 쏴라|디어 에밀리|장례식의 멤버|프랑스 중위의 여자|무서운 이야기 3 : 화성에서 온 소녀|무서운 이야기 3 '여우골',무서운 이야기 3 : 화성에서 온 소녀,20080184,백승빈,감독
무서운 이야기 3 : 화성에서 온 소녀|무서운 이야기 3 '로드레이지',무서운 이야기 3 : 화성에서 온 소녀,20258772,김선,음악
"오목소녀|걷기왕|오늘영화|반드시 크게 들을 것 2 : Wild Days|춤추는 동물원|반드시 크게 들을 것|청소왕 순아의 놀라운 하루|백역사|화목한 수레|지각생들|잘 자, 좋은 꿈꿔!|10월 수요단편극장 <걷기왕> 개봉 기념 특별전|한국 환경영화의 흐름 단편 3",걷기왕,10030331,백승화,감독
일사각오|그 사람 그 사랑 그 세상,일사각오,20195495,권혁만,감독
일사각오,일사각오,20269333,고문안,감독
슈퍼 프렌즈,슈퍼 프렌즈,20239406,이원재,감독
슈퍼 프렌즈|코알라 키드 : 영웅의 탄생|파이스토리,슈퍼 프렌즈,20111323,이경호,감독
다이노X 탐험대,다이노X 탐험대,20234026,이동희,감독
"아무도 없는 곳|더 테이블|최악의 하루|조금만 더 가까이|바람의 노래|엄마 찾아 삼만리|메모리즈|별 시(別 時)|모르는 여자|올 가을의 트렌드|메모리즈|헤이, 톰 |기다린다|길잃은시간|드라이버|침묵의 대화|모놀로그 #1|누구나 외로운 계절 |영재를 기다리며|낙원|폴라로이드 작동법|사랑하는 소녀|바람 이야기|운디드 |페르소나|김종관 감독 특별 상영 더 테이블+최악의 하루+폴라로이드 작동법 |최악의 하루+폴라로이드 작동법|5월 수요단편극장 “김종관 & 양익준 감독展”|<4월 단편 상상극장-첫사랑 연습법>|아카이브의 유령들|연인들|숏!숏!숏!|눈부신 하루|Dir/Actors 6. 양익준 단편|거리 이야기",최악의 하루+폴라로이드 작동법,10005660,김종관,감독
엽기적인 그녀 2|그해 여름|품행제로|워너비,엽기적인 그녀 2,10065271,조근식,감독
"흥부: 글로 세상을 바꾼 자|번개맨|봄|26년|후궁 : 제왕의 첩|마이 웨이|두 여자|슬픔보다 더 슬픈 이야기|1724 기방난동사건|고고 70|가루지기|라듸오 데이즈|마이 파더|지금 사랑하는 사람과 살고 있습니까?|전설의 고향|허브|음란서생|형사 Duelist|천군|인어 공주|장화, 홍련|버스, 정류장",번개맨,10065272,조근현,감독
올레,올레,20211226,채두병,감독
양자물리학|두 남자,두 남자,20244789,이성태,감독
극장판 프랭키와 친구들: 생명의 나무|지구대표 롤링스타즈,극장판 프랭키와 친구들: 생명의 나무,20134495,박정오,감독
"인간, 공간, 시간 그리고 인간|포크레인|그물|스톱|메이드 인 차이나|일대일|붉은 가족|배우는 배우다|뫼비우스|신의 선물|피에타|풍산개|아멘|아리랑|비몽|영화는 영화다|아름답다|숨|시간|활|한국 영화의 르네상스|빈집|사마리아|봄 여름 가을 겨울 그리고 봄|해안선|나쁜 남자|수취인불명|실제상황|섬|파란대문|야생동물보호구역|악어|베니스 70 : 미래 재장전",그물,10003696,김기덕,감독
빅뱅 메이드,빅뱅 메이드,20238366,변진호,감독
북간도의 십자가|순종,순종,20246309,김동민,감독
순종,순종,20246329,이주훈,감독
아나운서 살인사건|13일의 금요일 : 음모론의 시작|디엠지:리로드|데스트랩|폴리스 스파이|야경 : 죽음의 택시|월하|잡아야 산다|십이야: 깊고 붉은 열두 개의 밤 Chapter1|소녀괴담|모멘트|한중10년의 동행: 한예종 영상원/북경영화학교 합작영화 10주년 작품전,잡아야 산다,20188088,오인천,감독
우리집|우리들|찌라시: 위험한 소문|콩나물|손님|사루비아의 맛|2016 대단한단편영화제-개막식+개막작|2016 대단한단편영화제-감독 특별전: 윤가은|10월단단한영화展(윤가은 감독전)|인디스데이 6월 단편|2015 GSFF-개막식|2015 GSFF 배우 특별전: 김수안 |제14회 미쟝센 단편영화제 가(家)가-호호!1|10월 단편 상상극장-제8회 대단한 단편영화제 수상작 모음|리코더 시험+콩나물+달이 기울면|지구의 아이들 단편 3-1 |지구의 아이들 단편 3|독립영화의 재발견 32회 - 윤가은 감독 단편展|12월 단편 상상극장 - 2013 단편 명불허전,우리들,20113672,윤가은,감독
목숨 건 연애|마이 웨이|슈퍼스타 감사용|태극기 휘날리며|오버 더 레인보우|바이 준,목숨 건 연애,10037076,송민규,감독
한강에게|소공녀|범죄의 여왕|굿바이 싱글|더티혜리|다문입술|그의 인상|플라스틱 로봇|인디스데이 10월 단편|12월 수요단편극장 “그들 각자의 ‘단편’ 영화관” |4월 수요단편극장-소녀로 살기는 힘들어,범죄의 여왕,20162031,이요섭,감독
"범죄의 여왕|굿바이 싱글|족구왕|1999, 면회|독|연리지|두사부일체|1000만|빨리 보는 남자, 빨리 치는 여자|환상극장",범죄의 여왕,10006078,김태곤,감독
"유열의 음악앨범|침묵|남극의 여름|4등|잉투기|은교|이끼|모던보이|나의 사랑, 나의 영화|감독들, 김기영을 말하다|사랑니|해피엔드|배낭을 멘 소년 |생강|그랜드 파더|사로|미행+남극의 여름|인디포럼2014 필름1|다섯 개의 시선|인디포럼2015 특별1",4등,10062256,정지우,감독
해피 투게더|트릭,트릭,20225826,이창열,감독
미니특공대X|파워배틀 와치카: 와치가면의 역습|부릉! 부릉! 브루미즈: 스피더의 모험 일기|파워배틀 와치카 미니카 배틀리그: 불꽃의 질주|최강전사 미니특공대: 영웅의 탄생|최강전사 미니특공대 : 새로운 악당의 습격|뽀로로 극장판 슈퍼썰매 대모험,파워배틀 와치카 미니카 배틀리그: 불꽃의 질주,20186877,이영준,감독
응징자2|게이트-완결판|게이트|대결|치외법권|따라지: 비열한 거리 무삭제판|따라지 : 비열한 거리|응징자|웨딩스캔들|서유기 리턴즈|4교시 추리영역|못말리는 결혼|내사랑 싸가지|유아독존|동감,대결,20111176,신동엽,감독
킹 오브 프리즘 –샤이니 세븐 스타즈- IV 루이x신x언노운|킹 오브 프리즘 -샤이니 세븐 스타즈- Ⅲ 레오×유우×알렉|킹 오브 프리즘 –샤이니 세븐 스타즈- II 카케루x조지x미나토|킹 오브 프리즘 -샤이니 세븐 스타즈-|킹 오브 프리즘 - 프라이드 더 히어로|극장판 프리파라 모두 모여라! 프리즘☆투어즈|킹 오브 프리즘|뉴타입 히어로 얏타맨,극장판 프리파라 모두 모여라! 프리즘☆투어즈,20129369,히시다 마사카즈,감독
춘몽|그랜드파더|타투|사람을 찾습니다|말아톤|아카시아(Acacia)|클래식|일단뛰어|화이팅 패밀리 '해마 가족',그랜드파더,10055931,이서,감독
인천상륙작전 : 익스텐디드 에디션(확장판)|인천상륙작전|제3의 사랑|포화속으로|사요나라 이츠카|내 머리 속의 지우개|컷 런스 딥,인천상륙작전 : 익스텐디드 에디션(확장판),10057235,이재한,감독
"프린세스 아야|카이: 거울 호수의 전설|창백한 얼굴들|화산고래|집|나의 사랑, 나의 영화|천년여우 여우비|살결|마리이야기|악심|저수지의 괴물|자전거여행|오늘이|낫|덤불 속의 재|연인|넋|9월 수요단편극장 ""전설 애니 극장""|인디애니페스트2015-이성강 감독 특별전 <명불허전>|정동진독립영화제2013 섹션3|부천 초이스 : 단편 2|별별 이야기|2월 금요단편극장-애니식스",카이: 거울 호수의 전설,10055997,이성강,감독
연애담|바캉스|Distance|인디스데이 11월 단편|11월 단편 상상극장-연애단(短)|2016 대단한단편영화제-배우 특별전: 이상희|국내단편 1|인디포럼2015 발효 가족|KAFA 단편 4|섹션 1 - 2차실습작|단편 KAFA1.,연애담,20187945,이현주,감독
"히야|고지전|킹콩을 들다|더 게임|마을금고 연쇄습격사건|플라이 대디|방과후 옥상|댄서의 순정|제니, 주노|생수",히야,20140497,김지연,감독
죄 많은 소녀|어른도감|수성못|아기와 나|연애담|양치기들|섬. 사라진 사람들|성실한 나라의 앨리스|어벤져스: 에이지 오브 울트론|소셜포비아|잉투기|공정사회|통증|해운대|청춘만화|낭만자객|색즉시공|취화선|세개의 거울|함정,섬. 사라진 사람들,10057552,이지승,프로듀서
커터|검은 갈매기|철없는 아내와 파란만장한 남편 그리고 태권소녀|휴머니스트|세븐틴|이효종씨 가족의 저녁 식사|숨은 창 닫기,커터,20213086,정희성,감독
"강변호텔|풀잎들|그 후|클레어의 카메라|밤의 해변에서 혼자|당신자신과 당신의 것|지금은맞고그때는틀리다|자유의 언덕|우리 선희|누구의 딸도 아닌 해원|토니 레인즈의 한국영화 25년|다른나라에서|북촌방향|옥희의 영화|하하하|잘 알지도 못하면서|밤과 낮|나의 사랑, 나의 영화|해변의 여인|극장전|한국 영화의 르네상스|여자는 남자의 미래다|생활의 발견|오! 수정|강원도의 힘|돼지가 우물에 빠진 날|리스트|첩첩산중|10월 단편 상상극장-홍상수 단편선|베니스 70 : 미래 재장전|어떤 방문 : 디지털 삼인삼색2009",당신자신과 당신의 것,10089497,홍상수,감독
무수단|군사통제구역 팔이공지대|삼인삼색 - 동거동락,무수단,10002140,구모,감독
브링 홈: 아버지의 땅|앨리프,브링 홈: 아버지의 땅,20113066,텐진 체탄 초클리,감독
후쿠오카|군산: 거위를 노래하다|춘몽|필름시대사랑|경주|풍경|두만강|이리|중경|궤도|경계|망종|당시|동행|디지털 삼인삼색 2013: 풍경|주리|사실|11세|AISFF2015 아시프 랑데부: 최고의 감독 & 동행|AISFF2015 시네마 올드 앤 뉴 |AISFF2015 특별상영 & 미스터쿠퍼 |이방인들 : 디지털 삼인삼색2013,춘몽,10060143,장률,감독
"오 마이 파파|나의 아들, 나의 어머니|춘희막이|님아, 그 강을 건너지 마오|안녕?! 오케스트라",오 마이 파파,20187247,박혁지,감독
5.18 힌츠페터 스토리|멜리스|된장|다섯은 너무 많아,멜리스,20206966,김용운,감독
두 번째 스물|경의선|역전의 명수|하루,두 번째 스물,20110995,박흥식,감독
나의 살던 고향은,나의 살던 고향은,20247050,류종헌,감독
미니특공대X|파워배틀 와치카: 와치가면의 역습|부릉! 부릉! 브루미즈: 스피더의 모험 일기|파워배틀 와치카 미니카 배틀리그: 불꽃의 질주|최강전사 미니특공대: 영웅의 탄생|최강전사 미니특공대 : 새로운 악당의 습격|뽀로로 극장판 슈퍼썰매 대모험,부릉! 부릉! 브루미즈: 스피더의 모험 일기,20186877,이영준,감독
"중독|광인옥한흠|제자도 - 제자,옥한흠2|순교|제자, 옥한흠|나의 선택-잊혀진 가방 그 못다한 이야기|잊혀진 가방","제자도 - 제자,옥한흠2",10004440,김상철,감독
극장판 프리즘스톤 올스타 셀렉션,극장판 프리즘스톤 올스타 셀렉션,20256529,김영범,감독
불숨|시소|물숨,시소,20193079,고희영,감독
봉이 김선달|나홀로 휴가|파리의 한국남자|역린|뫼비우스|무게|콘돌은 날아간다|더 킥|인플루언스|집행자|마린보이|천년학|한반도|로망스|맹부삼천지교|목포는 항구다|청풍명월(淸風明月)|스턴트맨|나쁜 남자|수취인불명|교도소 월드컵|얼굴|처녀들의 저녁식사|야생동물보호구역|내 안에 우는 바람|악어|카루나|영원한 제국|가슴에 돋는 칼로 슬픔을 자르고,나홀로 휴가,10066929,조재현,배우
불숨|시소|물숨,물숨,20193079,고희영,감독
고백|초인|장마,초인,20168380,서은영,감독
양치기들|고死 두 번째 이야기: 교생실습|보편적 순간|황 여사|커튼콜|갑과 을|인디스데이 6월 단편|단편 KAFA 3|단편 KAFA2.|섹션 3 - 2차실습작|1차실습작,양치기들,20187952,김진황,감독
프랑스여자|설행_눈길을 걷다|청포도 사탕: 17년 전의 약속|열세살 수아|언젠가|만남|좋은 날,설행_눈길을 걷다,10006553,김희정,감독
커튼콜|내 심장을 쏴라|터치|페이스메이커|비밀애|아내가 결혼했다|임성옥 자살기|죽어라지마|네임,커튼콜,10019026,류훈,감독
"로마서 8:37|동주|프랑스 영화처럼|조류인간|개를 훔치는 완벽한 방법|배우는 배우다|러시안 소설|페어러브|약탈자들|좋은 배우|과대망상자들|내 노래를 들어줘|수주 인 파리|플레이 노 모어|원스 인 어 라이프타임|신연식이 수주와 파리로 간 까닭은? - 신연식 단편선|3월 단편 상상극장-여자, 남자",프랑스 영화처럼,10040499,신연식,감독
언더그라운드|그림자들의 섬|버스를 타라|노웨어 맨,그림자들의 섬,20129592,김정근,감독
야근 대신 뜨개질|할머니의 먼 집,할머니의 먼 집,20221427,이소현,감독
업사이드 다운,업사이드 다운,20212787,김동빈,감독
시간의 종말|다방의 푸른 꿈|한국번안가요사|살인의 강|내 신발에게,시간의 종말,20167301,김대현,감독
"초행|춘천, 춘천|철원기행",철원기행,20191466,김대환,감독
레나,레나,20234306,김도원,감독
삼례|용문|원시림|Link & wave |29.97-Media art work screening,삼례,20168120,이현정,감독
우리 연애의 이력,우리 연애의 이력,20215487,조성은,감독
"아메리카 타운|파리의 한국남자|콘돌은 날아간다|핑크|영도 다리|히말라야, 바람이 머무는 곳|검은 땅의 소녀와|가족초상화|개와 늑대 사이의 시간|나는 나를 파괴할 권리가 있다|새는 폐곡선을 그린다|내 안에 우는 바람",파리의 한국남자,10061331,전수일,감독
독도의 영웅들|약혼|한걸음 |독도의 영웅|남도의 백합화,독도의 영웅들,20217370,권순도,감독
바람의 언덕|재꽃|스틸 플라워|들꽃|찡찡 막막|연옥: 멜로드라마|뭘 또 그렇게까지,스틸 플라워,20191486,박석영,감독
"roooom|창백한 얼굴들|화산고래|성실한 나라의 앨리스|소셜포비아|잉투기|마마|나는 곤경에 처했다!|그녀는 예뻤다|여고괴담 4 : 목소리|우리에게 떡볶이를 먹을 권리가 있다|아빠의 맛|유언 Live|하늘소리, 땅소리|트루 메모리|나는 왜 권투심판이 되려 하는가|플레이 체육왕 - 스포츠 단편모음|시선 사이|인디스데이 6월 단편|신촌좀비만화|황금시대",우리에게 떡볶이를 먹을 권리가 있다,10072627,최익환,제작
위켄즈,위켄즈,20231946,이동하,감독
드롭박스,드롭박스,20235766,브라이언 아이비,감독
우주의 크리스마스|대한독립만세|라이어|동갑내기 과외하기|세개의 거울|스모크,우주의 크리스마스,10003582,김경형,감독
소꿉놀이,소꿉놀이,20208249,김수빈,감독
"우리 손자 베스트|연소, 석방, 폭발, 대적할 이가 없는|창피해|귀여워|나쁜 영화|김수현,윤모 감독 단편모음전",우리 손자 베스트,10004779,김수현,감독
"한강블루스|아버지와 마리와 나|소년, 천국에 가다|철없는 아내와 파란만장한 남편 그리고 태권소녀|복수는 나의 것|피도 눈물도 없이|휴머니스트",한강블루스,10055390,이무영,감독
홀리워킹데이,홀리워킹데이,20210467,이희원,감독
수색역|R2B: 리턴투베이스|미싱|꿈은 이루어진다|기절 3D,수색역,20175840,최승연,감독
작은 형|이대근 이 댁은|불후의 명작,작은 형,10040817,심광진,감독
"돈 맛|매너선생님|챌린지 게임|알바생들|P.S. 걸|음란한 가족|공사중|나는 야한 여자가 좋다|설해|내비게이션|청춘학당 : 풍기문란 보쌈 야사|들개들|아티스트 봉만대|렛 미 아웃|가자, 장미여관으로|꼭두각시|롤플레이|스타: 빛나는 사랑|러브 콜|무산일기|워낭소리|우리 학교|안녕, 사요나라|송환|달, 실",돈 맛,10089612,홍수동,감독
돈 맛|엔조이닷컴,돈 맛,20235546,백수호,감독
흔들리는 물결|바람의 파이터|오구|와니와 준하,흔들리는 물결,20162812,김진도,감독
"재혼의 기술|발광하는 현대사|늦여름|딥|각자의 미식|게스트하우스|실종2|어떻게 헤어질까|두 개의 연애|어떤이의 꿈|플랑크 상수|산타바바라|내가 고백을 하면|설마 그럴리가 없어|모피를 입은 비너스|돌이킬 수 없는|맛있는 인생|집 나온 남자들|채식주의자|여배우들|집행자|부산|이태원 살인사건|10억|거북이 달린다|키친|오이시맨|로맨틱 아일랜드|이리|비몽|멋진 하루|영화는 영화다|아름답다|중경|별빛 속으로|열세살 수아|아주 특별한 손님|온 더 로드, 투|거칠마루|라스트 씬|화장실, 어디에요?|도쿄!",두 개의 연애,10065915,조성규,감독
"중2라도 괜찮아|두 번째 스물|돌이킬 수 없는|죽이러 갑니다|치킨게임|마이티 맨|가족 같은 개, 개 같은 가족|핵분열가족|비와 당신의 이야기|어떤 나들이|비트박스은준의이야기|나의사랑스러운아파트|암흑 속의 세 사람|방 안의 코끼리|8월 수요단편극장 ""인디 잔혹극장""|시선 너머|판타스틱 자살소동|9시 5분",치킨게임,20110814,박수영,감독
나는 증인이다|순수의 시대|순수의 시대 무삭제편|블라인드|레인보우|아랑|...ing|패스오버|다섯 개의 시선,나는 증인이다,20111254,안상훈,감독
딜쿠샤|너를 부르마,딜쿠샤,20188668,이세영,감독
광화문|딜쿠샤|마마|신성일의 행방불명|프락치,딜쿠샤,20146447,김태영,감독
하트|밤치기|비치온더비치|조인성을 좋아하세요|극장에서 한 생각.|간밤에 꾼 꿈|처음|내가 어때섷ㅎㅎ|너와 극장에서|여성감독 단편선_인디포럼 월례비행 12월|[인디포럼2016] 신작14 어느 날 내게 다가온 너|2015 GSFF 단편 경쟁 4|11월 단편 상상극장-제9회 대단한 단편영화제 수상작 모음,비치온더비치,20237286,정가영,감독
"블랙가스펠2: 소울을 찾는 여정가운데 만난 사람들|블랙 가스펠|회복|신기전|모두들, 괜찮아요?",블랙가스펠2: 소울을 찾는 여정가운데 만난 사람들,20112797,김성권,감독
블랙가스펠2: 소울을 찾는 여정가운데 만난 사람들|블랙 가스펠|용서|회복|모노폴리|파라다이스빌라,블랙가스펠2: 소울을 찾는 여정가운데 만난 사람들,10057108,이임주,프로듀서
외박: 친구의 여자|개인교수: 심화학습 (무삭제)|입영전야|개인교수: 심화학습|하숙집 2 (무삭제)|하숙집 2,하숙집 2 (무삭제),20226055,정태령,감독
"오늘도 평화로운|시발, 놈: 인류의 시작|숫호구","시발, 놈: 인류의 시작",20120681,백승기,감독
"사막을 건너 호수를 지나|구르는 돌처럼|야근 대신 뜨개질|자, 이제 댄스타임|바람이 불어오는 곳|우리 학교",야근 대신 뜨개질,20214911,박소현,감독
이산자|경계|붕괴|가면놀이|용산|할매꽃|슬로브핫의 딸들|송환|김종태의 꿈|저수지의 개들 take 2. 낙동강 (with 바드&정민아)|영산강 사람들|강의 진실,경계,10026800,문정현,감독
경계|워터 핸드,경계,10085020,블라디미르 토도로비치,감독
경계|감옥과 천국,경계,20177121,다니엘 루디 하리얀토,감독
"재혼의 기술|발광하는 현대사|늦여름|딥|각자의 미식|게스트하우스|실종2|어떻게 헤어질까|두 개의 연애|어떤이의 꿈|플랑크 상수|산타바바라|내가 고백을 하면|설마 그럴리가 없어|모피를 입은 비너스|돌이킬 수 없는|맛있는 인생|집 나온 남자들|채식주의자|여배우들|집행자|부산|이태원 살인사건|10억|거북이 달린다|키친|오이시맨|로맨틱 아일랜드|이리|비몽|멋진 하루|영화는 영화다|아름답다|중경|별빛 속으로|열세살 수아|아주 특별한 손님|온 더 로드, 투|거칠마루|라스트 씬|화장실, 어디에요?|도쿄!",어떻게 헤어질까,10065915,조성규,감독
임신한 나무와 도깨비|거미의 땅|사당동 더하기 22|나와 부엉이,거미의 땅,10028435,박경태,감독
임신한 나무와 도깨비|거미의 땅|아메리칸 앨리|로스트&파운드,거미의 땅,10003940,김동령,감독
짐작보다 따뜻하게|잘 알지도 못하면서|해변의 여인|천군|초승달과 밤배|여행|마스터 클래스의 산책,짐작보다 따뜻하게,20150940,이상민,연출팀
"밤섬해적단 서울불바다|소녀와 여자|특종: 량첸살인기|논픽션 다이어리|안녕?! 오케스트라|트럭|호로비츠를 위하여|역도산|싱글즈|결혼은, 미친짓이다|화산고|무사|킬리만자로|행복한 장의사|해적단 강정가다|Jam Docu 강정",소녀와 여자,20130020,김효정,프로듀서
굴레: 소녀의 눈|커피 느와르: 블랙 브라운|사돈의 팔촌|네버다이 버터플라이|서울독립영화제2015  심야상영2,사돈의 팔촌,20172723,장현상,감독
"그림자꽃|크로싱 비욘드|달에 부는 바람|달팽이의 별|신의 아이들|부재의 기억|얘기해도 돼요?|폐허,숨을쉬다|얘기해도 돼요? + 어린 인생",달에 부는 바람,10056267,이승준,감독
"울보|겨울잠|오후 3시, 봄날|레이디 퍼스트|정동진독립영화제2013 섹션5",울보,20122905,이진우,감독
테이크 미 홈|왕초와 용가리,왕초와 용가리,20214926,이창준,감독
혼자|물고기|괴롭히는 여자|서울독립영화제2015  심야상영1,혼자,20111993,박홍민,감독
눈이라도 내렸으면|미스진은 예쁘다|변신|선택|어떤 싸움의 기록|닿지 않는|워킹플롯|금지된 장난|물밑소리|모자이크|Media art work screening 3월 SECTION Ⅰ|4.16 옴니버스 프로젝트,눈이라도 내렸으면,10060684,장희철,감독
러브레따|제15회 미쟝센 단편영화제 사랑에 관한 짧은 필름1|보고싶다,러브레따,20238489,서은아,감독
탐욕의 별|별이 빛나는 밤|철암 계곡의 혈투|U.F.O.,탐욕의 별,20112654,공귀현,감독
"자매의 공동묘지|몽달|열대야|애정소년 잔혹사|스타박'스 다방|어느 여름날 밤에|더티 로맨스|워킹 스트리트|나는 쓰레기다|친애하는 지도자동지께|스피드|비상구|지옥화|욕정이 활활|바비|아버지는 개다|엄마는 창녀다|트로피컬 마닐라|소설, 영화와 만나다",워킹 스트리트,20111446,이상우,감독
로드킬|지금 이순간|대가리|독고다이|일진 3|일진 2|메모리즈|일진|미스터 좀비(감독판)|휴가|외도|지렁이|위험한 중독|포장마차|젊은 처제|그리울 련|짓2: 붉은 낙타|어우동: 주인 없는 꽃 무삭제판|어우동: 주인 없는 꽃|연애의 기술|짓|연애의 기술 감독판|전망 좋은 집|전망좋은집:무삭제노출판|미스터좀비,휴가,10056145,이수성,감독
내안의 그놈|양아치 느와르|폭력의 법칙: 나쁜 피 두 번째 이야기|미쓰 와이프|나쁜 피|육혈포 강도단|펀치레이디|맨손으로 죽여라?|조폭마누라,폭력의 법칙: 나쁜 피 두 번째 이야기,10000970,강효진,감독
외박: 친구의 여자|개인교수: 심화학습 (무삭제)|입영전야|개인교수: 심화학습|하숙집 2 (무삭제)|하숙집 2,개인교수: 심화학습 (무삭제),20226055,정태령,감독
내 친구의 엄마|동거의 목적(무삭제판)|동거의 목적|내 친구의 아내,동거의 목적(무삭제판),20228788,조성우,프로듀서
여선생2 무삭제|우리도련님 무삭제|우리 도련님|여선생2|여자친구|감금의 시간 2 무삭제|여선생 무삭제|여선생|감금의 시간 2|엄마친구2 무삭제|엄마친구 2|청춘학당2 기생난입야사|감금의 시간,청춘학당2 기생난입야사,20223386,김대성,감독
하프|왓니껴|본아베띠 화려한 음식|본아베띠 자극적인 음식|본아베띠 맛있는 음식|추격자|데뷔,하프,10004672,김세연,감독
착한 이모의 은밀한 아르바이트|성인용품 사용설명서|착한 이모의 은밀한 아르바이트 무삭제판|성인용품 사용설명서 무삭제판|착한엄마 무삭제: 아버지의 여자를 탐하다|착한 엄마: 아버지의 여자를 탐하다|친구엄마 2018|착한 친구엄마|착한 장모|내 엄마의 친구|외박: 친구의 여자 (무삭제)|외박: 친구의 여자|입영전야 무삭제: 여선배의 자취방 버전|입영전야,입영전야 무삭제: 여선배의 자취방 버전,20234468,유승택,감독
엘 꼰도르 빠사,엘 꼰도르 빠사,10037199,송재용,감독
"한 남자|애연|침입자|어린 아내|잠 못 이루는 섹스|금지된 섹스, 달콤한 복수 무삭제 감독판|야한밤 심야극장|금지된 섹스, 달콤한 복수|모텔|위험한 섹스|애인|조선안방 스캔들-칠거지악2|조선안방 스캔들-칠거지악|정사: 위험한 성적 유희 무삭제판|정사: 위험한 성적유희|환상|열애|열애(무삭제감독판)|환상-금지된 정사버전|두 아내|두 아내 무삭제 감독판|배꼽과 무릎사이 (무삭제 감독판)|스무살의 이중생활|맛있는 섹스, 맛있는 상상|금지된 섹스 불륜2|전망 좋은 방-밀애|맛있는불륜-택시|여인의 숨결|48시간의 일탈|금지된 섹스, 불륜2 감독판|플라스틱 섹스|몽정애 |마지막 밀애|아찔한 동거|거칠게 다루지마! 다쳐!|몽정애-감독판","금지된 섹스, 달콤한 복수",10056203,이숭환,감독
어린 형수 5|막내 형수 - 무삭제판|사돈 처녀 2|음란 과외 2 - 무삭제판|관전남|막내 형수|음란 과외 2|엄마 애인 2 - 무삭제판|엄마 애인 2|관전남 - 무삭제판|어린 형수 4-무삭제판|초대녀 2 - 무삭제판|어린 형수 4|초대녀 2|초대녀 - 무삭제판|어린 처제 - 무삭제판|초대녀|여직원의 맛|어린 처제|어린 형수 3 - 무삭제판 |어린 형수 3|아내를 바꾸다|딸의 친구 - 무삭제판|일본 엄마|딸의 친구|유혹|음란 선비 - 무삭제판|음란 과외 - 무삭제판|음란 선비|음란 과외|맛 2016: 삼시색기- 무삭제판|맛 2016: 삼시색기|새엄마|어린 형수 - 무삭제판|어린 형수|외도(무삭제판)|외도|동호회의 목적|야한 누나들|용주골-무삭제판|용주골,야한 누나들,20223066,최우성,감독
"어린 엄마의 비밀|맛섹 은밀한 경험 - 무삭제판|어린 새엄마-감독판|친구엄마 그리고 정사-무삭제판|조선음란기방 옥미향 명기열전|선녀는 몸으로 운다-무삭제판|마지막 정사: 여럿이 다같이-감독판|두번째 엄마2-무삭제판|새 엄마의 선물 떡 - 무삭제판|어린 새엄마-무삭제판|마지막 정사: 여럿이 다같이-무삭제판|맛있는 섹스 누나 친구-무삭제판|섹스-이웃집 여자-감독판|선녀는 몸으로 운다-감독판|어린 여배우 무삭제판|음란 조선 기방|맛있는 섹스 그리고 그 여자-감독판|여동생 친구|맛있는 섹스 누나 친구-감독판|거짓말 2018: 감독판|가래떡의 맛: 감독판|선녀의 몸으로 운다-감독판|친구엄마 그리고 정사-감독판|어린 여배우|조선음란기방 옥미향|맛섹 은밀한 경험 감독판|정사의 맛 감독판|그녀의 깊은 정사-감독판|가정부의 손맛 감독판|맛있는 섹스 은밀한 동거|맛있는 섹스 그리고 그 여자|가정교사-맛있는 섹스 비밀 수업|정사: 은밀한 밀애|자유연애시대 무삭제 특별판|핫섹토크 무삭제 감독판|뜨거운 이웃 무삭제 감독판|맛있는 만남|야한밤 심야극장|자유연애시대|뜨거운 이웃|금지된 섹스, 달콤한 복수|핫섹토크|조선안방 스캔들-칠거지악|비밀리애|애송이",맛있는 만남,10057251,이전,감독
젊은엄마 그리고 섹스|음란 조선 기방|어린 여자: 맛있는 관음-무삭제판|어린여자 : 맛있는 관음|잠 못 이루는 섹스 2|옆집 누나|잠 못 이루는 섹스|야한밤 심야극장|두 번째 엄마 무삭제판|정사: 위험한 성적 유희 무삭제판|두 번째 엄마 |정사: 위험한 성적유희|거짓말 2014|애피소드,야한밤 심야극장,20199129,이민환,감독
"어린 엄마의 비밀|맛섹 은밀한 경험 - 무삭제판|어린 새엄마-감독판|친구엄마 그리고 정사-무삭제판|조선음란기방 옥미향 명기열전|선녀는 몸으로 운다-무삭제판|마지막 정사: 여럿이 다같이-감독판|두번째 엄마2-무삭제판|새 엄마의 선물 떡 - 무삭제판|어린 새엄마-무삭제판|마지막 정사: 여럿이 다같이-무삭제판|맛있는 섹스 누나 친구-무삭제판|섹스-이웃집 여자-감독판|선녀는 몸으로 운다-감독판|어린 여배우 무삭제판|음란 조선 기방|맛있는 섹스 그리고 그 여자-감독판|여동생 친구|맛있는 섹스 누나 친구-감독판|거짓말 2018: 감독판|가래떡의 맛: 감독판|선녀의 몸으로 운다-감독판|친구엄마 그리고 정사-감독판|어린 여배우|조선음란기방 옥미향|맛섹 은밀한 경험 감독판|정사의 맛 감독판|그녀의 깊은 정사-감독판|가정부의 손맛 감독판|맛있는 섹스 은밀한 동거|맛있는 섹스 그리고 그 여자|가정교사-맛있는 섹스 비밀 수업|정사: 은밀한 밀애|자유연애시대 무삭제 특별판|핫섹토크 무삭제 감독판|뜨거운 이웃 무삭제 감독판|맛있는 만남|야한밤 심야극장|자유연애시대|뜨거운 이웃|금지된 섹스, 달콤한 복수|핫섹토크|조선안방 스캔들-칠거지악|비밀리애|애송이",뜨거운 이웃 무삭제 감독판,10057251,이전,감독
고백할 수 없는|역전에 산다,고백할 수 없는,20114812,최인규,프로듀서
색시공...주홍글씨의 비밀|그빨로,그빨로,10002357,권만회,감독
"연애담|연애의 발동 : 상해 여자, 부산 남자|가시|잉투기|맨발의 꿈|피안도|크로싱|백만장자의 첫사랑|늑대의 유혹|이공|화산고|키스할까요|박봉곤 가출사건|남자는 괴로워|나의 사랑, 나의 신부|아임 오케이|편의점2시|3인 3색 러브스토리 : 사랑즐감","연애의 발동 : 상해 여자, 부산 남자",10006085,김태균,감독
블랙스톤|벌거숭이|검은 갈매기|허수아비들의 땅|마지막 밥상,블랙스톤,10007904,노경태,감독
너는 결코 서둘지 말라 |일어서는 인간|달빛 길어올리기|파인더|천년학|하류인생|내 시절의 모럴|두 개의 밤,일어서는 인간,20189612,김미영,감독
깡치,깡치,20231926,연정모,감독
미스터 쿠퍼|피팅룸|AISFF2015 특별상영 & 미스터쿠퍼,미스터 쿠퍼,20176421,오정미,감독
배짱이들,배짱이들,20249609,정훈,편집
기억의 소리|연평해전|어디로 갈까요?|비디오를 보는 남자|또 다른 방,기억의 소리,10054821,이공희,감독
"여교사|거인|오늘만 날이다|인생은 새옹지마|춘곤증 |밤벌레|도시의 밤|복무태만|얼어붙은 땅|서울의 달|바람이 분다|아이들은|인디스데이 1월 단편 |4월 수요단편극장 ""전주국제영화제 수상작 특별전""|오오단편극장 – 김태용 감독 단편모음|인디스데이 7월 단편|3월 수요단편극장 - 브라운관 속 스타들의 단편영화|12월 단편 상상극장-응답하라 1988|9월 단편 상상극장-김태용 감독 특별전|서울연애|유령",여교사,20191068,김태용,감독
사랑하기 때문에|토끼와 리저드,사랑하기 때문에,10069178,주지홍,감독
새끼손가락|걱정말아요,걱정말아요,20263330,김대견,감독
"종로의 기적|REC 알이씨|연지|애타는 마음|올드 랭 사인|떠다니는 섬|제6회 서울 프라이드 영화제 국내단편2|BIFAN2016 부천 초이스 : 단편 2|걱정말아요|7월 수요단편극장 ""레인보우 샤베트""|국내단편 2|동백꽃|소준문 감독 특별전",걱정말아요,10036683,소준문,감독
"아티스트: 다시 태어나다|도희야|아부의 왕|부러진 화살|혜화, 동|마린보이|기다리다 미쳐|강적|마지막 늑대|송곳니|소월길|아파트|제15회 미쟝센 단편영화제 희극지왕 1|BIFAN2016 판타스틱 단편 걸작선 14 - ScreenX|걱정말아요|국내단편 1|경쟁 7 - 2015 전북독립영화제",걱정말아요,10040599,신종훈,감독
소시민|개똥이,소시민,20167143,김병준,감독
문영|문영 단편|너는 거지란다|2월 단편 상상극장-김소연 감독 단편선|오오단편극장 – 김태리 배우 특별전|[인디포럼2016] 신작04 시선이 닿는 곳|오오단편극장 #우리는 분위기를 사랑해|7월 단편 상상극장-태리씨| 2016 대단한단편영화제-단편 초청 섹션 2|서울독립영화제2015 경쟁단편 2,문영 단편,20222448,김소연,감독
7년-그들이 없는 언론,7년-그들이 없는 언론,20235147,김진혁,감독
터닝메카드W: 블랙미러의 부활|별주부,터닝메카드W: 블랙미러의 부활,20188062,김석원,감독
터닝메카드W: 반다인의 비밀 특별판|터닝메카드W: 블랙미러의 부활,터닝메카드W: 블랙미러의 부활,20251869,홍헌표,감독
비상선언|더 킹|특종: 량첸살인기|관상|연애의 온도|우아한 세계|연애의 목적|내츄럴시티,더 킹,10087712,한재림,감독
창궐|공조|마이 리틀 히어로,공조,20128773,김성훈,감독
다른 길이 있다|폭풍전야|피터팬의 공식|나쁜 남자|날아라 닭!|리틀 인디언 보이|판타스틱 자살소동,다른 길이 있다,10067366,조창호,감독
시간의 종말|다방의 푸른 꿈|한국번안가요사|살인의 강|내 신발에게,다방의 푸른 꿈,20167301,김대현,감독
뚜르: 내 생애 최고의 49일,뚜르: 내 생애 최고의 49일,20215849,전일우,감독
뚜르: 내 생애 최고의 49일,뚜르: 내 생애 최고의 49일,20214827,임정하,감독
뚜르: 내 생애 최고의 49일,뚜르: 내 생애 최고의 49일,20215848,박형준,감독
뚜르: 내 생애 최고의 49일,뚜르: 내 생애 최고의 49일,20215847,김양래,감독
어린 아내-무삭제판|맛있는 유혹|섹스의 목적 - 감독판|바람난 아내|금지된 애욕|맛있는 섹스 그리고 여친|불륜의 유혹|맛있는 워킹걸|어린 아내|19 섹스 맛있는 속 궁합,맛있는 워킹걸,10089947,화니,촬영
걸캅스|목숨 건 연애|장기왕 : 가락시장 레볼루션|자유의 언덕|우리 선희|누구의 딸도 아닌 해원,장기왕 : 가락시장 레볼루션,20186696,정다원,감독
조작된 도시|웰컴 투 동막골|별리섬|거미맨|사방에 적|내 나이키|교회누나|묻지마 패밀리,조작된 도시,10028469,박광현,감독
"그래, 가족|덕혜옹주|더 폰|탐정 : 더 비기닝|방황하는 칼날|간첩|10억|청풍명월(淸風明月)|실제상황|하루하루|눈길|마릴린 먼로의 초상","그래, 가족",10021332,마대윤,감독
미스터 주(가제)|재심|또 하나의 약속|용의자X|인사동 스캔들|잔혹한 출근|수사반장 트위스트 김|마이 페어 레이디즈,재심,10006129,김태윤,감독
레이디버그,레이디버그,20275130,장성,감독
루시드 드림|삶의 향기|마지막 귀갓길,루시드 드림,20122844,김준성,감독
싱글라이더,싱글라이더,20232106,이주영,감독
눈발|버블아트|징후|순환선|제15회 미쟝센 단편영화제 미쟝센의 미쟝센 1|1월 독립영화의 재발견 '벼랑 끝의 사람들'|제13회 미쟝센 단편영화제 전년도 수상작1,눈발,20173028,조재민,감독
커피 메이트,커피 메이트,20239946,이현하,감독
눈길,눈길,20208386,이나정,감독
해빙|4인용 식탁|이공|E.D. 571|래빗|물안경|8월 수요단편극장 “신스틸러의 단편”|가족시네마,해빙,10056147,이수연,감독
노가리|녹화중이야,녹화중이야,20216286,박민국,감독
아티스트: 다시 태어나다,아티스트: 다시 태어나다,20215486,김경원,감독
왕을 참하라 무삭제판|왕을 참하라|천국의 셋방(무삭제)|청야|천국의 셋방|클럽 버터플라이|애란|깜보|방황하는 별들,왕을 참하라 무삭제판,10005493,김재수,감독
비정규직 특수요원|아빠를 빌려드립니다|이장과 군수|작업의 정석|여선생 VS 여제자|선생 김봉두|재밌는 영화,비정규직 특수요원,10003883,김덕수,감독
만담강호,만담강호,10050699,오인용,감독
"강변호텔|풀잎들|그 후|클레어의 카메라|밤의 해변에서 혼자|당신자신과 당신의 것|지금은맞고그때는틀리다|자유의 언덕|우리 선희|누구의 딸도 아닌 해원|토니 레인즈의 한국영화 25년|다른나라에서|북촌방향|옥희의 영화|하하하|잘 알지도 못하면서|밤과 낮|나의 사랑, 나의 영화|해변의 여인|극장전|한국 영화의 르네상스|여자는 남자의 미래다|생활의 발견|오! 수정|강원도의 힘|돼지가 우물에 빠진 날|리스트|첩첩산중|10월 단편 상상극장-홍상수 단편선|베니스 70 : 미래 재장전|어떤 방문 : 디지털 삼인삼색2009",밤의 해변에서 혼자,10089497,홍상수,감독
패키지|보통사람|히어로|미아,보통사람,10004369,김봉한,감독
프리즌|미안해 사랑해 고마워|남쪽으로 튀어|마이 웨이|마당을 나온 암탉|그 남자의 책 198쪽|우리 생애 최고의 순간|화려한 휴가|돌려차기|목포는 항구다|모르는 사람,프리즌,10007424,나현,감독
원라인|떨|일출|나쁜 연기|제15회 미쟝센 단편영화제 전년도 수상작 1|제16회 대구단편영화제 경쟁8|제14회 미쟝센 단편영화제 비정성시1,원라인,20182346,양경모,감독
콜리션|멜리스|잡아야 산다|막걸스,콜리션,20243869,이윤호,감독
"데스트랩|월하|야경 : 죽음의 택시|군함도|콜리션|터널|곡성|작은 형|멜리스|잡아야 산다|인 허 플레이스|전망 좋은 집 2|옹녀뎐|막걸스|밤의 여왕|고령화 가족|설인|7번방의 선물|수목장|가시|마이 웨이|멋진 인생|마음이2|전우치|키친|마린보이|미쓰 홍당무|크로싱|다찌마와리|동거, 동락|내 사랑|색즉시공 시즌2|행복|두 얼굴의 여친|두 사람이다|만남의 광장|꽃미남 연쇄 테러 사건|조용한 세상|Mr.로빈 꼬시기|사랑 따윈 필요 없어|괴물|국경의 남쪽|청춘만화|방과후 옥상|혈의 누|분무기|남매의 집|무서운 이야기 '공포 비행기'",콜리션,10088356,허서형,미술/프로덕션 디자인
시간위의 집|실종 : 택시 납치 사건|스승의 은혜|일단뛰어|비수기|무서운 이야기|무서운 이야기 '공포 비행기',시간위의 집,10058504,임대웅,감독
"어느날|남과 여|사랑한다, 사랑하지 않는다|멋진 하루|아주 특별한 손님|러브토크|여자, 정혜|티파니에서 아침을",어느날,10056949,이윤기,감독
원스텝|살인재능|풍산개|비몽|아름답다|시간|숨|물고기,원스텝,10061439,전재홍,감독
"다시, 벚꽃","다시, 벚꽃",20274629,유해진,감독
아빠는 딸,아빠는 딸,20230906,김형협,감독
지렁이|철가방 우수氏|당신이 잠든 사이에|잘못된 만남|까불지마|오! 해피데이|블루|2424,지렁이,10054571,윤학렬,감독
마리안느와 마가렛,마리안느와 마가렛,20274889,윤세영,감독
"저수지 게임|더 플랜|소녀|I AM|바람이 불어오는 곳|다세포소녀|에로틱 번뇌 보이|그들만의 월드컵|뻑큐멘터리-박통진리교|이상,한가역반응|저수지의 개들 take 2. 낙동강 (with 바드&정민아)|저수지의 개들 take1. 남한강 (with 윈디 시티)|김추자|캐치 미 이프 유 캔 |히치하이킹|누구를 위하여 총을 울리나|중국집으로 간 항공모함|SIDOF2014 <포럼기획6>|Jam Docu 강정|동백꽃|독립영화인 국가보안법 철폐 프로젝트|최진성 단편 콜렉션 2|최진성 단편 콜렉션 1",더 플랜,10072781,최진성,감독
"서서평, 천천히 평온하게","서서평, 천천히 평온하게",20275649,홍주연,감독
"홈|서서평, 천천히 평온하게|잊혀진 가방","서서평, 천천히 평온하게",20134752,홍현정,조감독
특별시민|모비딕|여기가 끝이다,특별시민,20110676,박인제,감독
임금님의 사건수첩|아티스트: 다시 태어나다|코리아|7광구|요가학원|은하해방전선|화려한 휴가,임금님의 사건수첩,20125803,문현성,감독
극장판 또봇: 로봇군단의 습격,극장판 또봇: 로봇군단의 습격,20276549,고동우,감독
극장판 또봇: 로봇군단의 습격,극장판 또봇: 로봇군단의 습격,10055080,이달,감독
슈퍼 빼꼼: 스파이 대작전|빼꼼의 머그잔 여행|컨택트 2|Angel,슈퍼 빼꼼: 스파이 대작전,10058661,임아론,감독
보안관|군도: 민란의 시대|R2B: 리턴투베이스|나는 왕이로소이다|달빛 길어올리기|달콤한 거짓말,보안관,20131894,김형주,감독
석조저택 살인사건|괴물들|퇴마: 무녀굴|이웃사람|시체가 돌아왔다|댄싱퀸|7광구|심야의 F.M.|하모니|해운대|색즉시공 시즌2|무서운 이야기 2|무서운 이야기2 '사고',석조저택 살인사건,10003489,김휘,감독
"석조저택 살인사건|미쓰GO|기담|야수와 미녀|올드보이|보스 상륙 작전(Boss X File)|복수는 나의 것|믿거나 말거나, 찬드라의 경우|쓰리 몬스터",석조저택 살인사건,10061563,정식,감독
"컴, 투게더|반두비|빗자루, 금붕어 되다|나의 친구, 그의 아내|방문자|진실을 위하여|노이로제|신성가족|기억속에서 나는 |시선 너머","컴, 투게더",20111178,신동일,감독
질투의 역사|길|기다리다 미쳐|순애,길,10062136,정인봉,감독
킹메이커 : 선거판의 여우|불한당: 나쁜 놈들의 세상|나의 PS 파트너 |청춘그루브|리얼,불한당: 나쁜 놈들의 세상,10031356,변성현,감독
마차 타고 고래고래|슈퍼스타 감사용|YMCA야구단,마차 타고 고래고래,20138632,안재석,감독
"굿바이 마이 러브NK: 붉은 청춘|고려 아리랑: 천산의 디바|김 알렉스의 식당: 안산-타슈켄트|눈의 마음 : 슬픔이 우리를 데려가는 곳 |경|원래, 여성은 태양이었다: 신여성의 퍼스트 송|이공|황홀경|거류|SFdrome: 주세죽|눈의 마음: 이후|작은 풀에도 이름 있으니|초원+김 알렉스의 식당: 안산-타슈켄트",고려 아리랑: 천산의 디바,10004709,김소영,감독
이상한 게임|쇠파리|한 번도 안 해본 여자|만화방|저스트 프렌즈|아스라이,쇠파리,20111272,안철호,감독
노무현입니다|에필로그|목숨|길위에서|사이에서|미국전쟁략사,노무현입니다,10057682,이창재,감독
꿈의 제인|서울집|메타모포시스,꿈의 제인,20244811,조현훈,감독
대립군|그랜드파더|내 심장을 쏴라|슈퍼맨이었던 사나이|좋지 아니한가|말아톤|쓰리|아빠의 검|바이크 레이디|알파 센타우리|잠수왕 무하마드|폭풍의 언덕|기념촬영|[PDFF2015] 장애인미디어운동1 + 한국영화초청3|기념촬영+ 엔딩노트|세번째 시선|3인 3색 러브스토리 : 사랑즐감,대립군,10062089,정윤철,감독
우리들의 일기|비스티 보이즈|바보|풀리쉬 게임,우리들의 일기,10058471,임공삼,라인프로듀서
미니특공대X|파워배틀 와치카: 와치가면의 역습|부릉! 부릉! 브루미즈: 스피더의 모험 일기|파워배틀 와치카 미니카 배틀리그: 불꽃의 질주|최강전사 미니특공대: 영웅의 탄생|최강전사 미니특공대 : 새로운 악당의 습격|뽀로로 극장판 슈퍼썰매 대모험,파워배틀 와치카: 와치가면의 역습,20186877,이영준,감독
파워배틀 와치카: 와치가면의 역습,파워배틀 와치카: 와치가면의 역습,20292889,김래경,감독
샤먼 로드|바람의 춤꾼,바람의 춤꾼,20277570,최상진,감독
드래곤빌리지<화이트니스타운을 구하라>,드래곤빌리지<화이트니스타운을 구하라>,20278329,민경호,감독
우리마을|근본주의자|고봉수 감독 단편선|갈까부다|다영씨|튼튼이의 모험|델타 보이즈|쥐포|인디포럼2015 가보지 못한 곳의 지도,델타 보이즈,20210668,고봉수,감독
"시민 노무현|무현, 두 도시 이야기 : 파이널 컷|나는 고양이로소이다|무현, 두 도시 이야기|울보 권투부|그라운드의 이방인|60만번의 트라이|슬픈 전설",나는 고양이로소이다,10066798,조은성,프로듀서
"용순|용순, 열 여덟 번째 여름|경쟁19 섹션5",용순,20188787,신준,감독
악녀|내가 살인범이다|반두비|우린 액션배우다|락큰롤에 있어 중요한 것 세가지,악녀,10061761,정병길,감독
청춘 합창단 - 또 하나의 꿈|스케치,청춘 합창단 - 또 하나의 꿈,20188290,이혁종,감독
청춘 합창단 - 또 하나의 꿈,청춘 합창단 - 또 하나의 꿈,20288204,안정민,감독
중독노래방|쩨쩨한 로맨스|복면달호|첼로-홍미주 일가 살인사건|가족|안녕! 유에프오|...ing|튜브|집으로...|파이란,중독노래방,10004439,김상찬,감독
스윙키즈|염력|남한산성|하루|대립군|밀정|올레|탐정 홍길동: 사라진 마을|럭키|해어화|순정|서부전선|사랑에도 저작권이 있나요?|상의원|카트|인간중독|몬스터|노브레싱|무서운 이야기2 '사고',하루,20182825,조선호,그립
파란나비효과|위켄즈|마이 플레이스|불청객|나는 곤경에 처했다!|너와 나의 21세기|안녕? 허대짜수짜님!|퀴어053|이빨 두 개,파란나비효과,10028610,박문칠,감독
가을단기방학|어떤 하루,어떤 하루,20278709,정가영,감독
가을단기방학|속죄|로라|어떤 하루,어떤 하루,20278109,전선호,감독
속죄|어떤 하루,어떤 하루,20278090,최진혁,감독
직지코드,직지코드,10084959,데이빗 레드먼,감독
직지코드,직지코드,20276650,우광훈,감독
리얼,리얼,20254349,이사랑,감독
"자산어보|변산|박열|대배우|동주|그날의 분위기|사도|소원|봄날의 입맞춤|평양성|구르믈 버서난 달처럼|님은 먼 곳에|궁녀|즐거운 인생|라디오 스타|도마뱀|왕의 남자|달마야, 서울 가자|황산벌|달마야 놀자|공포택시|아나키스트|키드캅",박열,10057485,이준익,감독
노후 대책 없다,노후 대책 없다,20235006,이동우,감독
바람의 언덕|재꽃|스틸 플라워|들꽃|찡찡 막막|연옥: 멜로드라마|뭘 또 그렇게까지,재꽃,20191486,박석영,감독
"강변호텔|풀잎들|그 후|클레어의 카메라|밤의 해변에서 혼자|당신자신과 당신의 것|지금은맞고그때는틀리다|자유의 언덕|우리 선희|누구의 딸도 아닌 해원|토니 레인즈의 한국영화 25년|다른나라에서|북촌방향|옥희의 영화|하하하|잘 알지도 못하면서|밤과 낮|나의 사랑, 나의 영화|해변의 여인|극장전|한국 영화의 르네상스|여자는 남자의 미래다|생활의 발견|오! 수정|강원도의 힘|돼지가 우물에 빠진 날|리스트|첩첩산중|10월 단편 상상극장-홍상수 단편선|베니스 70 : 미래 재장전|어떤 방문 : 디지털 삼인삼색2009",그 후,10089497,홍상수,감독
비스티걸스 감독판|비스티걸스,비스티걸스 감독판,20238307,신진우,감독
인턴형사 오견식|덫|덫 무삭제판|아빠가 돌아왔다|은밀한 방문자|없던 일|욕망의 독: 중독|위험한 유혹 - 추억이 떠나면 외로움만 남는다|윤희|데드 엔드|당신이 잠든 사이에|니 말을 믿으라는 거야?|우리가 사랑했을까?,덫 무삭제판,10054393,윤여창,감독
파밍 보이즈|Water Puppet - 커튼 뒤의 비밀,파밍 보이즈,20189617,변시연,감독
파밍 보이즈|아름다운,파밍 보이즈,20177901,장세정,감독
파밍 보이즈|Water Puppet - 커튼 뒤의 비밀,파밍 보이즈,20189616,강호준,감독
"올 리브 올리브|웰랑 뜨레이|오월愛|농민약국|안녕, 사요나라|길동무|송환|4월 9일|22일간의 고백|어머니의 보랏빛 손수건|효순씨 윤경씨 노동자로 만나다|원진별곡|마을의 기억|Jam Docu 강정|이상한 나라의 데자뷰",올 리브 올리브,10006136,김태일,감독
올 리브 올리브|오월愛|농민약국|마을의 기억,올 리브 올리브,10068997,주로미,감독
불온한 당신,불온한 당신,20301429,이영,광고디자인
"엑시트|사바하|군함도|군함도 감독판|베테랑|베를린|평양성|부당거래|해결사|다찌마와리|감독들, 김기영을 말하다|짝패|주먹이 운다(Crying Fist)|아라한 장풍대작전|오아시스|피도 눈물도 없이|죽거나 혹은 나쁘거나|타임리스|남자니까 아시잖아요?|다찌마와리|현대인|패싸움|4월 단편 상상극장-박정민 헤는 밤|신촌좀비만화|제14회 미쟝센 단편 영화제 류승완 단편 특별전2|다섯 개의 시선|유령",군함도 감독판,10019069,류승완,감독
포크레인|붉은 가족|따피훌렁,포크레인,20174072,이주형,감독
"창궐|지금 만나러 갑니다|그것만이 내 세상|청년경찰|택시운전사|프리즌|공조|국가대표 2|비밀은 없다|대배우|히말라야|미안해 사랑해 고마워|악의 연대기|경성학교: 사라진 소녀들|개를 훔치는 완벽한 방법|더 테너 리리코 스핀토|마담 뺑덕|좋은 친구들|신의 한 수|살인자|미스터 고|다이노 타임|남쪽으로 튀어|베를린|가문의 영광5 - 가문의 귀환|음치 클리닉 |봄, 눈|메이크 유어 무브 |댄싱퀸|홍길동 2084|혜화, 동|조선명탐정 : 각시투구꽃의 비밀",택시운전사,20153036,장훈,VFX 아티스트
영화로운 나날|여자들,여자들,20255105,이상덕,감독
사자|청년경찰|코알라|조선명탐정 : 각시투구꽃의 비밀|불량남녀|악마를 보았다|굿바이 마이 스마일|안내견|제15회 미쟝센 단편영화제 비정성시2,청년경찰,20112387,김주환,감독
공범자들|7년-그들이 없는 언론|자백,공범자들,20235206,최승호,감독
장산범|숨바꼭질|경복|주희|제13회 미쟝센 단편영화제 전년도 수상작2|KAFA 단편 1 |정동진독립영화제2013 섹션3,장산범,20169260,허정,감독
낙원의 밤|마녀|브이아이피|대호|신세계|혈투|부당거래|악마를 보았다,브이아이피,10029578,박훈정,감독
"펀치볼|그럼에도 불구하고|사냥|가족초상화 (리덕스)|목구멍의 가시|태백, 잉걸의 땅|가족초상화|마지막 광부|메이드인 부산 작가전",그럼에도 불구하고,10005015,김영조,감독
밤섬해적단 서울불바다|눈썹|논픽션 다이어리|먼지들|별들의 고향|호치민|Video Killed the radio star|해적단 강정가다|우리나라에도 백악관|Jam Docu 강정,밤섬해적단 서울불바다,10062080,정윤석,감독
"아무도 없는 곳|더 테이블|최악의 하루|조금만 더 가까이|바람의 노래|엄마 찾아 삼만리|메모리즈|별 시(別 時)|모르는 여자|올 가을의 트렌드|메모리즈|헤이, 톰 |기다린다|길잃은시간|드라이버|침묵의 대화|모놀로그 #1|누구나 외로운 계절 |영재를 기다리며|낙원|폴라로이드 작동법|사랑하는 소녀|바람 이야기|운디드 |페르소나|김종관 감독 특별 상영 더 테이블+최악의 하루+폴라로이드 작동법 |최악의 하루+폴라로이드 작동법|5월 수요단편극장 “김종관 & 양익준 감독展”|<4월 단편 상상극장-첫사랑 연습법>|아카이브의 유령들|연인들|숏!숏!숏!|눈부신 하루|Dir/Actors 6. 양익준 단편|거리 이야기",더 테이블,10005660,김종관,감독
"시민 노무현|무현, 두 도시 이야기 : 파이널 컷|무현, 두 도시 이야기|품행제로|홈 비디오(Home Video)","무현, 두 도시 이야기 : 파이널 컷",20153728,전인환,감독
대통령의 7시간|다이빙벨 그후|김광석|다이빙벨: 진실은 침몰하지 않습니다|다이빙벨,김광석,20191566,이상호,감독
로마의 휴일|창수|사어|두사부일체|봄날은 간다|파이란,로마의 휴일,20111036,이덕희,감독
"무녀도|소나기|소중한 날의 꿈 감독판|소중한 날의 꿈|운수 좋은날|봄봄|메밀꽃 필 무렵|겨울연가|미안하다 사랑한다|미안하다, 사랑한다|관운|순수한 기쁨|히치콕의 어떤 하루|메밀꽃, 운수 좋은 날, 그리고 봄봄",소나기,20111258,안재훈,감독
"봉오동 전투|제5열|살인자의 기억법 : 새로운 기억|살인자의 기억법|용의자|나의 사랑, 나의 영화|세븐 데이즈|구타유발자들|가발|적|빵과 우유|자장가",살인자의 기억법,20111284,원신연,감독
공동정범|안녕 히어로|노라노|두 개의 문|종로의 기적|레즈비언 정치도전기|3xFTM,안녕 히어로,10087658,한영희,감독
"저수지 게임|더 플랜|소녀|I AM|바람이 불어오는 곳|다세포소녀|에로틱 번뇌 보이|그들만의 월드컵|뻑큐멘터리-박통진리교|이상,한가역반응|저수지의 개들 take 2. 낙동강 (with 바드&정민아)|저수지의 개들 take1. 남한강 (with 윈디 시티)|김추자|캐치 미 이프 유 캔 |히치하이킹|누구를 위하여 총을 울리나|중국집으로 간 항공모함|SIDOF2014 <포럼기획6>|Jam Docu 강정|동백꽃|독립영화인 국가보안법 철폐 프로젝트|최진성 단편 콜렉션 2|최진성 단편 콜렉션 1",저수지 게임,10072781,최진성,감독
사월의 끝,사월의 끝,20251849,김광복,감독
얼굴없는 보스|게이트|구세주: 리턴즈|캠퍼스 S 커플|구세주 2|만남의 광장|구세주|위대한 유산|긴급조치 19호,구세주: 리턴즈,10037252,송창용,감독
"배심원들|메기|군산: 거위를 노래하다|리틀 포레스트|1987|여배우는 오늘도|특별시민|니 부모 얼굴이 보고 싶다|아가씨|아가씨(확장판)|나쁜 나라|필름시대사랑|자유의 언덕|만신|관능의 법칙|스파이|분노의 윤리학|다른나라에서|마당을 나온 암탉|하녀|하하하|날아라 펭귄|우리 생애 최고의 순간|태왕사신기|가족의 탄생|여교수의 은밀한 매력|사과|사랑해, 말순씨|한국 영화의 르네상스|효자동 이발사|바람난 가족|오아시스|박하사탕|빛의 제국|동행|최고의 감독|여배우|여배우는 오늘도|디 엔드|호랑이 푸로젝트|사랑의 힘|외계의 제 19호 계획|봄산에|블랙컷|오오단편극장 - 안녕하세요 전, 여빈입니다 |AISFF2015 특별상영 & 미스터쿠퍼 |AISFF2015 아시프 랑데부: 최고의 감독 & 동행|CWFF 단편모음1|서울독립영화제2015  심야상영2|FALLing in JEONJU - 코리아시네마스케이프 단편|서울독립영화제 2015 특별단편 2|2015 GSFF 단편 초청 1|제31회 인천시네마테크 -인생은 아름다워|아카이브의 유령들|제14회 미쟝센 단편 영화제 Direct-actress  ",여배우는 오늘도,10026732,문소리,배우
시인의 사랑|응징자|원더풀 라디오|도쿄택시|불꽃처럼 나비처럼|이브의 유혹 - 키스|마파도2|마지막 밥상|8월의 일요일들|보청기|이빨 두 개|지나갈 어느 날|Bomb! Bomb! Bomb!|정동진독립영화제2013 섹션4,시인의 사랑,10004904,김양희,감독
"에움길|소리꾼|귀향, 끝나지 않은 이야기|귀향|파울볼|두레소리","귀향, 끝나지 않은 이야기",10066934,조정래,감독
이웃집 스타|소원|못말리는 결혼|여선생 VS 여제자|선생 김봉두|재밌는 영화|신라의 달밤,이웃집 스타,10004610,김성욱,감독
아이 캔 스피크|쎄시봉|열한시|잉투기|시라노; 연애조작단|스카우트|광식이 동생 광태|YMCA야구단|공동경비구역 JSA|섬|해가 서쪽에서 뜬다면|사랑하기 좋은 날,아이 캔 스피크,10006261,김현석,감독
"열두 번째 용의자|사회인|초미의 관심사|팡파레|분장|프란시스의 밀실|로봇, 소리|대호|현기증|나의 독재자|우는 남자|가시꽃|용의자X|그 밤의 술 맛|그늘아래, 28도|11월 수요단편극장 [반짝반짝 빛나는: 김예은 배우 특별전]|2월수요단편극장 - “그 겨울, 바람이 분다”|제13회 미쟝센 단편영화제 사랑에 관한 짧은 필름3",분장,20166701,남연우,배우
땐뽀걸즈,땐뽀걸즈,20281229,이승문,감독
다시 태어나도 우리,다시 태어나도 우리,20243710,전진,감독
다시 태어나도 우리,다시 태어나도 우리,20243709,문창용,감독
넛잡 2|슈퍼노바 지구 탈출기,넛잡 2,20187750,캘런 브런커,감독
컬렉터|남한산성|수상한 그녀|도가니|마이 파더|기적의 도로,남한산성,10090050,황동혁,감독
롱 리브 더 킹: 목포 영웅|범죄도시|영어완전정복,범죄도시,20135271,강윤성,감독
장사리 : 잊혀진 영웅들|암수살인|희생부활자|극비수사|친구 2|미운오리새끼|통증|굿바이 보이|킹콩을 들다|눈에는 눈 이에는 이|사랑|태풍|똥개|챔피언|친구|닥터 K|억수탕(3pm Paradise)|기억을 만나다,희생부활자,10001931,곽경택,감독
착한 엄마 2 무삭제|착한 엄마 2|외출 2 무삭제|내 학생의 엄마 2 무삭제|착한 형수 2 무삭제|정사 : 친구의 엄마 무삭제|여자 보험왕 : 그녀의 영업비밀 무삭제|외출 2|내 학생의 엄마 2|착한 엄마 친구 무삭제|착한 형수 2|정사 : 친구의 엄마|여자 보험왕 : 그녀의 영업비밀|착한 엄마 친구|불륜가족,착한 형수 2 무삭제,20279089,곽영근,감독
가을 우체국|우리가족|물고기|다슬이|역전의 명수|The Journey|데이트,가을 우체국,20113788,임왕태,감독
악인전|대장 김창수|조선마술사|가비|파파|오싹한 연애,대장 김창수,20131414,이원태,감독
물비늘|젊은이의 양지|유리정원|마돈나|명왕성|레인보우|순환선|면도를 하다|가족시네마|이제 난 용감해질거야,유리정원,10040434,신수원,감독
관계의 가나다에 있는 우리는|꿈의 공장|이장혁과 나|관계의 가나다에 있는 우리는|캐치볼|Gift|그리다,그리다,10057084,이인의,감독
"용의자|가진 것 없소이다|송곳|림동미|마이티 맨|가족 같은 개, 개 같은 가족|진짜|핵분열가족|그리다|8월 수요단편극장 ""인디 잔혹극장""|9시 5분",그리다,10029121,박재영,감독
낮은 목소리 2|낮은 목소리 - 아시아에서 여성으로 산다는 것 |평양냉면|What's the Truth?|돌아갈 귀|팝(Pop)|그리다,그리다,10060656,장호준,감독
칠곡 가시나들|미스 프레지던트|자백|쿼바디스|MB의 추억|트루맛쇼,미스 프레지던트,20113064,김재환,감독
뷰티풀 투모로우,뷰티풀 투모로우,10060461,장재혁,감독
"내 친구 정일우|나의 사랑, 나의 영화|끝나지 않은 전쟁|송환|한사람|또 하나의 세상 : 행당동 사람들 2|명성, 그 6일의 기록|하나가 되는 것은 더욱 커지는 일이다|하느님 보시니 참 좋았다|종로, 겨울|미디어 숲 속의 사람들|행당동 사람들|상계동 올림픽|다섯 개의 시선|이상한 나라의 데자뷰",내 친구 정일우,10003970,김동원,시나리오(각본)
"봉오동 전투|제5열|살인자의 기억법 : 새로운 기억|살인자의 기억법|용의자|나의 사랑, 나의 영화|세븐 데이즈|구타유발자들|가발|적|빵과 우유|자장가",살인자의 기억법 : 새로운 기억,20111284,원신연,감독
"노트르담 드 파리|아더왕의 전설|마술피리|오디세오|명성황후|마술피리|메피스토|호두까기 인형|1789, 바스티유의 연인들|모차르트 락 오페라|2AM SHOW|라이브 인 3D 휘성 : 잇츠 리얼",노트르담 드 파리,20110332,정성복,감독
파도치는 땅|폭력의 씨앗|노말,폭력의 씨앗,20184484,임태규,감독
"나의 노래는 멀리멀리|올드마린보이|나의 아들, 나의 어머니|님아, 그 강을 건너지 마오|시바, 인생을 던져",올드마린보이,20179941,진모영,감독
내게 남은 사랑을|할머니는 일학년|려수|뷰티풀 선데이,내게 남은 사랑을,10070411,진광교,감독
"메소드|장수상회|집으로 가는 길|용의자X|오로라 공주|비디오를 보는 남자|스물넷|잎새|두밀리 2: 시작하는 순간|구멍|산부인과|너희가 재즈를 믿느냐|학생부군신위|맥주가 애인보다 좋은 7가지 이유|301·302|진주는 공부중|블리치|날아간 뻥튀기|도구|파출부, 아니다|소금-철도여성 노동자 이야기|돌아갈 귀|서브로사|인디스데이 3월 단편|시선 1318|Dir/Actors 11. 여배우들 단편",메소드,10029969,방은진,감독
"유열의 음악앨범|침묵|남극의 여름|4등|잉투기|은교|이끼|모던보이|나의 사랑, 나의 영화|감독들, 김기영을 말하다|사랑니|해피엔드|배낭을 멘 소년 |생강|그랜드 파더|사로|미행+남극의 여름|인디포럼2014 필름1|다섯 개의 시선|인디포럼2015 특별1",침묵,10062256,정지우,감독
정직한 후보|부라더|김종욱 찾기,부라더,20110174,장유정,감독
해피뻐스데이|소통과 거짓말,해피뻐스데이,20216546,이승원,감독
해피뻐스데이|소통과 거짓말,소통과 거짓말,20216546,이승원,감독
고향이 어디세요,고향이 어디세요,20283889,정수웅,감독
채비|비욘드 3D|피아노|마녀 김광자|인투 포커스,채비,20153388,조영준,감독
"미옥|악마를 보았다|구르믈 버서난 달처럼|좋은 놈, 나쁜 놈, 이상한 놈 |달콤한 인생|장화, 홍련|조용한 가족|인류 멸망 보고서 '천상의 피조물' ",미옥,10056570,이안규,감독
7호실|10분|결혼기념일|촬영자의 기본 수칙|런던유학생 리차드|촌철살인,7호실,20112022,이용승,감독
아이엠 호프맨,아이엠 호프맨,20284869,나현태,감독
"로마서 8:37|동주|프랑스 영화처럼|조류인간|개를 훔치는 완벽한 방법|배우는 배우다|러시안 소설|페어러브|약탈자들|좋은 배우|과대망상자들|내 노래를 들어줘|수주 인 파리|플레이 노 모어|원스 인 어 라이프타임|신연식이 수주와 파리로 간 까닭은? - 신연식 단편선|3월 단편 상상극장-여자, 남자",로마서 8:37,10040499,신연식,감독
꾼|평양성|반가운 살인자|님은 먼 곳에|즐거운 인생|라디오 스타|왕의 남자,꾼,20148100,장창원,감독
지워야 산다|그녀의 13월|여기는 어디냐?|이발소,지워야 산다,20111026,이기호,감독
국정교과서 516일 : 끝나지 않은 역사전쟁|천안함 프로젝트|그리고 화가는 빛을 만났다.|포커스 한국단편2|마스터 클래스의 산책,국정교과서 516일 : 끝나지 않은 역사전쟁,20110853,백승우,감독
푸른노을,푸른노을,10028475,박규식,감독
아기와 나|우리 이웃 이야기|미생 프리퀄|여름방학|자전거 도둑|야간 비행|인디스데이 2월 단편|인디스데이 7월 단편|제14회 미쟝센 단편영화제 전년도 수상작2|제13회 미쟝센 단편영화제 사랑에 관한 짧은 필름1|KAFA 단편 1 |12월 단편 상상극장 - 2013 단편 명불허전,아기와 나,20112723,손태겸,감독
역모-반란의 시대,역모-반란의 시대,20283069,김홍선,감독
변신|반드시 잡는다|브로커|기술자들|공모자들,반드시 잡는다,20125826,김홍선,감독
죽지않는 인간들의 밤|기억의 밤|끝까지 간다|전투의 매너|귀신이 산다|불어라 봄바람|라이터를 켜라|북경반점,기억의 밤,10060606,장항준,감독
앵커|프레스|길,프레스,20209127,최정민,감독
"재혼의 기술|발광하는 현대사|늦여름|딥|각자의 미식|게스트하우스|실종2|어떻게 헤어질까|두 개의 연애|어떤이의 꿈|플랑크 상수|산타바바라|내가 고백을 하면|설마 그럴리가 없어|모피를 입은 비너스|돌이킬 수 없는|맛있는 인생|집 나온 남자들|채식주의자|여배우들|집행자|부산|이태원 살인사건|10억|거북이 달린다|키친|오이시맨|로맨틱 아일랜드|이리|비몽|멋진 하루|영화는 영화다|아름답다|중경|별빛 속으로|열세살 수아|아주 특별한 손님|온 더 로드, 투|거칠마루|라스트 씬|화장실, 어디에요?|도쿄!",실종2,10065915,조성규,감독
아들에게 가는 길|붉은 바캉스 검은 웨딩 2|낭만파 남편의 편지|저녁의 게임|꽃을 든 남자,아들에게 가는 길,10072560,최낙권,감독
돌아온다|필름시대사랑|미라클 여행기|영화판,돌아온다,20114576,허철,감독
"초행|춘천, 춘천|철원기행",초행,20191466,김대환,감독
산상수훈,산상수훈,20281369,유영의,감독
뽀로로 극장판 보물섬 대모험|뽀로로 극장판 공룡섬 대모험|뽀로로 극장판 컴퓨터 왕국 대모험|뽀로로 극장판 슈퍼썰매 대모험|뽀로로의 대모험|뽀로로 극장판 눈요정 마을 대모험,뽀로로 극장판 공룡섬 대모험,20167741,김현호,감독
뽀로로 극장판 공룡섬 대모험|뽀로로 극장판 컴퓨터 왕국 대모험|뽀로로 극장판 슈퍼썰매 대모험,뽀로로 극장판 공룡섬 대모험,20186442,윤제완,애니메이션팀
빈센트|배꼽|울랄라씨스터즈|베사메무쵸,빈센트,10028666,박보상,감독
"한 남자|애연|침입자|어린 아내|잠 못 이루는 섹스|금지된 섹스, 달콤한 복수 무삭제 감독판|야한밤 심야극장|금지된 섹스, 달콤한 복수|모텔|위험한 섹스|애인|조선안방 스캔들-칠거지악2|조선안방 스캔들-칠거지악|정사: 위험한 성적 유희 무삭제판|정사: 위험한 성적유희|환상|열애|열애(무삭제감독판)|환상-금지된 정사버전|두 아내|두 아내 무삭제 감독판|배꼽과 무릎사이 (무삭제 감독판)|스무살의 이중생활|맛있는 섹스, 맛있는 상상|금지된 섹스 불륜2|전망 좋은 방-밀애|맛있는불륜-택시|여인의 숨결|48시간의 일탈|금지된 섹스, 불륜2 감독판|플라스틱 섹스|몽정애 |마지막 밀애|아찔한 동거|거칠게 다루지마! 다쳐!|몽정애-감독판",침입자,10056203,이숭환,감독
815사수작전|련희와 연희,련희와 연희,20280671,손병조,감독
련희와 연희|R2B: 리턴투베이스|무도리,련희와 연희,10072715,최종구,감독
윤희에게|메리 크리스마스 미스터 모|만일의 세계|레몬타임|제14회 미쟝센 단편영화제 전년도 수상작3|제13회 미쟝센 단편영화제 사랑에 관한 짧은 필름2|제31회 인천시네마테크 - 빛나는 청춘,메리 크리스마스 미스터 모,20189542,임대형,감독
정상회담|강철비|변호인,강철비,20167784,양우석,감독
백두산|신과함께-인과 연|신과함께-죄와 벌|미스터 고|마이 웨이|국가대표 완결판-못 다한 이야기|국가대표|미녀는 괴로워|오! 브라더스|자반고등어,신과함께-죄와 벌,10005151,김용화,감독
"1987|화이: 괴물을 삼킨 아이|잉투기|감독들, 김기영을 말하다|지구를 지켜라|유령|나와 통하는 다음검색 : 털|2001 이매진|카멜리아",1987,10060507,장준환,감독
나의 연기 워크샵|파스카|귀향|유령 소나타|고양이 시간|열애기,나의 연기 워크샵,10043363,안선경,감독
"중독|광인옥한흠|제자도 - 제자,옥한흠2|순교|제자, 옥한흠|나의 선택-잊혀진 가방 그 못다한 이야기|잊혀진 가방",광인옥한흠,10004440,김상철,감독
"자매의 공동묘지|몽달|열대야|애정소년 잔혹사|스타박'스 다방|어느 여름날 밤에|더티 로맨스|워킹 스트리트|나는 쓰레기다|친애하는 지도자동지께|스피드|비상구|지옥화|욕정이 활활|바비|아버지는 개다|엄마는 창녀다|트로피컬 마닐라|소설, 영화와 만나다",스타박'스 다방,20111446,이상우,감독
돌아와요 부산항애(愛)|맨데이트: 신이 주신 임무|남자 태어나다|천사몽,돌아와요 부산항애(愛),20111012,박희준,감독
B급 며느리|경계|레즈,B급 며느리,20112324,선호빈,감독
협상|그것만이 내 세상|역린,그것만이 내 세상,20174301,최성현,감독
누에치던 방|파란입이 달린 얼굴|플랜맨|달을 쏘다|이파네마 소년|하하하|이매진|해변의 캐리어|상식적 만남|잠복근무|무서운 이야기 2 '탈출',파란입이 달린 얼굴,20221426,김수정,감독
피의 연대기,피의 연대기,20319262,김보람,배우
비밥바룰라|조선명탐정: 흡혈괴마의 비밀|조선명탐정 : 사라진 놉의 딸,비밥바룰라,20223790,이성재,조명팀
1급기밀|이태원 살인사건|선택|가슴에 돋는 칼로 슬픔을 자르고|파랑새|수리세|세번째 시선,1급기밀,10089413,홍기선,감독
반도에 살어리랏다|화장실콩쿨|거대한 태양이 다가온다|기억하려하다|얼론|화장실 콩쿨 - 쇼케이스|인디애니페스트2015-독립보행2|인디포럼2014 유토피아 디스토피아,반도에 살어리랏다,20168440,이용선,감독
천화|시선|사랑이 무서워|가능한 변화들,천화,10027793,민병국,제작
기생-꽃의 고백,기생-꽃의 고백,20299732,홍태선,감독
기생-꽃의 고백,기생-꽃의 고백,20299714,임혁,감독
공동정범|노라노|두 개의 문|종로의 기적|레즈비언 정치도전기|3xFTM|울리불리다이어트,공동정범,10058080,이혁상,감독
공동정범|모든 날의 촛불|노라노|두 개의 문|종로의 기적|레즈비언 정치도전기|3xFTM|3×FTM|마마상,공동정범,10005439,김일란,감독
누에치던 방|가재들이 죽는.,누에치던 방,10056778,이완민,감독
반도|염력|카이: 거울 호수의 전설|서울역|부산행|졸업반|창백한 얼굴들|화산고래|사이비|돼지의 왕|집으로|창|사랑은 단백질|지옥: 두개의 삶|지옥|콕!애니 - [섹션2] VIEW : 세상보기|연상호 감독 특별전 : 지옥의 시네마|7월 수요단편극장 “연상호 감독 특별전”|제14회 미쟝센 단편 영화제 웃는 게 웃는 게 아니야  |SICAF2015 연상호 단편선|애정만세|인디포럼2015 특별2,염력,10049814,연상호,감독
지구대표 롤링스타즈|풍뎅이뎅이-로망스|풍뎅이뎅이-슴이바이러스|풍뎅이뎅이-비밀의 방|풍뎅이뎅이-운수좋은날|풍뎅이뎅이-뿌리깊은나무|풍뎅이뎅이,풍뎅이뎅이,20143424,이재한,작화감독
사랑의 선물|퍼스트 스텝|11월 9일|겨울나비,퍼스트 스텝,20113483,김규민,감독
터닝메카드W: 반다인의 비밀 특별판|터닝메카드W: 블랙미러의 부활,터닝메카드W: 반다인의 비밀 특별판,20251869,홍헌표,감독
조선명탐정: 흡혈괴마의 비밀|조선명탐정 : 사라진 놉의 딸|조선명탐정 : 각시투구꽃의 비밀|올드미스다이어리,조선명탐정: 흡혈괴마의 비밀,10004484,김석윤,감독
"흥부: 글로 세상을 바꾼 자|번개맨|봄|26년|후궁 : 제왕의 첩|마이 웨이|두 여자|슬픔보다 더 슬픈 이야기|1724 기방난동사건|고고 70|가루지기|라듸오 데이즈|마이 파더|지금 사랑하는 사람과 살고 있습니까?|전설의 고향|허브|음란서생|형사 Duelist|천군|인어 공주|장화, 홍련|버스, 정류장",흥부: 글로 세상을 바꾼 자,10065272,조근현,감독
골든슬럼버|집 나온 남자들|우리에게 내일은 없다|마이 제너레이션|험난한 인생|나무들이 봤어|초롱과 나,골든슬럼버,10007941,노동석,감독
좋은 여자|숲속의 부부|성난 화가 - 무삭제판|성난 화가|마이 보이|무게|소리 없는 남자|불륜의 시대|댄스타운|애니멀 타운|모차르트 타운,숲속의 부부,10061231,전규환,감독
"재혼의 기술|발광하는 현대사|늦여름|딥|각자의 미식|게스트하우스|실종2|어떻게 헤어질까|두 개의 연애|어떤이의 꿈|플랑크 상수|산타바바라|내가 고백을 하면|설마 그럴리가 없어|모피를 입은 비너스|돌이킬 수 없는|맛있는 인생|집 나온 남자들|채식주의자|여배우들|집행자|부산|이태원 살인사건|10억|거북이 달린다|키친|오이시맨|로맨틱 아일랜드|이리|비몽|멋진 하루|영화는 영화다|아름답다|중경|별빛 속으로|열세살 수아|아주 특별한 손님|온 더 로드, 투|거칠마루|라스트 씬|화장실, 어디에요?|도쿄!",게스트하우스,10065915,조성규,감독
"재혼의 기술|발광하는 현대사|늦여름|딥|각자의 미식|게스트하우스|실종2|어떻게 헤어질까|두 개의 연애|어떤이의 꿈|플랑크 상수|산타바바라|내가 고백을 하면|설마 그럴리가 없어|모피를 입은 비너스|돌이킬 수 없는|맛있는 인생|집 나온 남자들|채식주의자|여배우들|집행자|부산|이태원 살인사건|10억|거북이 달린다|키친|오이시맨|로맨틱 아일랜드|이리|비몽|멋진 하루|영화는 영화다|아름답다|중경|별빛 속으로|열세살 수아|아주 특별한 손님|온 더 로드, 투|거칠마루|라스트 씬|화장실, 어디에요?|도쿄!",게스트하우스,10065915,조성규,감독
아웃도어 비긴즈|퍼즐|은하|들개들|미녀전쟁|꼭두각시|굿바이 보이|초능력자|허수아비들의 땅|브라보 마이 라이프|못말리는 결혼|D-day-어느날 갑자기 세번째 이야기|댄서의 순정|상실의 시간|옥상에서 탈출,퍼즐,20124877,임진승,감독
라라|절벽 위의 트럼펫|사랑만의 언어|일탈여행: 프라이빗 아일랜드|영혼의 부활|스타: 빛나는 사랑|첫눈,라라,10087516,한상희,감독
니나 내나|당신의 부탁|환절기,환절기,20233786,이동은,감독
응징자2|게이트-완결판|게이트|대결|치외법권|따라지: 비열한 거리 무삭제판|따라지 : 비열한 거리|응징자|웨딩스캔들|서유기 리턴즈|4교시 추리영역|못말리는 결혼|내사랑 싸가지|유아독존|동감,게이트,20111176,신재호,감독
궁합|미안해 사랑해 고마워|조선미녀삼총사|배꼽|미인도|식객|사랑니|울랄라씨스터즈|킬러들의 수다,궁합,10089901,홍창표,감독
"리틀 포레스트|글로리데이|제보자|남쪽으로 튀어|로맨스 조|소와 함께 여행하는 법|날아라 펭귄|우리 생애 최고의 순간|미소|와이키키 브라더스|아름다운 생존: 여성 영화인이 말하는 영화|세 친구|남자니까 아시잖아요?|그녀의 무게|우중산책|고양이 키스|미안해, 고마워|여섯 개의 시선",리틀 포레스트,10058650,임순례,감독
우리는 썰매를 탄다|지나가는 사람들|미국의 바람과 불|광화문의 어떤 하루|삐 소리가 울리면|시간의 소멸|바보는 감기에 걸리지 않는다|골리앗의 구조|학습된 두려움과 과대망상 |각하의 만수무강|[인디포럼2016] 신작07 다른 나라에서 |1월 인디포럼 월례비행 '단편 다큐 모음'|인디다큐페스티발2016 국내신작전 12|8th SISFF <단편경쟁 08. 세상의 풍경>|SIDOF2014 <국내신작전18> |인디포럼2014 조각난 아우성|독립영화인 국가보안법 철폐 프로젝트,우리는 썰매를 탄다,10003533,김경만,감독
우리는 썰매를 탄다|지나가는 사람들|미국의 바람과 불|광화문의 어떤 하루|삐 소리가 울리면|시간의 소멸|바보는 감기에 걸리지 않는다|골리앗의 구조|학습된 두려움과 과대망상 |각하의 만수무강|[인디포럼2016] 신작07 다른 나라에서 |1월 인디포럼 월례비행 '단편 다큐 모음'|인디다큐페스티발2016 국내신작전 12|8th SISFF <단편경쟁 08. 세상의 풍경>|SIDOF2014 <국내신작전18> |인디포럼2014 조각난 아우성|독립영화인 국가보안법 철폐 프로젝트,우리는 썰매를 탄다,10003533,김경만,감독
사라진 밤|소굴|Keep Quiet|귀가|친구집,사라진 밤,20166555,이창희,감독
예스 평창!,예스 평창!,20302329,백철기,감독
"바나나쏭의 기적|안녕, 미누",바나나쏭의 기적,20280669,지혜원,감독
바나나쏭의 기적,바나나쏭의 기적,20301809,송우용,프로듀서
괴물들|작별들|내 마음에 불꽃이 있어|과거는 낯선 나라다,괴물들,10004249,김백준,감독
"치즈인더트랩|날, 보러와요|미쓰 와이프|밤의 여왕|원더풀 라디오|방울토마토|예의없는 것들|동행",치즈인더트랩,10005652,김제영,감독
지금 만나러 갑니다,지금 만나러 갑니다,20280830,이장훈,감독
로드킬|지금 이순간|대가리|독고다이|일진 3|일진 2|메모리즈|일진|미스터 좀비(감독판)|휴가|외도|지렁이|위험한 중독|포장마차|젊은 처제|그리울 련|짓2: 붉은 낙타|어우동: 주인 없는 꽃 무삭제판|어우동: 주인 없는 꽃|연애의 기술|짓|연애의 기술 감독판|전망 좋은 집|전망좋은집:무삭제노출판|미스터좀비,일진,10056145,이수성,감독
엄마의 공책|개를 훔치는 완벽한 방법|회칼 소녀|그녀에게|검은 집|거울속으로|인 굿 컴퍼니|Penny Lover|해피버스데이|보물섬|홈 비디오(Home Video)|아이 디 아이|무서운 이야기 2|가족시네마|화이팅 패밀리|황금시대|판타스틱 자살소동|눈부신 하루|무서운 이야기 2 '절벽',엄마의 공책,10004652,김성호,감독
타클라마칸|그린-피|빨강|화성에 가다|내 사랑 유리에|아내의 애인을 만나다|풀밭 위의 식사|뚫어야 산다|챠오|액체들,타클라마칸,10001718,고은기,감독
운동회|대회전 ,운동회,20182343,김진태,감독
미니특공대X|파워배틀 와치카: 와치가면의 역습|부릉! 부릉! 브루미즈: 스피더의 모험 일기|파워배틀 와치카 미니카 배틀리그: 불꽃의 질주|최강전사 미니특공대: 영웅의 탄생|최강전사 미니특공대 : 새로운 악당의 습격|뽀로로 극장판 슈퍼썰매 대모험,미니특공대X,20186877,이영준,감독
"한강에게|소공녀|범죄의 여왕|굿바이 싱글|돌연변이|족구왕|전국노래자랑|1999, 면회|배드신|내게 사랑은 너무 써|페르소나|인디스데이 10월 단편",소공녀,20112542,전고운,감독
"7년의 밤|광해, 왕이 된 남자|그대를 사랑합니다|사랑을 놓치다|마파도|행복한 장의사|사월의 끝",7년의 밤,10072983,추창민,감독
공포체험단 곤지암편|천문: 하늘에 묻는다|곤지암|워킹걸|미쓰GO|외톨이|기담|무서운 이야기 2|무서운 이야기|무서운 이야기 2 '탈출'|무서운 이야기 '해와 달',곤지암,10061758,정범식,감독
번개맨과 신비의 섬,번개맨과 신비의 섬,20302509,김지열,감독
"덕구|반두비|뷰티풀 선데이|왕의 남자|달마야, 서울 가자|패밀리|워싱 머신",덕구,20302149,방수인,감독
"드림(가제)|극한직업|레슬러|바람 바람 바람|스물|오늘의 연애|타짜-신의 손|힘내세요, 병헌씨|네버엔딩 스토리|써니|과속스캔들|냄새는 난다",바람 바람 바람,20125862,이병헌,감독
아버지를 찾아서,아버지를 찾아서,20303149,김무은,감독
인어전설|눈꺼풀|하늘의 황금마차|지슬 - 끝나지 않은 세월2|뽕똘|이어도|어이그 저 귓것|파미르|눈꺼풀 메이킹 |오멸의 제주전,눈꺼풀,10050307,오멸,감독
호랑이보다 무서운 겨울손님|꿈보다 해몽|로맨스 조|하하하|잘 알지도 못하면서|해변의 여인|극장전|A+삶|소주와 아이스크림|말로는 힘들어|주민증 갱신기간|시선 사이|인디스데이 6월 단편|6월 수요단편극장 <한여름의 판타지아> 개봉 기념 특별전|7월 단편 상상극장-김새벽의 판타지아|7월 단편 상상극장-이들이 우리의 배우다,호랑이보다 무서운 겨울손님,10054828,이광국,감독
스파키|완전범죄: 키드냅,스파키,10040004,아론 우들리,감독
스파키,스파키,20315335,애론 우들리,감독
머니백,머니백,20238387,허준형,감독
"그날, 바다","그날, 바다",20302876,김지영,감독
원죄|콜렉터|미란다,원죄,10026750,문신구,감독
파파 오랑후탄,파파 오랑후탄,20302489,이성관,감독
"내가 사는 세상|수성못|극장 쪽으로|어느 날 갑자기|일요일의 앵두|고백|너와 극장에서|5월 단편 상상극장-어느 날, 학교에서|제14회 미쟝센 단편영화제 전년도 수상작1|단편 KAFA1.|제13회 미쟝센 단편영화제 절대악몽2|KAFA 단편 4|섹션 1 - 2차실습작|제13회 미쟝센 단편영화제 심야의 절대구타 360",수성못,20187943,유지영,감독
무문관,무문관,20302389,박대원,감독
니나 내나|당신의 부탁|환절기,당신의 부탁,20233786,이동은,감독
나를 기억해|숨바꼭질,나를 기억해,20178069,이한욱,감독
"강변호텔|풀잎들|그 후|클레어의 카메라|밤의 해변에서 혼자|당신자신과 당신의 것|지금은맞고그때는틀리다|자유의 언덕|우리 선희|누구의 딸도 아닌 해원|토니 레인즈의 한국영화 25년|다른나라에서|북촌방향|옥희의 영화|하하하|잘 알지도 못하면서|밤과 낮|나의 사랑, 나의 영화|해변의 여인|극장전|한국 영화의 르네상스|여자는 남자의 미래다|생활의 발견|오! 수정|강원도의 힘|돼지가 우물에 빠진 날|리스트|첩첩산중|10월 단편 상상극장-홍상수 단편선|베니스 70 : 미래 재장전|어떤 방문 : 디지털 삼인삼색2009",클레어의 카메라,10089497,홍상수,감독
살인소설|타짜|작업의 정석|새드무비|Oh! 뷰리플 라이프,살인소설,10005905,김진묵,감독
다시..올래,다시..올래,20177380,김충녕,감독
"챔피언|퀵|작은 연못|하모니|토끼와 리저드|핸드폰|사랑과 전쟁:열두 번째 남자|6년째 연애중|리턴매치|이 별에 필요한|그녀의 단속반|바코드맘|헤이, 톰 |쪼다 멜로|모놀로그 #1|서툰 외면|2015 우수 단편영화 상영 03|10월 단편 상상극장-제8회 대단한 단편영화제 수상작 모음|연인들",챔피언,20164846,김용완,연출팀
레슬러,레슬러,20287367,김대웅,감독
해원|레드 툼|회색도시,해원,10002241,구자환,감독
임을 위한 행진곡,임을 위한 행진곡,20302749,박기복,감독
마중: 커피숍 난동 수다 사건|남남북녀|클럽 버터플라이|삼겹살|37m/s|롤리흘라흘라|AISFF2016 국내경쟁 2,마중: 커피숍 난동 수다 사건,10058929,임혜영,감독
5.18 힌츠페터 스토리,5.18 힌츠페터 스토리,20303829,장영주,감독
"생일|버닝|싱글라이더|우리들|도희야|화이: 괴물을 삼킨 아이|토니 레인즈의 한국영화 25년|시|여행자|나의 사랑, 나의 영화|밀양|두 번째 사랑|한국 영화의 르네상스|오아시스|박하사탕|초록물고기|아름다운 청년 전태일|그 섬에 가고 싶다",버닝,10057659,이창동,감독
아웃도어 비긴즈|퍼즐|은하|들개들|미녀전쟁|꼭두각시|굿바이 보이|초능력자|허수아비들의 땅|브라보 마이 라이프|못말리는 결혼|D-day-어느날 갑자기 세번째 이야기|댄서의 순정|상실의 시간|옥상에서 탈출,아웃도어 비긴즈,20124877,임진승,감독
독전: 익스텐디드 컷|독전|경성학교: 사라진 소녀들|26년|페스티발|천하장사 마돈나|아라한 장풍대작전|안녕! 유에프오|품행제로|신라의 달밤|커밍 아웃,독전,10058049,이해영,감독
대통령의 7시간|다이빙벨 그후|김광석|다이빙벨: 진실은 침몰하지 않습니다|다이빙벨,다이빙벨 그후,20191566,이상호,감독
"오목소녀|걷기왕|오늘영화|반드시 크게 들을 것 2 : Wild Days|춤추는 동물원|반드시 크게 들을 것|청소왕 순아의 놀라운 하루|백역사|화목한 수레|지각생들|잘 자, 좋은 꿈꿔!|10월 수요단편극장 <걷기왕> 개봉 기념 특별전|한국 환경영화의 흐름 단편 3",오목소녀,10030331,백승화,감독
서산개척단|잘 되길 바라,서산개척단,20303810,이조훈,감독
서산개척단|은아|가족|일어나|CaFF 단편경쟁 1|경쟁19 섹션10|제13회 미쟝센 단편영화제 비정성시4,서산개척단,20189538,정승현,감독
홈|그물|메이드 인 차이나|일대일,홈,20197151,김종우,감독
데자뷰,데자뷰,20283049,고경민,감독
남자와 여자,남자와 여자,20305310,주목,감독
참외향기|거리의 상인|종소리|고양이|경쟁 4 - 2015 전북독립영화제,참외향기,20218647,김우석,감독
탐정: 리턴즈|미씽: 사라진 여자|타이밍|어깨 너머의 연인|해피 에로 크리스마스|...ing|고양이를 부탁해,탐정: 리턴즈,10056602,이언희,감독
여중생A|미성년|어둠에서 빛이 흘러나오는 소리|축지법과 비행술|여보세요|8월 수요단편극장 “신스틸러의 단편”|2016 대단한단편영화제-단편 경쟁 섹션 2|SESIFF2016 경쟁2 먹고사는 백만가지 방법|2015 우수 단편영화 상영 01,여중생A,20113175,이경섭,감독
더 펜션|엘 꼰도르 빠사|순정만화|꽃피는 봄이 오면,더 펜션,10062385,정허덕재,시나리오(각본)
더 펜션|방자전|음란서생|꽃피는 봄이 오면,더 펜션,10054545,윤창모,조감독
더 펜션|킬 미|개집이 있던 자리 |그들의추억,더 펜션,10047074,양종현,감독
뷰티플 마인드|더 펜션|순정만화|꽃피는 봄이 오면|봄날은 간다|8월의 크리스마스|산부인과|사랑의 技術(기술) |사랑의 기술,더 펜션,10019097,류장하,감독
우리마을|근본주의자|고봉수 감독 단편선|갈까부다|다영씨|튼튼이의 모험|델타 보이즈|쥐포|인디포럼2015 가보지 못한 곳의 지도,튼튼이의 모험,20210668,고봉수,감독
"허스토리|당신, 거기 있어줄래요|간신|내 아내의 모든 것|세상에서 가장 아름다운 이별|김종욱 찾기|끝과 시작|키친|서양 골동 양과자점 앤티크|열세살 수아|내 생애 가장 아름다운 일주일|이공|여고괴담 두번째 이야기|비밀과 거짓말 |창백한푸른점 |열일곱|허스토리|무서운 이야기 3 : 화성에서 온 소녀|제15회 미쟝센 단편영화제 김태용 단편 특별전 1|무서운 이야기 2|무서운 이야기|무서운 이야기2'444'",허스토리,10027774,민규동,감독
낙원의 밤|마녀|브이아이피|대호|신세계|혈투|부당거래|악마를 보았다,마녀,10029578,박훈정,감독
메멘토모리|덫: 치명적인 유혹|신데렐라,메멘토모리,20283409,이철민,감독
하트|밤치기|비치온더비치|조인성을 좋아하세요|극장에서 한 생각.|간밤에 꾼 꿈|처음|내가 어때섷ㅎㅎ|너와 극장에서|여성감독 단편선_인디포럼 월례비행 12월|[인디포럼2016] 신작14 어느 날 내게 다가온 너|2015 GSFF 단편 경쟁 4|11월 단편 상상극장-제9회 대단한 단편영화제 수상작 모음,너와 극장에서,20237286,정가영,감독
우리들의 낙원|겨울꿈|영원한 여름|너와 극장에서|제17회 대구단편영화제 경쟁2|[인디포럼2016] 신작13 말로는 힘들어 |11월 단편 상상극장-연애단(短)|시린 성장의 노래|서울독립영화제2015 경쟁단편 1,너와 극장에서,20222447,김태진,감독
"내가 사는 세상|수성못|극장 쪽으로|어느 날 갑자기|일요일의 앵두|고백|너와 극장에서|5월 단편 상상극장-어느 날, 학교에서|제14회 미쟝센 단편영화제 전년도 수상작1|단편 KAFA1.|제13회 미쟝센 단편영화제 절대악몽2|KAFA 단편 4|섹션 1 - 2차실습작|제13회 미쟝센 단편영화제 심야의 절대구타 360",너와 극장에서,20187943,유지영,감독
하트|밤치기|비치온더비치|조인성을 좋아하세요|극장에서 한 생각.|간밤에 꾼 꿈|처음|내가 어때섷ㅎㅎ|너와 극장에서|여성감독 단편선_인디포럼 월례비행 12월|[인디포럼2016] 신작14 어느 날 내게 다가온 너|2015 GSFF 단편 경쟁 4|11월 단편 상상극장-제9회 대단한 단편영화제 수상작 모음,너와 극장에서,20237286,정가영,감독
나와 봄날의 약속|내 심장을 쏴라|디어 에밀리|장례식의 멤버|프랑스 중위의 여자|무서운 이야기 3 : 화성에서 온 소녀|무서운 이야기 3 '여우골',나와 봄날의 약속,20080184,백승빈,감독
안나 카레니나,안나 카레니나,20306569,신예지,감독
"자산어보|변산|박열|대배우|동주|그날의 분위기|사도|소원|봄날의 입맞춤|평양성|구르믈 버서난 달처럼|님은 먼 곳에|궁녀|즐거운 인생|라디오 스타|도마뱀|왕의 남자|달마야, 서울 가자|황산벌|달마야 놀자|공포택시|아나키스트|키드캅",변산,10057485,이준익,감독
식구|당신|8th SISFF <단편경쟁 03. 쓸쓸한 당신> ,식구,20218851,임영훈,감독
속닥속닥|하숙집|울언니|백프로|나는 행복합니다|아주 특별한 손님|마음이...,속닥속닥,10072304,최상훈,감독
독전: 익스텐디드 컷|독전|경성학교: 사라진 소녀들|26년|페스티발|천하장사 마돈나|아라한 장풍대작전|안녕! 유에프오|품행제로|신라의 달밤|커밍 아웃,독전: 익스텐디드 컷,10058049,이해영,감독
행복의 나라|빈방|수퍼살롱미장원,행복의 나라,20113287,정민규,감독
어른들은 몰라요|박화영|캐릭터|너와 나의 21세기|똥파리|황산벌|집|창|지랄|실종자(들)|제13회 미쟝센 단편영화제 비정성시3 ,박화영,10058251,이환,감독
해적왕 작스톰,해적왕 작스톰,10085389,필립 귀엔,감독
신비아파트: 금빛 도깨비와 비밀의 동굴|마당을 나온 암탉|쩨쩨한 로맨스|마법천자문: 대마왕의 부활을 막아라|아치와 씨팍|왕후 심청,신비아파트: 금빛 도깨비와 비밀의 동굴,10004265,김병갑,감독
"인랑|밀정|라스트 스탠드|악마를 보았다|악마를 보았다 감독판|좋은 놈, 나쁜 놈, 이상한 놈 |좋은 놈, 나쁜 놈, 이상한 놈(칸버전)|감독들, 김기영을 말하다|달콤한 인생|장화, 홍련|쓰리|쓰리 메모리즈|반칙왕|커밍 아웃|조용한 가족|더 엑스|사랑의 가위바위보|선물|사랑의 힘|제13회 미쟝센 단편영화제 김지운 단편 특별전1|제13회 미쟝센 단편영화제 김지운 단편 특별전2|제13회 미쟝센 단편영화제 김지운 감독 마스터클래스|인류멸망 보고서|인류 멸망 보고서 '천상의 피조물' ",인랑,10005852,김지운,감독
극장판 헬로카봇 : 달나라를 구해줘!|극장판 헬로카봇: 옴파로스 섬의 비밀|극장판 공룡메카드: 타이니소어의 섬|극장판 헬로카봇 : 백악기 시대|헬로 카봇,극장판 헬로카봇 : 백악기 시대,20306533,최신규,감독
극장판 헬로카봇 : 달나라를 구해줘!|극장판 헬로카봇: 옴파로스 섬의 비밀|극장판 헬로카봇 : 백악기 시대|헬로 카봇,극장판 헬로카봇 : 백악기 시대,20306433,김진철,작화감독
백두산|신과함께-인과 연|신과함께-죄와 벌|미스터 고|마이 웨이|국가대표 완결판-못 다한 이야기|국가대표|미녀는 괴로워|오! 브라더스|자반고등어,신과함께-인과 연,10005151,김용화,감독
공작|춘몽|검사외전|허삼관|군도: 민란의 시대|범죄와의 전쟁: 나쁜놈들 전성시대|비스티 보이즈|용서받지 못한 자,공작,10054495,윤종빈,감독
22,22,20237066,궈커,감독
"오장군의 발톱|안녕, 투이|조용한 남자",오장군의 발톱,20127650,김재한,감독
"카운터스|무현, 두 도시 이야기|울보 권투부",카운터스,20281769,이일하,감독
목격자|그날의 분위기|낙타는 말했다|봉수,목격자,10065265,조규장,감독
라스트 씬|소성리|깨어난 침묵|밀양 아리랑|밀양전|강정 인터뷰 프로젝트|나비와 바다|잔인한 계절|내사랑 제제|비엔호아|제제에게 가는 길,소성리,20100687,박배일,감독
너의 결혼식|부라더|범죄도시|누가 예수를 죽였는가?,너의 결혼식,10055945,이석근,감독
어른도감|수요기도회|아빠의 맛|알레르기|스테파니|김인선 감독 특별전(인디스데이)|제3회 가톨릭영화제 단편경쟁 2|FoFF 2017 - 단편2|제17회 대구단편영화제 경쟁7|제15회 미쟝센 단편영화제 비정성시1|개막작 - 2016 전북독립영화제|제3회 사람사는세상영화제 공모부문4|AISFF2016 국내경쟁 1|CaFF 단편경쟁 2|제16회 대구단편영화제 경쟁7|섹션 2 - 2차실습작|1차실습작|단편 KAFA2.|인디포럼2014 어른들 영화|제13회 미쟝센 단편영화제 사랑에 관한 짧은 필름2|제31회 인천시네마테크 -인생은 아름다워,어른도감,20187958,김인선,감독
상류사회|주홍글씨|서프라이즈|인터뷰|올슨|His Concern|어머니의 여름|호모 비디오쿠스,상류사회,10031397,변혁,감독
미친도시|마마 앤드 파파,미친도시,10060574,장태령,감독
시민 노무현|대관람차|꿈의 제인|마차 타고 고래고래|마이 페어 웨딩|그들이 죽었다|사랑에도 저작권이 있나요?|플랑크 상수|산타바바라|그 강아지 그 고양이|고양이 소녀|별일아니다|캠퍼스 S 커플|캣데이 애프터눈,대관람차,20177441,백재호,감독
"대관람차|어떻게 헤어질까|두 개의 연애|란제리살인사건|코인라커|그들이 죽었다|어떤이의 꿈|연애의 맛|산타바바라|우아한 거짓말|내가 고백을 하면|설마 그럴리가 없어|악인은 너무 많다|다슬이|모피를 입은 비너스|고래를 찾는 자전거|두 여자|맛있는 인생|웨딩드레스|이태원 살인사건|실종|나의 친구, 그의 아내|울학교 이티|크로싱|원스어폰어타임|처음 만난 사람들|꽃미남 연쇄 테러 사건|모노폴리|미스터 소크라테스|고양이 집사|캣데이 애프터눈|인터뷰",대관람차,20153480,이희섭,촬영
살아남은 아이|가희와 BH|물결이 일다|세번째 시선,살아남은 아이,10040293,신동석,감독
"재혼의 기술|발광하는 현대사|늦여름|딥|각자의 미식|게스트하우스|실종2|어떻게 헤어질까|두 개의 연애|어떤이의 꿈|플랑크 상수|산타바바라|내가 고백을 하면|설마 그럴리가 없어|모피를 입은 비너스|돌이킬 수 없는|맛있는 인생|집 나온 남자들|채식주의자|여배우들|집행자|부산|이태원 살인사건|10억|거북이 달린다|키친|오이시맨|로맨틱 아일랜드|이리|비몽|멋진 하루|영화는 영화다|아름답다|중경|별빛 속으로|열세살 수아|아주 특별한 손님|온 더 로드, 투|거칠마루|라스트 씬|화장실, 어디에요?|도쿄!",딥,10065915,조성규,감독
"어둔 밤|숲속의 부부|포항영화|구원의 날|회상, 어둔 밤|재회|이상한 나라의 김민수|형의 휴가|제15회 미쟝센 단편영화제 심야상영|제15회 미쟝센 단편영화제 절대악몽 2|FALLing in JEONJU - 코리아시네마스케이프 단편|제16회 대구단편영화제 경쟁4|로컬시네마의 향연2|인디포럼2014 A to Z",어둔 밤,20171301,심찬양,감독
"밀어서 감옥해제|나비잠|아파트 생태계|도리화가|말하는 건축 시티:홀|말하는 건축가|나의 사랑, 나의 영화|태풍태양|고양이를 부탁해|용가리|핸드백속 이야기|고양이를 돌려줘|그 남자의 事情 |둘의 밤|도형일기|여섯 개의 시선",나비잠,10062188,정재은,감독
맞짱|건달의 법칙|깡패법칙|깡패수업 3|검은 휘파람 2,맞짱,10071097,차룡,배우
물괴|성난 변호사|카운트다운|눈부신 날에|얼굴값|승부,물괴,10088447,허종호,감독
내안의 그놈|양아치 느와르|폭력의 법칙: 나쁜 피 두 번째 이야기|미쓰 와이프|나쁜 피|육혈포 강도단|펀치레이디|맨손으로 죽여라?|조폭마누라,양아치 느와르,10000970,강효진,감독
더 블랙|바람이 불어오는 곳|불타는 필름의 연대기|미친 시간|주민등록증을 찢어라|안녕하십니까 대통령입니다|SIDOF2018_안녕하십니까 대통령입니다/주민등록증을 찢어라,더 블랙,10055302,이마리오,감독
봄이가도|살아남은 자,봄이가도,20303809,진청하,감독
봄이가도|프라사드|실종|좋아요|제13회 미쟝센 단편영화제 비정성시2|제14회 미쟝센 단편영화제 가(家)가-호호!1,봄이가도,20189533,장준엽,감독
봄이가도,봄이가도,20322730,전신환,기획
죄 많은 소녀|곡성|오명|구해줘! |오늘은 내가 요리사| 제17회 대구단편영화제 경쟁8,죄 많은 소녀,20113602,김의석,감독
협상|그것만이 내 세상|히말라야|국제시장|더 킥|리턴,협상,20114792,이종석,감독
명당|챔피언|퍼펙트 게임|인사동 스캔들|아 유 레디?,명당,10029586,박희곤,감독
안시성|찌라시: 위험한 소문|내 깡패 같은 애인|오프 로드|오아시스|얼굴|억수탕(3pm Paradise)|비천괴수,안시성,10003620,김광식,감독
나부야 나부야,나부야 나부야,20303850,최정우,감독
극장판 뽀잉: 슈퍼 변신의 비밀,극장판 뽀잉: 슈퍼 변신의 비밀,20309473,정미화,감독
"겨울밤에|초행|춘천, 춘천|새출발|Shot Reverse Shot|하루|새출발+하루","춘천, 춘천",20166880,장우진,감독
원더풀 고스트|죽이고 싶은|애니 프란체스카,원더풀 고스트,10066770,조원희,감독
"암수살인|봄, 눈|써클|세이예스|신장개업|닥터 K|억수탕(3pm Paradise)|반짝반짝 두근두근|2015 GSFF 배우 특별전: 김수안 |[PDFF2015] 장애인미디어운동1 + 한국영화초청3",암수살인,10006086,김태균,감독
뷰티풀 뱀파이어|오늘의 뉴스,뷰티풀 뱀파이어,20153837,정은경,감독
미쓰백|우아한 세계|주홍글씨|번지점프를 하다|그녀에게|판타스틱 자살소동,미쓰백,10057572,이지원,감독
배반의 장미,배반의 장미,20305089,박진영,감독
마약왕|동화|개똥이|탈|지역단편2 GV,동화,20216150,손일성,감독
"이,기적인 남자|다른 밤 다른 목소리|악사들|이방인들|결백","이,기적인 남자",20181371,김재식,감독
"재혼의 기술|발광하는 현대사|늦여름|딥|각자의 미식|게스트하우스|실종2|어떻게 헤어질까|두 개의 연애|어떤이의 꿈|플랑크 상수|산타바바라|내가 고백을 하면|설마 그럴리가 없어|모피를 입은 비너스|돌이킬 수 없는|맛있는 인생|집 나온 남자들|채식주의자|여배우들|집행자|부산|이태원 살인사건|10억|거북이 달린다|키친|오이시맨|로맨틱 아일랜드|이리|비몽|멋진 하루|영화는 영화다|아름답다|중경|별빛 속으로|열세살 수아|아주 특별한 손님|온 더 로드, 투|거칠마루|라스트 씬|화장실, 어디에요?|도쿄!",늦여름,10065915,조성규,감독
집의 시간들,집의 시간들,20281789,라야,감독
"강변호텔|풀잎들|그 후|클레어의 카메라|밤의 해변에서 혼자|당신자신과 당신의 것|지금은맞고그때는틀리다|자유의 언덕|우리 선희|누구의 딸도 아닌 해원|토니 레인즈의 한국영화 25년|다른나라에서|북촌방향|옥희의 영화|하하하|잘 알지도 못하면서|밤과 낮|나의 사랑, 나의 영화|해변의 여인|극장전|한국 영화의 르네상스|여자는 남자의 미래다|생활의 발견|오! 수정|강원도의 힘|돼지가 우물에 빠진 날|리스트|첩첩산중|10월 단편 상상극장-홍상수 단편선|베니스 70 : 미래 재장전|어떤 방문 : 디지털 삼인삼색2009",풀잎들,10089497,홍상수,감독
창궐|공조|마이 리틀 히어로,창궐,20128773,김성훈,감독
"1991, 봄|태풍태양|마지막 늑대|새천년 건강체조|늦은여름|초차촐라","1991, 봄",20128942,권경원,감독
아픈 만큼 사랑한다|폴란드로 간 아이들|열세살 수아|누구나 비밀은 있다|나는 나를 파괴할 권리가 있다|미소|이공|생활의 발견|세이예스|퇴마록|접속|영향 아래의 여자|분장실|Dir/Actors 11. 여배우들 단편,폴란드로 간 아이들,10072962,추상미,배우
완벽한 타인|역린|인플루언스,완벽한 타인,20111735,이재규,감독
하트|밤치기|비치온더비치|조인성을 좋아하세요|극장에서 한 생각.|간밤에 꾼 꿈|처음|내가 어때섷ㅎㅎ|너와 극장에서|여성감독 단편선_인디포럼 월례비행 12월|[인디포럼2016] 신작14 어느 날 내게 다가온 너|2015 GSFF 단편 경쟁 4|11월 단편 상상극장-제9회 대단한 단편영화제 수상작 모음,밤치기,20237286,정가영,감독
동네사람들|슈퍼스타|해적 디스코왕 되다|일월영측|원격조정,동네사람들,10058831,임진순,감독
후쿠오카|군산: 거위를 노래하다|춘몽|필름시대사랑|경주|풍경|두만강|이리|중경|궤도|경계|망종|당시|동행|디지털 삼인삼색 2013: 풍경|주리|사실|11세|AISFF2015 아시프 랑데부: 최고의 감독 & 동행|AISFF2015 시네마 올드 앤 뉴 |AISFF2015 특별상영 & 미스터쿠퍼 |이방인들 : 디지털 삼인삼색2013,군산: 거위를 노래하다,10060143,장률,감독
여곡성|마녀|동면의 소녀|마녀+동면의 소녀,여곡성,20157236,유영선,감독
출국|배꼽|미인도|우아한 세계,출국,20139889,노규엽,조감독
인어전설|눈꺼풀|하늘의 황금마차|지슬 - 끝나지 않은 세월2|뽕똘|이어도|어이그 저 귓것|파미르|눈꺼풀 메이킹 |오멸의 제주전,인어전설,10050307,오멸,감독
뷰티풀 데이즈|레터스|마담 B|사냥꾼|히치하이커|약속|AISFF2016 국내경쟁 2|보고싶다,마담 B,20153456,윤재호,감독
해피 투게더,해피 투게더,20309609,김정환,감독
브링 더 소울 : 더 무비|번 더 스테이지: 더 무비,번 더 스테이지: 더 무비,20311772,박준수,감독
뷰티풀 데이즈|레터스|마담 B|사냥꾼|히치하이커|약속|AISFF2016 국내경쟁 2|보고싶다,뷰티풀 데이즈,20153456,윤재호,감독
하나식당,하나식당,20307149,최낙희,감독
영주|비밀은 없다|돼지 같은 여자|물 좀 주소|미쓰 홍당무|사라진 밤|울지 않는다,영주,10071129,차성덕,감독
성난황소,성난황소,20304809,김민호,감독
리스펙트,리스펙트,20311912,심재희,감독
"인생은 아름다워(가제)|국가부도의 날|스플릿|8월의 일요일들|극장전|그날 밤의 축제|삶은 전진하고|청춘, 외대앞|블루 디코딩",국가부도의 날,10072117,최국희,감독
녹차의 중력|백두 번째 구름|천당의 밤과 안개|카페 느와르,천당의 밤과 안개,10061850,정성일,감독
소녀의 세계,소녀의 세계,20238968,안정민,감독
샘|일대일|뫼비우스|야동인문학|괜찮아|귀머거리와 바람 |나비는 지금 여기에 있었다 |BIFAN2016 판타스틱 단편 걸작선 4|2016 대단한단편영화제-단편 경쟁 섹션 2|[PDFF2015] PDFF경선 5,샘,20166961,황규일,감독
런닝맨 : 풀룰루의 역습|초혼,런닝맨 : 풀룰루의 역습,10054516,윤준상,감독
도어락|타이밍|내 연애의 기억|어깨 너머의 연인|꽃미남 연쇄 테러 사건|서프라이즈|고양이를 부탁해|겁쟁이들이 더 흉폭하다,도어락,10054870,이권,감독
"아메리카 타운|파리의 한국남자|콘돌은 날아간다|핑크|영도 다리|히말라야, 바람이 머무는 곳|검은 땅의 소녀와|가족초상화|개와 늑대 사이의 시간|나는 나를 파괴할 권리가 있다|새는 폐곡선을 그린다|내 안에 우는 바람",아메리카 타운,10061331,전수일,감독
우리마을|근본주의자|고봉수 감독 단편선|갈까부다|다영씨|튼튼이의 모험|델타 보이즈|쥐포|인디포럼2015 가보지 못한 곳의 지도,다영씨,20210668,고봉수,감독
리벤져|살인자의 기억법|용의자|트럭|어깨 너머의 연인|하늘정원,리벤져,20302369,이승원,감독
번개맨의 비밀,번개맨의 비밀,20311974,강유선,감독
"안녕, 나의 소녀 시절이여|순례","안녕, 나의 소녀 시절이여",20311191,김한석,감독
어른이 되면,어른이 되면,20304969,장혜영,감독
스윙키즈|타짜-신의 손|써니 감독판|써니|과속스캔들,스윙키즈,10000946,강형철,감독
남산의 부장들|마약왕|내부자들: 디 오리지널|내부자들|간첩|파괴된 사나이|누가 예수를 죽였는가?,마약왕,20111283,우민호,감독
버블 패밀리,버블 패밀리,20276651,마민지,감독
점박이 한반도의 공룡2 : 새로운 낙원|점박이:한반도의 공룡3D,점박이 한반도의 공룡2 : 새로운 낙원,20312035,한상호,감독
PMC: 더 벙커|더 테러 라이브|리튼|아나모픽,PMC: 더 벙커,10004291,김병우,감독
로드킬|지금 이순간|대가리|독고다이|일진 3|일진 2|메모리즈|일진|미스터 좀비(감독판)|휴가|외도|지렁이|위험한 중독|포장마차|젊은 처제|그리울 련|짓2: 붉은 낙타|어우동: 주인 없는 꽃 무삭제판|어우동: 주인 없는 꽃|연애의 기술|짓|연애의 기술 감독판|전망 좋은 집|전망좋은집:무삭제노출판|미스터좀비,로드킬,10056145,이수성,감독
앙상블|성혜의 나라|여수 밤바다|대리 드라이버|창간호,여수 밤바다,20276669,정형석,감독
동경,동경,20325325,윤웅대,감독
갈까부다|걸작,걸작,20323798,최진욱,감독
"방문객|내 마음의 고향|동학, 수운 최제우|론리네스",방문객,20120221,박영철,감독
뿔을 가진 소년|하얀색은 더럽다|이빨|역할극|내가 알아서 한다,뿔을 가진 소년,20206896,김휘근,감독
"나는 원래 대전에서 로맨틱 코미디를 찍으려고 했었다|인터뷰-사죄의 날|새벽, 국경에서|약속|판타스틱 단편 걸작선 12",나는 원래 대전에서 로맨틱 코미디를 찍으려고 했었다,20189625,배기원,감독
콩쥐별전 - 전주성의 비밀,콩쥐별전 - 전주성의 비밀,20329854,배효상,감독
검은 여름|작은 형|낮달|국내단편 2|제14회 미쟝센 단편영화제 사랑에 관한 짧은 필름3,검은 여름,20211507,이원영,감독
첫잔처럼|오만|군산: 거위를 노래하다|아티스트: 다시 태어나다|커튼콜|삼선의원|대리 드라이버|창간호,창간호,20267714,백승환,제작
이혼합시다|창간호,창간호,20313295,하수민,감독
양가성의 법칙|창간호,창간호,20313296,정인희,감독
첫잔처럼|오만|고고송|너의 여자친구|미안해|양가성의 법칙|창간호,창간호,20313313,지일주,배우
국광교회|포항|엄마는 창녀다|불이|하녀|동시상영,포항,10026500,모현신,감독
사범|네버엔딩 스토리|미녀는 괴로워,사범,20125263,조동희,감독
소은이의 무릎|눈부신 날에|하늘정원|빗방울 전주곡|LOVE,소은이의 무릎,10072863,최헌규,각색
우리마을|근본주의자|고봉수 감독 단편선|갈까부다|다영씨|튼튼이의 모험|델타 보이즈|쥐포|인디포럼2015 가보지 못한 곳의 지도,갈까부다,20210668,고봉수,감독
앨리스 죽이기,앨리스 죽이기,20281829,김상규,감독
귀신의 향기,귀신의 향기,20299851,이준학,감독
불빛 아래서,불빛 아래서,20275709,조이예환,감독
타인은 지옥이다,타인은 지옥이다,20302829,이영용,감독
공포체험단 곤지암편|천문: 하늘에 묻는다|곤지암|워킹걸|미쓰GO|외톨이|기담|무서운 이야기 2|무서운 이야기|무서운 이야기 2 '탈출'|무서운 이야기 '해와 달',공포체험단 곤지암편,10061758,정범식,감독
"계절과 계절 사이|골든슬럼버|마스터|해어화|협녀, 칼의 기억|오피스|베를린|범죄와의 전쟁: 나쁜놈들 전성시대|부당거래",계절과 계절 사이,20165346,김준식,감독
"재혼의 기술|발광하는 현대사|늦여름|딥|각자의 미식|게스트하우스|실종2|어떻게 헤어질까|두 개의 연애|어떤이의 꿈|플랑크 상수|산타바바라|내가 고백을 하면|설마 그럴리가 없어|모피를 입은 비너스|돌이킬 수 없는|맛있는 인생|집 나온 남자들|채식주의자|여배우들|집행자|부산|이태원 살인사건|10억|거북이 달린다|키친|오이시맨|로맨틱 아일랜드|이리|비몽|멋진 하루|영화는 영화다|아름답다|중경|별빛 속으로|열세살 수아|아주 특별한 손님|온 더 로드, 투|거칠마루|라스트 씬|화장실, 어디에요?|도쿄!",발광하는 현대사,10065915,조성규,감독
국경의 왕|라오스 ,국경의 왕,20189066,임정환,감독
파도치는 땅|폭력의 씨앗|노말,파도치는 땅,20184484,임태규,감독
"재혼의 기술|발광하는 현대사|늦여름|딥|각자의 미식|게스트하우스|실종2|어떻게 헤어질까|두 개의 연애|어떤이의 꿈|플랑크 상수|산타바바라|내가 고백을 하면|설마 그럴리가 없어|모피를 입은 비너스|돌이킬 수 없는|맛있는 인생|집 나온 남자들|채식주의자|여배우들|집행자|부산|이태원 살인사건|10억|거북이 달린다|키친|오이시맨|로맨틱 아일랜드|이리|비몽|멋진 하루|영화는 영화다|아름답다|중경|별빛 속으로|열세살 수아|아주 특별한 손님|온 더 로드, 투|거칠마루|라스트 씬|화장실, 어디에요?|도쿄!",재혼의 기술,10065915,조성규,감독
오늘도 위위,오늘도 위위,20306790,박범준,감독
우리를 갈라놓는 것들|교환일기|환생|려행|위로공단|위로공단 특별판|비념|형제봉 가는 길|북한산|긴 이별|숭시|꿈이 아니다|환영|잘 가시오|승리의 의지|추억록|건전비디오1-새마을노래|내 사랑 지하|태평동아리랑|SIFF2018-통일기획전 7,려행,20120501,임흥순,감독
애월,애월,20327632,박철우,감독
예수보다 낯선|1724 기방난동사건|비단구두|미인(美人)|주노명 베이커리|죽이는 이야기|초록물고기|박봉곤 가출사건|맨|너에게 나를 보낸다|세상 밖으로|은하수를 건너는 법|대륙횡단|내 컴퓨터|외투|여섯 개의 시선,예수보다 낯선,10049723,여균동,감독
사랑의 선물|퍼스트 스텝|11월 9일|겨울나비,사랑의 선물,20113483,김규민,감독
"굿바이 마이 러브NK: 붉은 청춘|고려 아리랑: 천산의 디바|김 알렉스의 식당: 안산-타슈켄트|눈의 마음 : 슬픔이 우리를 데려가는 곳 |경|원래, 여성은 태양이었다: 신여성의 퍼스트 송|이공|황홀경|거류|SFdrome: 주세죽|눈의 마음: 이후|작은 풀에도 이름 있으니|초원+김 알렉스의 식당: 안산-타슈켄트",굿바이 마이 러브NK: 붉은 청춘,10004709,김소영,감독
히치하이크|범죄의 여왕|초인|돼지 같은 여자|내 깡패 같은 애인|트라이앵글|내 사랑 내 곁에|이브의 유혹 - 엔젤|가장 어두운 밤의 위로|최악의 친구들|복자|격정소나타|무서운 이야기 3 : 화성에서 온 소녀,히치하이크,20186944,정희재,감독
나의 노래는 멀리멀리|바람커피로드,나의 노래는 멀리멀리,20243749,현진식,감독
기사선생|우리 지금 만나,우리 지금 만나,20318832,김서윤,감독
바이러스(가제)|범죄소년|사과|우리 잘 살 수 있을까?|이빨 두 개|소년의 시|우리 지금 만나|시선 너머|6회 이주민영화제_꿈꾸는 사람들 2,우리 지금 만나,10000818,강이관,감독
"카트|나나나 : 여배우 민낯 프로젝트|지금, 이대로가 좋아요|스캔들-조선남녀상열지사|여보세요|산정호수의 맛|니마|눈물|김옹의 시험|불똥|우리 지금 만나|애정만세|6회 이주민영화제_꿈꾸는 사람들 2",우리 지금 만나,10031684,부지영,감독
메이트|투 올드 힙합 키드|사브라 |제17회 대구단편영화제 배우목격담|제14회 미쟝센 단편영화제 전년도 수상작2|단편 KAFA2.|섹션 4 - 2차실습작|제13회 미쟝센 단편영화제 비정성시4|인디플러스 기획전 테스트,메이트,20187957,정대건,감독
이월|가시|날  놓아줘|가족의 탄생,이월,10005808,김중현,감독
밤의 문이 열린다|시|난 세시부터 행복해질 거야 |옥상에 호랑이|밀실|캐치볼|싫어|낮과 밤|유은정 감독 특별전(인디스데이)|모두의 영화|제15회 미쟝센 단편영화제 여성 감독 특별전 3|2015 GSFF-단편 경쟁 1|제14회 미쟝센 단편영화제 사랑에 관한 짧은 필름2|AISFF2015 국제경쟁 1 ,밤의 문이 열린다,20152055,유은정,감독
"오늘도 평화로운|시발, 놈: 인류의 시작|숫호구",오늘도 평화로운,20120681,백승기,감독
막다른 골목의 추억|그 후…,막다른 골목의 추억,20111804,최현영,감독
파도를 걷는 소년|내가 사는 세상|영화루|김녕회관|그림자도 없다|호명인생|이만원|잠긴달을건져라|플레닛 호핑|누가 이름을 함부로 짓는가? |세일장 미스 방|최창환 감독 단편전,내가 사는 세상,10072813,최창환,감독
얼굴들|트루맛쇼|보라|마린보이|허스|파산의 기술,얼굴들,10054718,이강현,감독
"동물, 원|오늘영화|목숨","동물, 원",20226994,왕민철,감독
뷰티풀 보이스|라이브 TV|돈가방,뷰티풀 보이스,20191506,김선웅,감독
한강에게|사일런트 보이|제3회 사람사는세상영화제 공모부문4|경쟁 3 - 2015 전북독립영화제,한강에게,20218645,박근영,감독
우키시마호|김대중 위대한 유산|위선자들: 감독판|위선자들|회초리|여고생 시집가기,우키시마호,10005961,김진홍,감독
노리개: 그녀의 눈물|내게 남은 사랑을|사랑받지 못한 여자|커튼콜|워킹 스트리트|베토벤 메들리|노리개|노리개 무삭제 확장판|환타스틱 모던가야그머|헬로우 마이 러브,노리개: 그녀의 눈물,10072432,최승호,제작
"대풍감|은명|수난이대|낙|집으로 오는 길|한낮의 피크닉|어디에도, 당신의 자리(인디스데이)|인디피크닉2017-단편4 <시대를 비행하는 카메라>|SIFF2016-경쟁단편 6|FoFF 2017 - 단편2|2016 한국영화아카데미 졸업영화제 섹션D|2016 한국영화아카데미 졸업영화제 개막식|2016 한국영화아카데미 졸업영화제 1차실습작 2|제13회 미쟝센 단편영화제 전년도 수상작1",한낮의 피크닉,20177885,김한라,감독
대세는 백합|잘 알지도 못하면서|해변의 여인|극장전|오아시스|내가 필요하면 전화해|쉘터|더도 말고 덜도 말고|거짓말|임오정 감독전|한낮의 피크닉|AISFF2015 국제경쟁 6|제 7회 여성인권영화제-여전히 아무도 모른다 ,한낮의 피크닉,20156999,임오정,감독
"그해, 우리가 여행지에서 가져온 것들|이무기여도 괜찮아|돌아오는 길엔|당신도 주성치를 좋아하시나요?|곽민규 배우전|한낮의 피크닉",한낮의 피크닉,20285569,강동완,감독
선희와 슬기|대역전|두 번째 스물|좋아해줘|파리의 한국남자|조선명탐정 : 사라진 놉의 딸|미조|만찬|1킬로그램|소녀 배달부|AISFF2016 국제경쟁 8|제13회 미쟝센 단편영화제 사랑에 관한 짧은 필름1,선희와 슬기,20183969,박영주,조감독
옹알스|서울 서칭|마이 보이|감기|타워|돌멩이의 꿈|크로싱|한반도|목포는 항구다|보리울의 여름|아이언 팜|닥터 K|짱|알바트로스|샤또 몬테|50|다트,옹알스,10071183,차인표,배우
옹알스|샤또 몬테,옹알스,20303290,전혜림,감독
"굿바이 썸머|원라인|티끌모아 로맨스|적과의 동침|조금만 더 가까이|토끼와 리저드|엄마 찾아 삼만리|헤이, 톰 |올 가을의 트렌드|드라이버|누구나 외로운 계절 |모놀로그 #1|낙원",굿바이 썸머,20323268,박주영,감독
구부녀이야기|나만 없어 고양이,나만 없어 고양이,10040701,신혜진,감독
밥 그릇|그림을 그릴 시간|나만 없어 고양이,나만 없어 고양이,20120921,복운석,감독
질투의 역사|길|기다리다 미쳐|순애,질투의 역사,10062136,정인봉,감독
"에움길|귀향, 끝나지 않은 이야기|귀향",에움길,20254749,이승현,배우
보희와 녹양|할머니와 돼지머리|두부공|옆 구르기|물고기는 말이 없다|제17회 대구단편영화제 경쟁1|제15회 미쟝센 단편영화제 전년도 수상작 2|경쟁 3 - 2016 전북독립영화제|2016 한국영화아카데미 졸업영화제 개막식|2016 한국영화아카데미 졸업영화제 섹션C|제14회 미쟝센 단편영화제 희극지왕1|2016 한국영화아카데미 졸업영화제 1차실습작 3|2015 GSFF 단편 초청 2|2월 수요단편극장 “만점짜리 단편영화 다시보기 - 2015년 수상작 특별전|제16회 대구단편영화제 경쟁9|서울독립영화제 2015 특별단편 4|인디포럼2015 지금 당장 성장을 해야해,보희와 녹양,20191668,안주영,감독
아워 바디|장례난민|포커스 한국단편4|한글자막 화면해설 영화 특별상영회|2017 한국영화아카데미 33기 졸업영화제 - C|2017 한국영화아카데미 33기 졸업영화제 - 개막작,아워 바디,20267909,한가람,감독
북간도의 십자가,북간도의 십자가,20327772,반태경,감독
시인 할매|부엔 까미노,시인 할매,20309320,이종은,감독
"강변호텔|풀잎들|그 후|클레어의 카메라|밤의 해변에서 혼자|당신자신과 당신의 것|지금은맞고그때는틀리다|자유의 언덕|우리 선희|누구의 딸도 아닌 해원|토니 레인즈의 한국영화 25년|다른나라에서|북촌방향|옥희의 영화|하하하|잘 알지도 못하면서|밤과 낮|나의 사랑, 나의 영화|해변의 여인|극장전|한국 영화의 르네상스|여자는 남자의 미래다|생활의 발견|오! 수정|강원도의 힘|돼지가 우물에 빠진 날|리스트|첩첩산중|10월 단편 상상극장-홍상수 단편선|베니스 70 : 미래 재장전|어떤 방문 : 디지털 삼인삼색2009",강변호텔,10089497,홍상수,감독
극장판 샤이닝스타:새로운 루나퀸의 탄생!|치링치링 시크릿 쥬쥬 1기,극장판 샤이닝스타:새로운 루나퀸의 탄생!,20230846,박일호,감독
극장판 샤이닝스타:새로운 루나퀸의 탄생!,극장판 샤이닝스타:새로운 루나퀸의 탄생!,20326592,정지훈,감독
열두 번째 용의자|사요나라 안녕 짜이쩬|첫눈|무말랭이,열두 번째 용의자,20141478,고명성,감독
별의 정원|뽀로로 극장판 공룡섬 대모험|뽀로로 극장판 컴퓨터 왕국 대모험|수박 병아리|천년기린,별의 정원,10052513,원종식,애니메이션촬영팀
아이 캔 스피크|난폭한 기록|들개들|렛 미 아웃|뜨거운 안녕|그녀를 모르면 간첩|두사부일체|훈련소 가는 길,난폭한 기록,10087180,하원준,감독
수상한 이웃|신 전래동화|토일렛|명기(무삭제)|화끈한 써비스: 어느 잔인한 미용사의|명기|피해자들|아이들...|꿈은 이루어진다|잘못된 만남,수상한 이웃,20133605,이상훈,감독
김군|파스카|만신|백서|우리는 없는 것처럼|안마도|클린 미|어느 게이 소년의 죽음|5월 단편 상상극장-강상우 감독전|개막작 - 2015 전북독립영화제|제14회 미쟝센 단편영화제 비정성시1|제15회 한국 퀴어 영화제 국내단편2 : 나를 찾는 욕망|인디포럼2015 고백의 기술|욕망의 밀회,김군,20193013,강상우,감독
이타미 준의 바다,이타미 준의 바다,20324792,정다운,감독
물의 기억|위대한 비행,물의 기억,20123863,진재운,감독
아픈 만큼 사랑한다|마이엄마|방울토마토|경축! 우리사랑|사랑,아픈 만큼 사랑한다,20136995,임준현,감독
캐리tv 러브콘서트 더 무비,캐리tv 러브콘서트 더 무비,20327432,정귀호,감독
캐리tv 러브콘서트 더 무비,캐리tv 러브콘서트 더 무비,20327414,이민환,감독
"마왕의 딸 이리샤|우리별 일호와 얼룩소|날아라 펭귄|제불찰씨 이야기|B형 남자친구|귀여워|708호, 이등병의 편지|야생 동물|내일은 평범해질 거야|내 친구 고라니|무림일검의 사생활|무림일검의 사생활 + 아빠가 필요해|어느 일요일|그여자네집|아빠가 필요해|편지|티타임|어쩌면 나는 장님인지도 모른다|에코그라운드단편|9월 수요단편극장 ""전설 애니 극장""|장형윤 감독 특별 기획전 |인디애니유랑단-우리는 가족|2월 단편 상상극장 - 지금이 아니면 안돼|인디애니유랑단-동물 친구들|인디애니유랑단-너를 지켜줄게|인디애니씨앗터 3월|인디포럼2015 특별4",마왕의 딸 이리샤,10060635,장형윤,감독
시민 노무현|대관람차|꿈의 제인|마차 타고 고래고래|마이 페어 웨딩|그들이 죽었다|사랑에도 저작권이 있나요?|플랑크 상수|산타바바라|그 강아지 그 고양이|고양이 소녀|별일아니다|캠퍼스 S 커플|캣데이 애프터눈,시민 노무현,20177441,백재호,감독
뷰티플 마인드|순정만화|강을 건너는 사람들|시향의 브람스,뷰티플 마인드,20123666,손미,감독
뷰티플 마인드|더 펜션|순정만화|꽃피는 봄이 오면|봄날은 간다|8월의 크리스마스|산부인과|사랑의 技術(기술) |사랑의 기술,뷰티플 마인드,10019097,류장하,감독
메기|오늘영화|세 마리|걸스 온 탑|플라이 투 더 스카이|연애다큐|4학년 보경이|라즈 온 에어|엄마를 찾아주세요|제12회 대단한 단편영화제 감독 특별전|포커스 한국단편3|경쟁 2 - 2016 전북독립영화제|SESIFF2016 경쟁4 다른 곳으로부터|AISFF2016 국내경쟁 1|제14회 미쟝센 단편영화제 전년도 수상작2|단편 KAFA 3|어제영화-구교환&이옥섭 감독 단편 |제13회 미쟝센 단편영화제 사랑에 관한 짧은 필름3|제31회 인천시네마테크 - 빛나는 청춘|인디포럼2014 어른들 영화|섹션 3 - 2차실습작|제 7회 여성 인권영화제-그대마음과 만나 피움,메기,10056728,이옥섭,감독
버티고|러브픽션|뭘 또 그렇게까지|삼거리극장|싱글즈|유.앤.미|시선 1318,버티고,10061220,전계수,감독
1919 유관순|행동하는 양심 김대중|1919유관순-그녀들의조국,1919유관순-그녀들의조국,20318581,신상민,감독
칠곡 가시나들|미스 프레지던트|자백|쿼바디스|MB의 추억|트루맛쇼,칠곡 가시나들,20113064,김재환,감독
"극장판 반지의 비밀일기|안녕, 전우치! 도술로봇대결전",극장판 반지의 비밀일기,20228913,한승우,애니메이션팀
판소리 복서|국경의 왕|야근 대신 뜨개질|뎀프시롤: 참회록|영아|아누크의 전설|겜돌이들 단편모음|독립영화발표회(251회) - 박영석 프로그래머 추천전|제13회 미쟝센 단편영화제 희극지왕2|서울연애,판소리 복서,20174041,정혁기,감독
노무현과 바보들,노무현과 바보들,20323667,김재희,감독
우리집|우리들|찌라시: 위험한 소문|콩나물|손님|사루비아의 맛|2016 대단한단편영화제-개막식+개막작|2016 대단한단편영화제-감독 특별전: 윤가은|10월단단한영화展(윤가은 감독전)|인디스데이 6월 단편|2015 GSFF-개막식|2015 GSFF 배우 특별전: 김수안 |제14회 미쟝센 단편영화제 가(家)가-호호!1|10월 단편 상상극장-제8회 대단한 단편영화제 수상작 모음|리코더 시험+콩나물+달이 기울면|지구의 아이들 단편 3-1 |지구의 아이들 단편 3|독립영화의 재발견 32회 - 윤가은 감독 단편展|12월 단편 상상극장 - 2013 단편 명불허전,우리집,20113672,윤가은,감독
"다시, 봄|네버엔딩 스토리|오로라 공주|4인용 식탁|처용의 다도|멀미","다시, 봄",10062013,정용주,감독
썬키스 패밀리|생생활활,썬키스 패밀리,20239886,김지혜,감독
암전|스페어|도살자|좀비,암전,20112545,김진원,감독
교회오빠,교회오빠,20322109,이호경,감독
김복동,김복동,20324748,송원근,감독
0.0MHz|내 심장을 쏴라|고死 두 번째 이야기: 교생실습|미스터 주부퀴즈왕|아라한 장풍대작전|샌드위치,0.0MHz,10053709,유선동,감독
로망,로망,20316812,이창근,감독
벌새|리코더시험|귀걸이|빨간 구두 아가씨|계속되는 이상한 여행|제15회 미쟝센 단편영화제 미쟝센의 미쟝센 2|리코더 시험+콩나물+달이 기울면,벌새,20110847,김보라,감독
"어쩌다, 결혼|허삼관|롤러코스터|퍼펙트 게임|베스트셀러|애자|아버지와 마리와 나|개인용 지옥","어쩌다, 결혼",10029553,박호찬,조감독
"어쩌다, 결혼","어쩌다, 결혼",20313092,박수진,감독
"안녕, 티라노: 영원히, 함께|명탐정 코난:진홍의 연가|명탐정 코난: 순흑의 악몽|명탐정 코난 : 화염의 해바라기|명탐정 코난 : 이차원의 저격수|명탐정 코난: 11번째 스트라이커|명탐정 코난 : 침묵의 15분|진구세주전설 북두의 권 토키전","안녕, 티라노: 영원히, 함께",20113482,시즈노 코분,감독
그대 이름은 장미|은밀하게 위대하게|쌍화점|라듸오 데이즈|뚝방전설,그대 이름은 장미,20130878,조석현,감독
"크게 될 놈|고산자, 대동여지도|강철중: 공공의 적 1-1|도마뱀|실미도|공공의 적",크게 될 놈,10000873,강지은,감독
왓칭,왓칭,20302929,김성기,감독
진범|몽타주|흉터|채식주의자|사랑 따윈 필요 없어|독개구리,진범,20148215,고정욱,조감독
브링 더 소울 : 더 무비|번 더 스테이지: 더 무비,브링 더 소울 : 더 무비,20311772,박준수,감독
언더독|26년|마당을 나온 암탉|고인돌|누들누드 2|사람이되어라,언더독,10057737,이춘백,작화감독
언더독|26년|마당을 나온 암탉|사람이되어라|별별 이야기 2-여섯 빛깔 무지개|별별 이야기,언더독,20112890,오성윤,감독
자전차왕 엄복동|쓰리 썸머 나잇|누가 그녀와 잤을까?|내츄럴시티|몽정기,자전차왕 엄복동,10005243,김유성,감독
언니|히어로|더 웹툰: 예고살인|고래를 찾는 자전거|김복남 살인사건의 전말|이브의 유혹 - 엔젤|잠복근무|인형사|잠잔 날,언니,10058467,임경택,제작
비스트|방황하는 칼날|베스트셀러|용서는 없다|슈퍼맨이었던 사나이|좋지 아니한가|흡혈형사 나도열|령|청풍명월(淸風明月)|마고|물위의 하룻밤,비스트,10057331,이정호,감독
극장판 헬로카봇 : 달나라를 구해줘!|극장판 헬로카봇: 옴파로스 섬의 비밀|극장판 공룡메카드: 타이니소어의 섬|극장판 헬로카봇 : 백악기 시대|헬로 카봇,극장판 공룡메카드: 타이니소어의 섬,20306533,최신규,감독
극장판 공룡메카드: 타이니소어의 섬|부릉! 부릉! 브루미즈: 스피더의 모험 일기|뽀로로 극장판 컴퓨터 왕국 대모험|최강전사 미니특공대 : 새로운 악당의 습격|마법천자문: 대마왕의 부활을 막아라,극장판 공룡메카드: 타이니소어의 섬,20152146,유재운,애니메이션팀
두번할까요|파일 : 4022일의 사육|황구|웨딩드레스|용의주도 미스신|아라한 장풍대작전|블루|2424,두번할까요,10028999,박용집,감독
"기묘한 가족|파괴된 사나이|기다리다 미쳐|내 생애 최악의 남자|바람피기 좋은 날|도마뱀|거칠마루|제니, 주노|어린 신부|별",기묘한 가족,20111087,이민재,편집
극장판 헬로카봇 : 달나라를 구해줘!|극장판 헬로카봇: 옴파로스 섬의 비밀|극장판 헬로카봇 : 백악기 시대|헬로 카봇,극장판 헬로카봇: 옴파로스 섬의 비밀,20306433,김진철,작화감독
극장판 헬로카봇 : 달나라를 구해줘!|극장판 헬로카봇: 옴파로스 섬의 비밀|극장판 공룡메카드: 타이니소어의 섬|극장판 헬로카봇 : 백악기 시대|헬로 카봇,극장판 헬로카봇: 옴파로스 섬의 비밀,20306533,최신규,감독
기방도령|위대한 소원,기방도령,20209287,남대중,감독
어린 의뢰인|바람 바람 바람|나는 왕이로소이다|이장과 군수|여선생 VS 여제자|선생 김봉두|재밌는 영화,어린 의뢰인,10060063,장규성,감독
우상|한공주|적의 사과|아들의 것|아빠,우상,10056161,이수진,감독
뽀로로 극장판 보물섬 대모험|뽀로로 극장판 공룡섬 대모험|뽀로로 극장판 컴퓨터 왕국 대모험|뽀로로 극장판 슈퍼썰매 대모험|뽀로로의 대모험|뽀로로 극장판 눈요정 마을 대모험,뽀로로 극장판 보물섬 대모험,20167741,김현호,감독
뽀로로 극장판 보물섬 대모험|뽀로로 극장판 컴퓨터 왕국 대모험|뽀로로 극장판 슈퍼썰매 대모험,뽀로로 극장판 보물섬 대모험,20186450,윤창섭,조감독
배심원들,배심원들,20314390,홍승완,감독
레드슈즈|다이노 타임|마당을 나온 암탉|고양이: 죽음을 보는 두 개의 눈|차우|원더풀 데이즈,레드슈즈,10089591,홍성호,VFX 슈퍼바이저
극장판 헬로카봇 : 달나라를 구해줘!|극장판 헬로카봇: 옴파로스 섬의 비밀|극장판 공룡메카드: 타이니소어의 섬|극장판 헬로카봇 : 백악기 시대|헬로 카봇,극장판 헬로카봇 : 달나라를 구해줘!,20306533,최신규,감독
극장판 헬로카봇 : 달나라를 구해줘!|극장판 헬로카봇: 옴파로스 섬의 비밀|극장판 헬로카봇 : 백악기 시대|헬로 카봇,극장판 헬로카봇 : 달나라를 구해줘!,20306433,김진철,작화감독
82년생 김지영|살아남은 아이|간신|고양이 장례식|더 웹툰: 예고살인|가문의 영광5 - 가문의 귀환|내 아내의 모든 것|완득이|세상에서 가장 아름다운 이별|참을 수 없는|홍길동의 후예|키친|어떤 개인 날|원스어폰어타임|리튼|여기보다 어딘가에|슈퍼맨이었던 사나이|별빛 속으로|좋지 아니한가|전설의 고향|말아톤|인형사|플라스틱 트리|오아시스|자유연기|가정방문|다시|Gift|12월 단편 상상극장-2018 단편 명불허전,82년생 김지영,20153842,김도영,감독
악질경찰|미씽: 사라진 여자|우는 남자|집으로 가는 길|아저씨|열혈남아|귀휴,악질경찰,10057273,이정범,감독
양자물리학|두 남자,양자물리학,20244789,이성태,감독
"바이러스(가제)|미성년|암수살인|1987|남한산성|당신, 거기 있어줄래요|검은 사제들|극비수사|쎄시봉|타짜-신의 손|해무(海霧)|화이: 괴물을 삼킨 아이|남쪽으로 튀어|도둑들|도둑들 영화를 만들다|완득이|황해|전우치|거북이 달린다|추격자|즐거운 인생|타짜|천하장사 마돈나|야수|파랑주의보|내 생애 가장 아름다운 일주일|시실리 2km|범죄의 재구성|울랄라씨스터즈|베사메무쵸|어린 연인",미성년,10005276,김윤석,배우
광대들: 풍문조작단|허삼관|바람과 함께 사라지다|의형제|속눈썹|탐정 반기평 |프렌드쉽|우정|김옹의 시험,광대들: 풍문조작단,20030155,김주호,감독
롱 리브 더 킹: 목포 영웅|범죄도시|영어완전정복,롱 리브 더 킹: 목포 영웅,20135271,강윤성,감독
"나랏말싸미|그날의 분위기|사도|평양성|페스티발|부당거래|구르믈 버서난 달처럼|불신지옥|아내가 결혼했다|님은 먼 곳에|즐거운 인생|날아라 허동구|달마야, 서울 가자|황산벌|달마야 놀자|아나키스트|간첩 리철진",나랏말싸미,10067370,조철현,제작
"힘을 내요, 미스터 리|새콤달콤|럭키|남쪽으로 튀어|커플즈|야수와 미녀|올드보이|보스 상륙 작전(Boss X File)|복수는 나의 것|아무도 모른다|9시 5분","힘을 내요, 미스터 리",10054784,이계벽,감독
항거:유관순 이야기,항거:유관순 이야기,20325318,조민호,스토리보드
뺑반|차이나타운|사이코메트리|시나리오 가이드,뺑반,20183664,한준희,감독
장사리 : 잊혀진 영웅들|아이리스 2 : 더 무비|아테나: 전쟁의 여신|포화속으로,장사리 : 잊혀진 영웅들,20183245,김태훈,감독
장사리 : 잊혀진 영웅들|암수살인|희생부활자|극비수사|친구 2|미운오리새끼|통증|굿바이 보이|킹콩을 들다|눈에는 눈 이에는 이|사랑|태풍|똥개|챔피언|친구|닥터 K|억수탕(3pm Paradise)|기억을 만나다,장사리 : 잊혀진 영웅들,10001931,곽경택,감독
사자|청년경찰|코알라|조선명탐정 : 각시투구꽃의 비밀|불량남녀|악마를 보았다|굿바이 마이 스마일|안내견|제15회 미쟝센 단편영화제 비정성시2,사자,20112387,김주환,감독
퍼펙트맨,퍼펙트맨,20304812,용수,감독
"나의 특별한 형제|화장|강철대오:구국의 철가방|방가? 방가!|여자, 정혜|달마야, 서울 가자|아이언 팜|축제|장미빛 인생",나의 특별한 형제,10054185,육상효,감독
"유열의 음악앨범|침묵|남극의 여름|4등|잉투기|은교|이끼|모던보이|나의 사랑, 나의 영화|감독들, 김기영을 말하다|사랑니|해피엔드|배낭을 멘 소년 |생강|그랜드 파더|사로|미행+남극의 여름|인디포럼2014 필름1|다섯 개의 시선|인디포럼2015 특별1",유열의 음악앨범,10062256,정지우,감독
내안의 그놈|양아치 느와르|폭력의 법칙: 나쁜 피 두 번째 이야기|미쓰 와이프|나쁜 피|육혈포 강도단|펀치레이디|맨손으로 죽여라?|조폭마누라,내안의 그놈,10000970,강효진,감독
걸캅스|목숨 건 연애|장기왕 : 가락시장 레볼루션|자유의 언덕|우리 선희|누구의 딸도 아닌 해원,걸캅스,20186696,정다원,감독
변신|반드시 잡는다|브로커|기술자들|공모자들,변신,20125826,김홍선,감독
타짜: 원 아이드 잭|범죄의 여왕|굿바이 싱글|돌연변이|소셜포비아|족구왕|세이프|질식|녹색물질|고래를 본 날|인디스데이 10월 단편,타짜: 원 아이드 잭,10002458,권오광,감독
생일|시|여행자|밀양|봄|처녀네 식당,생일,20159971,이종언,감독
"사바하|시간위의 집|검은 사제들|광해, 왕이 된 남자|특수본|바다|12번째 보조사제|버스|인도에서 온 말리|오오단편극장 - 이학주 배우전|어둑시니: 두려움을 먹는 자|제14회 미쟝센 단편영화제 전년도 수상작1|1월 단편 상상극장-해피 뉴 스타|제13회 미쟝센 단편영화제 심야의 절대구타 360|제13회 미쟝센 단편영화제 절대악몽1",사바하,10060462,장재현,감독
말모이|택시운전사|번개와 춤을,말모이,20187477,엄유나,시나리오(각본)
증인|오빠생각|손님|연애의 맛|오늘의 연애|우아한 거짓말|완득이|내 사랑|청춘만화|하늘정원|연애소설,증인,10058005,이한,감독
가장 보통의 연애|화해|술술|구경|제14회 미쟝센 단편영화제 희극지왕1,가장 보통의 연애,20112006,김한결,감독
악인전|대장 김창수|조선마술사|가비|파파|오싹한 연애,악인전,20131414,이원태,감독
"봉오동 전투|제5열|살인자의 기억법 : 새로운 기억|살인자의 기억법|용의자|나의 사랑, 나의 영화|세븐 데이즈|구타유발자들|가발|적|빵과 우유|자장가",봉오동 전투,20111284,원신연,감독
나쁜 녀석들: 더 무비|살인의뢰|사랑 따윈 필요 없어,나쁜 녀석들: 더 무비,20188569,손용호,감독
돈|남자가 사랑할 때|베를린|부당거래|서울이 보이냐|더 게임|김관장 대 김관장 대 김관장,돈,20151353,박누리,조감독
"기생충|옥자|해무(海霧)|설국열차|토니 레인즈의 한국영화 25년|마더|감독들, 김기영을 말하다|괴물|남극일기|살인의 추억|이공|피도 눈물도 없이|플란다스의 개|유령|모텔 선인장|인플루엔자|싱크 & 라이즈|백색인|지리멸렬|프레임 속의 기억들|인디포럼2014 필름1|도쿄!",기생충,10031641,봉준호,감독
"엑시트|간만에 나온 종각이|명환이 셀카|베이베를 원하세요?|견제부자|감상과 이해, 청산별곡|제10회 미쟝센 단편영화제-개막식",엑시트,20111926,이상근,감독
"드림(가제)|극한직업|레슬러|바람 바람 바람|스물|오늘의 연애|타짜-신의 손|힘내세요, 병헌씨|네버엔딩 스토리|써니|과속스캔들|냄새는 난다",극한직업,20125862,이병헌,감독
