movieNm,director,sex
군함도 감독판,류승완,남자
베테랑,류승완,남자
암살,최동훈,남자
마약왕,우민호,남자
내부자들: 디 오리지널,우민호,남자
내부자들,우민호,남자
사바하,장재현,남자
검은 사제들,장재현,남자
변산,이준익,남자
박열,이준익,남자
동주,이준익,남자
사도,이준익,남자
연평해전,김학순,남자
극한직업,이병헌,남자
바람 바람 바람,이병헌,남자
스물,이병헌,남자
히말라야,이석훈,남자
조선명탐정: 흡혈괴마의 비밀,김석윤,남자
조선명탐정 : 사라진 놉의 딸,김석윤,남자
장사리 : 잊혀진 영웅들,곽경택,남자
희생부활자,곽경택,남자
극비수사,곽경택,남자
악의 연대기,백운학,남자
탐정 : 더 비기닝,김정훈,남자
더 폰,김봉주,남자
강남 1970,유하,남자
장수상회,강제규,남자
아이 캔 스피크,김현석,남자
쎄시봉,김현석,남자
오늘의 연애,박진표,남자
뺑반,한준희,남자
차이나타운,한준희,남자
허스토리,민규동,남자
간신,민규동,남자
무서운 이야기 3 : 화성에서 온 소녀,민규동,남자
마녀,박훈정,남자
브이아이피,박훈정,남자
대호,박훈정,남자
그놈이다,윤준형,남자
물괴,허종호,남자
성난 변호사,허종호,남자
나쁜 녀석들: 더 무비,손용호,남자
살인의뢰,손용호,남자
특종: 량첸살인기,노덕,여자
열정같은소리하고있네,정기훈,남자
내안의 그놈,강효진,남자
양아치 느와르,강효진,남자
폭력의 법칙: 나쁜 피 두 번째 이야기,강효진,남자
미쓰 와이프,강효진,남자
허삼관,하정우,남자
헬머니,신한솔,남자
무뢰한,오승욱,남자
나는 증인이다,안상훈,남자
순수의 시대,안상훈,남자
손님,김광태,남자
내 심장을 쏴라,문제용,남자
도리화가,이종필,남자
서부전선,천성일,남자
오피스,홍원찬,남자
독전: 익스텐디드 컷,이해영,남자
독전,이해영,남자
경성학교: 사라진 소녀들,이해영,남자
위험한 상견례 2,김진영,남자
극적인 하룻밤,하기호,남자
소수의견,김성제,남자
해어화,박흥식,남자
"협녀, 칼의 기억",박흥식,남자
게이트,신재호,남자
소셜포비아,홍석재,남자
은밀한 유혹,윤재구,남자
화장,임권택,남자
연애의 맛,김아론,남자
함정,권형진,남자
뽀로로 극장판 컴퓨터 왕국 대모험,박영균,남자
나의 절친 악당들,임상수,남자
공포체험단 곤지암편,정범식,남자
곤지암,정범식,남자
워킹걸,정범식,남자
타짜: 원 아이드 잭,권오광,남자
돌연변이,권오광,남자
다이노 타임,최윤석,남자
다이노 타임,존 카프카,남자
미안해 사랑해 고마워,전윤수,남자
석조저택 살인사건,김휘,남자
퇴마: 무녀굴,김휘,남자
쓰리 썸머 나잇,김상진,남자
비밀,박은경,여자
비밀,이동하,남자
강변호텔,홍상수,남자
풀잎들,홍상수,남자
그 후,홍상수,남자
클레어의 카메라,홍상수,남자
밤의 해변에서 혼자,홍상수,남자
당신자신과 당신의 것,홍상수,남자
지금은맞고그때는틀리다,홍상수,남자
조선마술사,김대승,남자
미니특공대X,이영준,남자
파워배틀 와치카: 와치가면의 역습,이영준,남자
부릉! 부릉! 브루미즈: 스피더의 모험 일기,이영준,남자
파워배틀 와치카 미니카 배틀리그: 불꽃의 질주,이영준,남자
최강전사 미니특공대: 영웅의 탄생,이영준,남자
최강전사 미니특공대 : 새로운 악당의 습격,이영준,남자
약장수,조치언,남자
오 마이 파파,박혁지,남자
춘희막이,박혁지,남자
"귀향, 끝나지 않은 이야기",조정래,남자
파울볼,조정래,남자
파울볼,김보경,여자
성실한 나라의 앨리스,안국진,남자
한여름의 판타지아,장건재,남자
타이밍,박대열,
타이밍,민경조,남자
검은손,박재식,남자
어떤살인,안용훈,남자
태양을 쏴라 무삭제판,김태식,남자
고녀석 맛나겠다2 : 함께라서 행복해,최경석,남자
고녀석 맛나겠다2 : 함께라서 행복해,노나카 카즈미,남자
유리정원,신수원,여자
마돈나,신수원,여자
그랜드파더,이서,남자
타투,이서,남자
제 7기사단,키리야 카즈아키,남자
돼지 같은 여자,장문일,남자
려행,임흥순,남자
위로공단,임흥순,남자
"안녕, 전우치! 도술로봇대결전",김대창,남자
기적의 피아노,임성구,남자
기적의 피아노,김은주,여자
세상끝의 사랑,김인식,남자
명량: 회오리 바다를 향하여,정세교,남자
명량: 회오리 바다를 향하여,김한민,남자
호랑이보다 무서운 겨울손님,이광국,남자
꿈보다 해몽,이광국,남자
슈퍼레이서 엔지,허선,남자
에스엠타운 더 스테이지,배성상,남자
나쁜 나라,김진열,여자
나쁜 나라,이수정,여자
나쁜 나라,정일건,남자
앨리스: 원더랜드에서 온 소년,허은희,여자
사랑이 이긴다,민병훈,남자
그라운드의 이방인,김명준,남자
광인옥한흠,김상철,남자
"제자도 - 제자,옥한흠2",김상철,남자
순교,김상철,남자
산다,박정범,남자
반짝이는 박수 소리,이길보라,여자
마이 페어 웨딩,장희선,여자
거짓말,김동명,여자
꾸루꾸루와 친구들: 무지개 나무의 비밀,문제대,남자
세계일주,이항배,남자
잡식가족의 딜레마,황윤,여자
생각보다 맑은,한지원,여자
로마서 8:37,신연식,남자
프랑스 영화처럼,신연식,남자
조류인간,신연식,남자
망원동 인공위성,김형주,남자
메기,이옥섭,여자
오늘영화,이옥섭,여자
오늘영화,구교환,남자
오늘영화,윤성호,남자
오늘영화,강경태,남자
고양이 장례식,이종훈,남자
영도,손승웅,남자
로드킬,이수성,남자
일진,이수성,남자
휴가,이수성,남자
어우동: 주인 없는 꽃,이수성,남자
재혼의 기술,조성규,남자
발광하는 현대사,조성규,남자
늦여름,조성규,남자
딥,조성규,남자
게스트하우스,조성규,남자
실종2,조성규,남자
어떻게 헤어질까,조성규,남자
두 개의 연애,조성규,남자
어떤이의 꿈,조성규,남자
플랑크 상수,조성규,남자
설해,김정권,남자
돌아온다,허철,남자
미라클 여행기,허철,남자
늙은 자전거,문희융,남자
군산: 거위를 노래하다,장률,남자
춘몽,장률,남자
필름시대사랑,장률,남자
우키시마호,김진홍,남자
위선자들: 감독판,김진홍,남자
"나의 아들, 나의 어머니",안재민,남자
아일랜드 - 시간을 훔치는 섬,박진성,남자
소성리,박배일,남자
밀양 아리랑,박배일,남자
션샤인 러브,조은성,남자
원스텝,전재홍,남자
살인재능,전재홍,남자
카운터스,이일하,남자
울보 권투부,이일하,남자
해원,구자환,남자
레드 툼,구자환,남자
막걸스,김기영,남자
시민 노무현,백재호,남자
대관람차,백재호,남자
그들이 죽었다,백재호,남자
해에게서 소년에게,안슬기,남자
나의 연기 워크샵,안선경,여자
파스카,안선경,여자
인 허 플레이스,알버트 신,남자
개: dog eat dog,황욱,남자
개: dog eat dog,박민우,남자
재꽃,박석영,남자
스틸 플라워,박석영,남자
들꽃,박석영,남자
폴라로이드,주호성,남자
노트르담 드 파리,정성복,남자
오디세오,정성복,남자
서태지밴드 콘서트투어 '콰이어트나이트',서태지,남자
코인라커,김태경,남자
설지,박진순,남자
명령불복종 교사,서동일,남자
맛있는 택배,기대호,남자
무서운 집,양병간,남자
후쿠시마의 미래,이홍기,남자
악인은 살아 있다,김회근,남자
부곡 하와이,하강훈,남자
두번할까요,박용집,남자
파일 : 4022일의 사육,박용집,남자
숲속의 부부,전규환,남자
성난 화가 - 무삭제판,전규환,남자
젊은 처제,이세종,남자
디렉터스 컷,박준범,남자
맛있는 비행,전병철,남자
색끈한 퓨전사극 심청야사,강명진,남자
불안한 외출,김철민,남자
착한 처제,강훈,남자
몽골리안 프린세스,정단우,남자
야한 누나들,최우성,남자
용주골-무삭제판,최우성,남자
자가당착: 시대정신과 현실참여,김선,남자
혜경궁 홍씨,장동홍,남자
비치하트애솔,이난,남자
포장마차-무삭제판,최율권희,남자
새폴더2,황상원,남자
다이빙벨: 진실은 침몰하지 않습니다,안해룡,남자
다이빙벨 그후,이상호,남자
김광석,이상호,남자
다이빙벨: 진실은 침몰하지 않습니다,이상호,남자
고시원,이영민,남자
미션스쿨,강의석,남자
이바라키의 여름,전성호,남자
감금의 시간 2 무삭제,김대성,남자
청춘학당2 기생난입야사,김대성,남자
덫: 치명적인 유혹,봉만대,남자
침입자,이숭환,남자
"금지된 섹스, 달콤한 복수",이숭환,남자
애인,이숭환,남자
미궁: 비밀애 무삭제 특별판,조조 히데오,남자
유부녀들(무삭제),경석호,남자
내 친구의 아내 (무삭제),탁승오,남자
나도 때론 포르노그라피의 주인공이고 싶다 : 감독판,장성수,남자
친구엄마,공자관,남자
스타박'스 다방,이상우,남자
워킹 스트리트,이상우,남자
스피드,이상우,남자
꽃보다 처녀귀신,최영민,남자
메이드 인 차이나,김동후,남자
기화,문정윤,남자
염력,연상호,남자
서울역,연상호,남자
부산행,연상호,남자
검사외전,이일형,남자
인랑,김지운,남자
밀정,김지운,남자
인천상륙작전 : 익스텐디드 에디션(확장판),이재한,남자
인천상륙작전,이재한,남자
"힘을 내요, 미스터 리",이계벽,남자
럭키,이계벽,남자
곡성,나홍진,남자
덕혜옹주,허진호,남자
마스터,조의석,남자
판도라,박정우,남자
아가씨(확장판),박찬욱,남자
형,권수경,남자
아수라,김성수,남자
범죄의 여왕,김태곤,남자
굿바이 싱글,김태곤,남자
봉이 김선달,박대민,남자
특별수사: 사형수의 편지,권종관,남자
시간이탈자,곽재용,남자
탐정: 리턴즈,이언희,여자
미씽: 사라진 여자,이언희,여자
"당신, 거기 있어줄래요",홍지영,여자
증인,이한,남자
오빠생각,이한,남자
"날, 보러와요",이철하,남자
"고산자, 대동여지도",강우석,남자
좋아해줘,박현진,여자
국가부도의 날,최국희,남자
스플릿,최국희,남자
국가대표 2,김종현,남자
목격자,조규장,남자
그날의 분위기,조규장,남자
사냥,이우철,남자
널 기다리며,모홍진,남자
가려진 시간,엄태화,남자
"로봇, 소리",이호재,남자
나를 잊지 말아요,이윤정,여자
기방도령,남대중,남자
위대한 소원,남대중,남자
혼숨,이두환,남자
극장판 안녕 자두야,손석우,남자
비밀은 없다,이경미,여자
순정,이은희,여자
어느날,이윤기,남자
남과 여,이윤기,남자
"무현, 두 도시 이야기 : 파이널 컷",전인환,남자
글로리데이,최정열,남자
대배우,석민우,남자
달빛궁궐,김현주,여자
공범자들,최승호,남자
자백,최승호,남자
극장판 꼬마버스 타요의 에이스 구출작전,류정우,남자
죽여주는 여자,이재용,남자
무서운 이야기 3 : 화성에서 온 소녀,김곡,남자
나와 봄날의 약속,백승빈,남자
무서운 이야기 3 : 화성에서 온 소녀,백승빈,남자
오목소녀,백승화,남자
걷기왕,백승화,남자
일사각오,권혁만,남자
일사각오,고문안,남자
슈퍼 프렌즈,이원재,남자
슈퍼 프렌즈,이경호,남자
다이노X 탐험대,이동희,남자
더 테이블,김종관,남자
최악의 하루+폴라로이드 작동법,김종관,남자
엽기적인 그녀 2,조근식,남자
흥부: 글로 세상을 바꾼 자,조근현,남자
번개맨,조근현,남자
올레,채두병,남자
양자물리학,이성태,남자
두 남자,이성태,남자
극장판 프랭키와 친구들: 생명의 나무,박정오,남자
그물,김기덕,남자
빅뱅 메이드,변진호,남자
순종,김동민,남자
순종,이주훈,남자
잡아야 산다,오인천,남자
우리집,윤가은,여자
우리들,윤가은,여자
목숨 건 연애,송민규,남자
범죄의 여왕,이요섭,남자
유열의 음악앨범,정지우,남자
침묵,정지우,남자
4등,정지우,남자
트릭,이창열,남자
극장판 프리파라 모두 모여라! 프리즘☆투어즈,히시다 마사카즈,남자
카이: 거울 호수의 전설,이성강,남자
연애담,이현주,여자
히야,김지연,여자
섬. 사라진 사람들,이지승,남자
커터,정희성,여자
무수단,구모,남자
브링 홈: 아버지의 땅,텐진 체탄 초클리,남자
멜리스,김용운,남자
두 번째 스물,박흥식,남자
나의 살던 고향은,류종헌,남자
극장판 프리즘스톤 올스타 셀렉션,김영범,남자
시소,고희영,여자
물숨,고희영,여자
나홀로 휴가,조재현,남자
초인,서은영,여자
양치기들,김진황,남자
설행_눈길을 걷다,김희정,여자
커튼콜,류훈,남자
그림자들의 섬,김정근,남자
할머니의 먼 집,이소현,여자
업사이드 다운,김동빈,남자
시간의 종말,김대현,남자
다방의 푸른 꿈,김대현,남자
초행,김대환,남자
철원기행,김대환,남자
레나,김도원,남자
삼례,이현정,여자
우리 연애의 이력,조성은,여자
아메리카 타운,전수일,남자
파리의 한국남자,전수일,남자
독도의 영웅들,권순도,남자
우리에게 떡볶이를 먹을 권리가 있다,최익환,남자
위켄즈,이동하,남자
드롭박스,브라이언 아이비,남자
우주의 크리스마스,김경형,남자
소꿉놀이,김수빈,여자
우리 손자 베스트,김수현,남자
한강블루스,이무영,남자
홀리워킹데이,이희원,여자
수색역,최승연,남자
작은 형,심광진,남자
돈 맛,홍수동,남자
돈 맛,백수호,남자
흔들리는 물결,김진도,남자
치킨게임,박수영,남자
딜쿠샤,이세영,남자
딜쿠샤,김태영,남자
밤치기,정가영,여자
비치온더비치,정가영,여자
너와 극장에서,정가영,여자
블랙가스펠2: 소울을 찾는 여정가운데 만난 사람들,김성권,남자
블랙가스펠2: 소울을 찾는 여정가운데 만난 사람들,이임주,여자
개인교수: 심화학습 (무삭제),정태령,남자
하숙집 2 (무삭제),정태령,남자
오늘도 평화로운,백승기,남자
"시발, 놈: 인류의 시작",백승기,남자
야근 대신 뜨개질,박소현,여자
경계,문정현,남자
경계,블라디미르 토도로비치,남자
경계,다니엘 루디 하리얀토,남자
거미의 땅,박경태,남자
거미의 땅,김동령,여자
짐작보다 따뜻하게,이상민,남자
소녀와 여자,김효정,여자
사돈의 팔촌,장현상,남자
달에 부는 바람,이승준,남자
울보,이진우,남자
왕초와 용가리,이창준,남자
혼자,박홍민,남자
눈이라도 내렸으면,장희철,남자
러브레따,서은아,여자
탐욕의 별,공귀현,남자
동거의 목적(무삭제판),조성우,남자
하프,김세연,여자
입영전야 무삭제: 여선배의 자취방 버전,유승택,남자
엘 꼰도르 빠사,송재용,남자
뜨거운 이웃 무삭제 감독판,이전,남자
맛있는 만남,이전,남자
야한밤 심야극장,이민환,남자
고백할 수 없는,최인규,남자
그빨로,권만회,남자
"연애의 발동 : 상해 여자, 부산 남자",김태균,남자
블랙스톤,노경태,남자
일어서는 인간,김미영,여자
깡치,연정모,남자
미스터 쿠퍼,오정미,여자
기억의 소리,이공희,여자
여교사,김태용,남자
사랑하기 때문에,주지홍,남자
걱정말아요,김대견,남자
걱정말아요,소준문,남자
걱정말아요,신종훈,남자
소시민,김병준,남자
문영 단편,김소연,여자
7년-그들이 없는 언론,김진혁,남자
터닝메카드W: 블랙미러의 부활,김석원,남자
터닝메카드W: 반다인의 비밀 특별판,홍헌표,남자
터닝메카드W: 블랙미러의 부활,홍헌표,남자
더 킹,한재림,남자
창궐,김성훈,남자
공조,김성훈,남자
다른 길이 있다,조창호,남자
뚜르: 내 생애 최고의 49일,전일우,남자
뚜르: 내 생애 최고의 49일,임정하,여자
뚜르: 내 생애 최고의 49일,박형준,남자
뚜르: 내 생애 최고의 49일,김양래,여자
맛있는 워킹걸,화니,
걸캅스,정다원,남자
장기왕 : 가락시장 레볼루션,정다원,남자
조작된 도시,박광현,남자
"그래, 가족",마대윤,남자
재심,김태윤,남자
레이디버그,장성,남자
루시드 드림,김준성,남자
싱글라이더,이주영,여자
눈발,조재민,남자
커피 메이트,이현하,남자
눈길,이나정,여자
해빙,이수연,여자
녹화중이야,박민국,남자
아티스트: 다시 태어나다,김경원,남자
왕을 참하라 무삭제판,김재수,남자
비정규직 특수요원,김덕수,남자
만담강호,오인용,남자
보통사람,김봉한,남자
프리즌,나현,남자
원라인,양경모,남자
콜리션,이윤호,남자
콜리션,허서형,남자
시간위의 집,임대웅,남자
"다시, 벚꽃",유해진,남자
아빠는 딸,김형협,남자
지렁이,윤학렬,남자
마리안느와 마가렛,윤세영,남자
저수지 게임,최진성,남자
더 플랜,최진성,남자
"서서평, 천천히 평온하게",홍주연,여자
"서서평, 천천히 평온하게",홍현정,여자
특별시민,박인제,남자
임금님의 사건수첩,문현성,남자
극장판 또봇: 로봇군단의 습격,고동우,남자
극장판 또봇: 로봇군단의 습격,이달,남자
슈퍼 빼꼼: 스파이 대작전,임아론,남자
보안관,김형주,남자
석조저택 살인사건,정식,남자
"컴, 투게더",신동일,남자
질투의 역사,정인봉,남자
길,정인봉,남자
불한당: 나쁜 놈들의 세상,변성현,남자
마차 타고 고래고래,안재석,남자
굿바이 마이 러브NK: 붉은 청춘,김소영,여자
고려 아리랑: 천산의 디바,김소영,여자
쇠파리,안철호,남자
노무현입니다,이창재,남자
꿈의 제인,조현훈,남자
대립군,정윤철,남자
우리들의 일기,임공삼,남자
파워배틀 와치카: 와치가면의 역습,김래경,
바람의 춤꾼,최상진,남자
드래곤빌리지<화이트니스타운을 구하라>,민경호,남자
갈까부다,고봉수,남자
다영씨,고봉수,남자
튼튼이의 모험,고봉수,남자
델타 보이즈,고봉수,남자
나는 고양이로소이다,조은성,남자
용순,신준,남자
악녀,정병길,남자
청춘 합창단 - 또 하나의 꿈,이혁종,남자
청춘 합창단 - 또 하나의 꿈,안정민,남자
중독노래방,김상찬,남자
파란나비효과,박문칠,남자
어떤 하루,정가영,여자
어떤 하루,전선호,남자
어떤 하루,최진혁,남자
직지코드,데이빗 레드먼,남자
직지코드,우광훈,남자
리얼,이사랑,남자
노후 대책 없다,이동우,남자
비스티걸스 감독판,신진우,남자
덫 무삭제판,윤여창,남자
파밍 보이즈,변시연,여자
파밍 보이즈,장세정,여자
파밍 보이즈,강호준,남자
올 리브 올리브,김태일,남자
올 리브 올리브,주로미,여자
포크레인,이주형,남자
여자들,이상덕,남자
사자,김주환,남자
청년경찰,김주환,남자
장산범,허정,남자
그럼에도 불구하고,김영조,남자
밤섬해적단 서울불바다,정윤석,남자
로마의 휴일,이덕희,남자
소나기,안재훈,남자
봉오동 전투,원신연,남자
살인자의 기억법 : 새로운 기억,원신연,남자
살인자의 기억법,원신연,남자
안녕 히어로,한영희,여자
사월의 끝,김광복,남자
구세주: 리턴즈,송창용,남자
여배우는 오늘도,문소리,여자
시인의 사랑,김양희,여자
이웃집 스타,김성욱,남자
분장,남연우,남자
땐뽀걸즈,이승문,남자
다시 태어나도 우리,전진,여자
다시 태어나도 우리,문창용,남자
넛잡 2,캘런 브런커,남자
남한산성,황동혁,남자
롱 리브 더 킹: 목포 영웅,강윤성,남자
범죄도시,강윤성,남자
착한 형수 2 무삭제,곽영근,남자
가을 우체국,임왕태,남자
악인전,이원태,남자
대장 김창수,이원태,남자
그리다,이인의,남자
그리다,박재영,남자
그리다,장호준,남자
칠곡 가시나들,김재환,남자
미스 프레지던트,김재환,남자
뷰티풀 투모로우,장재혁,남자
내 친구 정일우,김동원,남자
파도치는 땅,임태규,남자
폭력의 씨앗,임태규,남자
올드마린보이,진모영,남자
내게 남은 사랑을,진광교,남자
메소드,방은진,여자
부라더,장유정,여자
해피뻐스데이,이승원,남자
소통과 거짓말,이승원,남자
고향이 어디세요,정수웅,남자
채비,조영준,남자
미옥,이안규,남자
7호실,이용승,남자
아이엠 호프맨,나현태,남자
꾼,장창원,남자
지워야 산다,이기호,남자
국정교과서 516일 : 끝나지 않은 역사전쟁,백승우,남자
푸른노을,박규식,남자
아기와 나,손태겸,남자
역모-반란의 시대,김홍선,남자
변신,김홍선,남자
반드시 잡는다,김홍선,남자
기억의 밤,장항준,남자
프레스,최정민,남자
아들에게 가는 길,최낙권,남자
산상수훈,유영의,여자
뽀로로 극장판 보물섬 대모험,김현호,남자
뽀로로 극장판 공룡섬 대모험,김현호,남자
뽀로로 극장판 공룡섬 대모험,윤제완,남자
빈센트,박보상,남자
련희와 연희,손병조,남자
련희와 연희,최종구,남자
메리 크리스마스 미스터 모,임대형,남자
강철비,양우석,남자
신과함께-인과 연,김용화,남자
신과함께-죄와 벌,김용화,남자
1987,장준환,남자
돌아와요 부산항애(愛),박희준,남자
B급 며느리,선호빈,남자
그것만이 내 세상,최성현,남자
파란입이 달린 얼굴,김수정,여자
1급기밀,홍기선,남자
반도에 살어리랏다,이용선,남자
천화,민병국,남자
기생-꽃의 고백,홍태선,남자
기생-꽃의 고백,임혁,남자
공동정범,이혁상,남자
공동정범,김일란,여자
누에치던 방,이완민,여자
풍뎅이뎅이,이재한,남자
사랑의 선물,김규민,남자
퍼스트 스텝,김규민,남자
골든슬럼버,노동석,남자
아웃도어 비긴즈,임진승,남자
퍼즐,임진승,남자
라라,한상희,남자
당신의 부탁,이동은,남자
환절기,이동은,남자
궁합,홍창표,남자
리틀 포레스트,임순례,여자
우리는 썰매를 탄다,김경만,남자
사라진 밤,이창희,남자
예스 평창!,백철기,남자
바나나쏭의 기적,지혜원,여자
바나나쏭의 기적,송우용,남자
괴물들,김백준,남자
치즈인더트랩,김제영,남자
지금 만나러 갑니다,이장훈,남자
엄마의 공책,김성호,남자
타클라마칸,고은기,남자
운동회,김진태,남자
소공녀,전고운,여자
7년의 밤,추창민,남자
번개맨과 신비의 섬,김지열,남자
덕구,방수인,여자
아버지를 찾아서,김무은,
인어전설,오멸,남자
눈꺼풀,오멸,남자
스파키,아론 우들리,남자
스파키,애론 우들리,
머니백,허준형,여자
"그날, 바다",김지영,남자
원죄,문신구,남자
파파 오랑후탄,이성관,남자
수성못,유지영,여자
너와 극장에서,유지영,여자
무문관,박대원,남자
나를 기억해,이한욱,남자
살인소설,김진묵,남자
다시..올래,김충녕,남자
챔피언,김용완,남자
레슬러,김대웅,남자
임을 위한 행진곡,박기복,남자
마중: 커피숍 난동 수다 사건,임혜영,여자
5.18 힌츠페터 스토리,장영주,남자
버닝,이창동,남자
서산개척단,이조훈,남자
서산개척단,정승현,남자
홈,김종우,남자
데자뷰,고경민,남자
남자와 여자,주목,남자
참외향기,김우석,남자
여중생A,이경섭,남자
더 펜션,정허덕재,남자
더 펜션,윤창모,남자
더 펜션,양종현,남자
뷰티플 마인드,류장하,남자
더 펜션,류장하,남자
메멘토모리,이철민,남자
너와 극장에서,김태진,남자
안나 카레니나,신예지,여자
식구,임영훈,남자
속닥속닥,최상훈,남자
행복의 나라,정민규,남자
박화영,이환,남자
해적왕 작스톰,필립 귀엔,남자
신비아파트: 금빛 도깨비와 비밀의 동굴,김병갑,남자
극장판 헬로카봇 : 달나라를 구해줘!,최신규,남자
극장판 헬로카봇: 옴파로스 섬의 비밀,최신규,남자
극장판 공룡메카드: 타이니소어의 섬,최신규,남자
극장판 헬로카봇 : 백악기 시대,최신규,남자
극장판 헬로카봇 : 달나라를 구해줘!,김진철,남자
극장판 헬로카봇: 옴파로스 섬의 비밀,김진철,남자
극장판 헬로카봇 : 백악기 시대,김진철,남자
공작,윤종빈,남자
22,궈커,남자
오장군의 발톱,김재한,남자
너의 결혼식,이석근,남자
어른도감,김인선,여자
상류사회,변혁,남자
미친도시,장태령,남자
대관람차,이희섭,남자
살아남은 아이,신동석,남자
어둔 밤,심찬양,남자
나비잠,정재은,여자
맞짱,차룡,남자
더 블랙,이마리오,남자
봄이가도,진청하,남자
봄이가도,장준엽,남자
죄 많은 소녀,김의석,남자
협상,이종석,남자
명당,박희곤,남자
안시성,김광식,남자
나부야 나부야,최정우,남자
극장판 뽀잉: 슈퍼 변신의 비밀,정미화,여자
"춘천, 춘천",장우진,남자
원더풀 고스트,조원희,남자
암수살인,김태균,남자
뷰티풀 뱀파이어,정은경,여자
미쓰백,이지원,여자
배반의 장미,박진영,남자
동화,손일성,남자
"이,기적인 남자",김재식,남자
집의 시간들,라야,여자
"1991, 봄",권경원,남자
폴란드로 간 아이들,추상미,여자
완벽한 타인,이재규,남자
동네사람들,임진순,남자
여곡성,유영선,남자
출국,노규엽,남자
뷰티풀 데이즈,윤재호,남자
마담 B,윤재호,남자
해피 투게더,김정환,남자
브링 더 소울 : 더 무비,박준수,남자
번 더 스테이지: 더 무비,박준수,남자
하나식당,최낙희,남자
영주,차성덕,여자
성난황소,김민호,남자
리스펙트,심재희,남자
천당의 밤과 안개,정성일,남자
소녀의 세계,안정민,남자
샘,황규일,남자
런닝맨 : 풀룰루의 역습,윤준상,남자
도어락,이권,남자
리벤져,이승원,남자
번개맨의 비밀,강유선,여자
"안녕, 나의 소녀 시절이여",김한석,남자
어른이 되면,장혜영,여자
스윙키즈,강형철,남자
버블 패밀리,마민지,여자
점박이 한반도의 공룡2 : 새로운 낙원,한상호,남자
PMC: 더 벙커,김병우,남자
여수 밤바다,정형석,남자
동경,윤웅대,남자
걸작,최진욱,남자
방문객,박영철,남자
뿔을 가진 소년,김휘근,남자
나는 원래 대전에서 로맨틱 코미디를 찍으려고 했었다,배기원,남자
콩쥐별전 - 전주성의 비밀,배효상,남자
검은 여름,이원영,남자
창간호,백승환,남자
창간호,하수민,남자
창간호,정인희,여자
창간호,지일주,남자
포항,모현신,여자
사범,조동희,남자
소은이의 무릎,최헌규,남자
앨리스 죽이기,김상규,남자
귀신의 향기,이준학,남자
불빛 아래서,조이예환,남자
타인은 지옥이다,이영용,남자
계절과 계절 사이,김준식,남자
국경의 왕,임정환,남자
오늘도 위위,박범준,남자
애월,박철우,남자
예수보다 낯선,여균동,남자
히치하이크,정희재,여자
나의 노래는 멀리멀리,현진식,남자
우리 지금 만나,김서윤,여자
우리 지금 만나,강이관,남자
우리 지금 만나,부지영,여자
메이트,정대건,남자
이월,김중현,남자
밤의 문이 열린다,유은정,여자
막다른 골목의 추억,최현영,여자
내가 사는 세상,최창환,남자
얼굴들,이강현,남자
"동물, 원",왕민철,남자
뷰티풀 보이스,김선웅,남자
한강에게,박근영,남자
노리개: 그녀의 눈물,최승호,남자
한낮의 피크닉,김한라,여자
한낮의 피크닉,임오정,여자
한낮의 피크닉,강동완,남자
선희와 슬기,박영주,여자
옹알스,차인표,남자
옹알스,전혜림,여자
굿바이 썸머,박주영,남자
나만 없어 고양이,신혜진,여자
나만 없어 고양이,복운석,남자
에움길,이승현,남자
보희와 녹양,안주영,여자
아워 바디,한가람,여자
북간도의 십자가,반태경,남자
시인 할매,이종은,남자
극장판 샤이닝스타:새로운 루나퀸의 탄생!,박일호,남자
극장판 샤이닝스타:새로운 루나퀸의 탄생!,정지훈,남자
열두 번째 용의자,고명성,남자
별의 정원,원종식,남자
난폭한 기록,하원준,남자
수상한 이웃,이상훈,남자
김군,강상우,남자
이타미 준의 바다,정다운,여자
물의 기억,진재운,남자
아픈 만큼 사랑한다,임준현,남자
캐리tv 러브콘서트 더 무비,정귀호,남자
캐리tv 러브콘서트 더 무비,이민환,남자
마왕의 딸 이리샤,장형윤,남자
뷰티플 마인드,손미,여자
버티고,전계수,남자
1919유관순-그녀들의조국,신상민,여자
극장판 반지의 비밀일기,한승우,남자
판소리 복서,정혁기,남자
노무현과 바보들,김재희,남자
"다시, 봄",정용주,남자
썬키스 패밀리,김지혜,여자
암전,김진원,남자
교회오빠,이호경,남자
김복동,송원근,남자
0.0MHz,유선동,남자
로망,이창근,남자
벌새,김보라,여자
"어쩌다, 결혼",박호찬,남자
"어쩌다, 결혼",박수진,여자
"안녕, 티라노: 영원히, 함께",시즈노 코분,남자
그대 이름은 장미,조석현,남자
크게 될 놈,강지은,남자
왓칭,김성기,남자
진범,고정욱,남자
언더독,이춘백,남자
언더독,오성윤,남자
자전차왕 엄복동,김유성,남자
언니,임경택,남자
비스트,이정호,남자
극장판 공룡메카드: 타이니소어의 섬,유재운,남자
기묘한 가족,이민재,남자
어린 의뢰인,장규성,남자
우상,이수진,남자
뽀로로 극장판 보물섬 대모험,윤창섭,남자
배심원들,홍승완,남자
레드슈즈,홍성호,남자
82년생 김지영,김도영,여자
악질경찰,이정범,남자
미성년,김윤석,남자
광대들: 풍문조작단,김주호,남자
나랏말싸미,조철현,남자
장사리 : 잊혀진 영웅들,김태훈,남자
퍼펙트맨,용수,남자
나의 특별한 형제,육상효,남자
생일,이종언,여자
말모이,엄유나,여자
가장 보통의 연애,김한결,여자
돈,박누리,여자
기생충,봉준호,남자
엑시트,이상근,남자